account_id,customer_id,account_type,balance,credit_limit,currency,status,branch_code,created_date
1007927389,CIF00000001,CREDIT,11605.66,25000.00,USD,DORMANT,SGP001,2021-10-10
1010580135,CIF00000002,CREDIT,1797.20,5000.00,SGD,ACTIVE,SGP001,2021-11-09
1011373169,CIF00000003,SAVING,12789.40,,MYR,ACTIVE,KUL001,2020-10-28
1021309864,CIF00000004,CREDIT,60352898.13,100000000.00,IDR,ACTIVE,BPN003,2025-04-03
1022094095,CIF00000005,SAVING,383656153.50,,IDR,ACTIVE,DPS001,2024-02-03
1027054802,CIF00000006,SAVING,267473602.55,,IDR,ACTIVE,SBY001,2015-05-21
1029785350,CIF00000007,SAVING,197849565.54,,IDR,ACTIVE,DPS002,2016-12-30
1032805228,CIF00000008,SAVING,294925300.22,,IDR,ACTIVE,SBY001,2026-06-16
1046098329,CIF09893955,SAVING,8904.87,,SGD,ACTIVE,SGP002,2024-07-21
1049584334,CIF00000010,CREDIT,4170.47,10000.00,SGD,ACTIVE,SGP003,2024-08-05
1058584725,CIF00000011,SAVING,171566779.56,,IDR,ACTIVE,DPS001,2024-09-30
1062378477,CIF00000012,SAVING,426227112.05,,IDR,BLOCKED,SBY001,2024-12-07
1064675528,CIF00000013,SAVING,360337591.37,,IDR,ACTIVE,BPN002,2023-04-26
1066115934,CIF09180896,SAVING,289575230.59,,IDR,ACTIVE,SMG002,2023-09-22
1069963102,CIF09431262,SAVING,44517914.33,,IDR,ACTIVE,SBY002,2025-06-23
1070380156,CIF00000016,SAVING,212769497.25,,IDR,ACTIVE,SBY003,2019-08-04
1070705157,CIF00000017,SAVING,343968533.92,,IDR,ACTIVE,TNG003,2020-06-25
1076910790,CIF00000018,SAVING,319899590.07,,IDR,ACTIVE,SBY003,2026-04-30
1086794859,CIF00000019,SAVING,176733319.69,,IDR,ACTIVE,YOG003,2021-12-19
1089693380,CIF00000020,SAVING,75877876.14,,IDR,ACTIVE,JKT003,2019-12-07
1090452798,CIF00000021,SAVING,3874681.03,,IDR,CLOSED,YOG002,2026-08-17
1101759920,CIF00000022,CREDIT,10671657.73,15000000.00,IDR,ACTIVE,DPS003,2019-10-31
1118569300,CIF00000023,CREDIT,4630703.06,5000.00,SGD,CLOSED,SGP003,2025-12-06
1119991837,CIF00000024,CREDIT,1166959.61,5000000.00,IDR,ACTIVE,SBY002,2025-05-19
1122337494,CIF00000025,CREDIT,27784638.55,50000000.00,IDR,ACTIVE,SBY001,2022-05-25
1125818196,CIF00000026,SAVING,236224220.94,,IDR,ACTIVE,JKT001,2018-05-26
1127106419,CIF00000027,CREDIT,0.00,15000000.00,IDR,CLOSED,DPS003,2026-04-19
1128561423,CIF00000028,CREDIT,40618863.46,50000000.00,IDR,ACTIVE,YOG003,2024-09-22
1132610710,CIF00000029,SAVING,373988572.60,,IDR,ACTIVE,BPN001,2018-07-24
1132872984,CIF00000030,SAVING,18210.79,,SGD,ACTIVE,SGP003,2022-06-18
1142499797,CIF00000031,SAVING,272211544.33,,IDR,ACTIVE,BDG003,2024-09-07
1147316619,CIF00000032,SAVING,304563442.37,,IDR,ACTIVE,PLM001,2015-09-04
1160219908,CIF00000033,SAVING,337154144.89,,IDR,ACTIVE,JKT003,2024-12-15
1165839355,CIF00000034,SAVING,436076066.00,,IDR,ACTIVE,BPN002,2018-07-19
1170916622,CIF00000035,CREDIT,0.00,5000.00,MYR,CLOSED,KUL002,2025-10-07
1176630373,CIF00000036,SAVING,49521.68,,SGD,ACTIVE,SGP002,2026-05-31
1184979166,CIF00000037,CREDIT,38438.89,50000.00,USD,ACTIVE,YOG003,2025-05-16
1186863011,CIF00000038,SAVING,318095745.26,,IDR,ACTIVE,SBY002,2026-09-04
1189633337,CIF00000039,SAVING,240609009.85,,IDR,ACTIVE,MKS002,2021-07-21
1200887292,CIF00000040,SAVING,0.00,,IDR,CLOSED,PLM002,2023-10-14
1207290655,CIF00000041,SAVING,259821166.75,,IDR,ACTIVE,DPS001,2020-02-26
1209877664,CIF00000042,SAVING,437816188.89,,IDR,ACTIVE,TNG002,2026-06-17
1213718175,CIF00000043,SAVING,57032815.18,,IDR,ACTIVE,SMG003,2026-07-25
1214900737,CIF00000044,SAVING,36815.31,,MYR,ACTIVE,KUL003,2022-11-01
1218642278,CIF00000045,SAVING,30509149.04,,IDR,ACTIVE,SBY001,2023-12-16
1219586433,CIF00000046,SAVING,370603555.63,,IDR,ACTIVE,YOG001,2021-03-22
1222500539,CIF00000047,CREDIT,1677.81,10000.00,USD,ACTIVE,JKT003,2026-08-02
1225952696,CIF00000048,SAVING,134716972.31,,IDR,ACTIVE,SBY002,2025-11-28
1231892873,CIF00000049,SAVING,5739137.28,,IDR,ACTIVE,MKS001,2021-02-26
1236939382,CIF00000050,SAVING,90805435.57,,IDR,ACTIVE,JKT002,2021-12-11
1258435230,CIF00000051,CREDIT,37094561.80,100000000.00,EUR,ACTIVE,SBY001,2026-04-28
1259804844,CIF00000052,CREDIT,3084.48,5000.00,USD,ACTIVE,JKT002,2017-03-02
1270435069,CIF00000053,SAVING,75912210.53,,IDR,ACTIVE,BDG001,2023-09-23
1273704070,CIF00000054,SAVING,231382859.03,,IDR,ACTIVE,SBY003,2020-11-20
1278807895,CIF00000055,SAVING,18882568.24,,IDR,ACTIVE,MKS001,2022-11-02
1281946947,CIF00000056,SAVING,402373862.71,,IDR,ACTIVE,JKT001,2025-02-04
1295695537,CIF00000057,CREDIT,23163578.31,100000000.00,IDR,ACTIVE,MKS003,2026-08-13
1309216855,CIF00000058,CREDIT,26904572.77,100000000.00,IDR,ACTIVE,DPS001,2015-02-28
1313172303,CIF00000059,SAVING,270185233.71,,IDR,ACTIVE,PLM003,2018-09-22
1317596021,CIF00000060,CREDIT,5271.14,10000.00,USD,ACTIVE,PLM001,2026-05-30
1319172780,CIF00000061,SAVING,242884772.67,,IDR,ACTIVE,SBY003,2017-04-16
1324730373,CIF00000062,SAVING,366973886.22,,IDR,ACTIVE,JKT003,2022-06-23
1330112469,CIF00000063,SAVING,383218625.92,,IDR,ACTIVE,BDG003,2023-08-17
1331130802,CIF00000064,SAVING,36317.42,,USD,DORMANT,MKS003,2025-10-16
1333169609,CIF00000065,SAVING,134498924.48,,IDR,ACTIVE,BDG003,2026-08-28
1336341873,CIF00000066,SAVING,32710884.67,,IDR,ACTIVE,MDN001,2025-09-19
1338785373,CIF00000067,SAVING,165729766.28,,IDR,ACTIVE,SBY003,2026-01-09
1342604632,CIF00000068,SAVING,42801959.32,,IDR,ACTIVE,DPS001,2020-01-19
1345554745,CIF00000069,SAVING,296192540.29,,IDR,ACTIVE,BPN002,2024-06-13
1350742195,CIF00000070,SAVING,4157.30,,SGD,ACTIVE,SGP001,2022-01-26
1351065312,CIF00000071,SAVING,0.00,,MYR,CLOSED,KUL001,2026-09-04
1354794115,CIF00000072,SAVING,490040896.87,,IDR,ACTIVE,DPS001,2024-05-07
1363748316,CIF00000073,SAVING,24616262.24,,IDR,ACTIVE,SBY003,2020-10-26
1368352696,CIF00000074,SAVING,404636345.17,,IDR,DORMANT,BPN001,2023-03-27
1368372754,CIF00000075,SAVING,11539.96,,USD,ACTIVE,MDN001,2024-09-16
1371781496,CIF00000076,SAVING,71261136.79,,IDR,ACTIVE,BDG001,2026-07-28
1372471481,CIF00000077,SAVING,271263707.31,,IDR,ACTIVE,JKT003,2023-12-09
1386679385,CIF00000078,SAVING,445498308.17,,IDR,ACTIVE,PLM002,2020-08-02
1396376923,CIF00000079,SAVING,188056650.39,,IDR,ACTIVE,BDG003,2024-10-16
1416918231,CIF00000080,SAVING,451626448.50,,IDR,ACTIVE,TNG003,2025-10-01
1421631453,CIF00000081,SAVING,79664123.57,,IDR,ACTIVE,PLM003,2023-03-20
1423994791,CIF09354964,CREDIT,3208651.46,15000000.00,IDR,ACTIVE,BDG002,2020-07-24
1433537608,CIF00000083,SAVING,351175914.47,,IDR,ACTIVE,MKS002,2025-02-12
1436966416,CIF00000084,SAVING,439717670.96,,IDR,ACTIVE,PLM001,2025-04-19
1443324999,CIF00000085,SAVING,340233772.76,10000000.00,IDR,DORMANT,BDG001,2019-09-02
1450426209,CIF00000086,SAVING,3061.98,,USD,ACTIVE,KUL002,2020-05-16
1453071630,CIF00000087,SAVING,16020.63,,SGD,suspended,SGP003,2022-02-24
1460227942,CIF00000088,SAVING,256433934.28,,IDR,ACTIVE,JKT003,2026-09-22
1463494341,CIF00000089,CREDIT,8933431.70,,IDR,ACTIVE,TNG002,2023-02-23
1468823943,CIF00000090, CREDIT,10508221.49,15000000.00,IDR,ACTIVE,MKS002,2022-01-23
1478032816,CIF00000091,SAVING,271839724.82,,IDR,ACTIVE,DPS001,2026-01-15
1480375835,CIF00000092,SAVING,0.00,,SGD,CLOSED,SGP002,2013-09-12
1484974494,CIF00000093,SAVING,179691462.98,,IDR,ACTIVE,TNG003,2025/02/26
1497183928,CIF00000094,SAVING,288365113.37,,IDR,ACTIVE,BPN001,2016-01-06
1504494154,CIF00000095,SAVING,201450322.29,,IDR,ACTIVE,MKS001,2024-06-07
1505390560,CIF00000096,SAVING,36783.55,,USD,ACTIVE,BDG003,2018-09-13
1514499528,CIF00000097,SAVING,57724952.50,, IDR,ACTIVE,MKS001,2014-07-10
1517155784,CIF00000098,SAVING,370826120.87,,IDR,ACTIVE,SMG002,2026-07-14
1532969806,CIF00000099,SAVING,492329778.64,,IDR,ACTIVE,BDG002,2026-02-27
1540188527,CIF00000100,SAVING,168373443.93,,IDR,ACTIVE,BDG002,2024-08-17
1545707193,CIF09095396,CREDIT,4046.94,5000.00,USD,DORMANT,DPS001,2023-04-04
1547047269,CIF00000102,SAVING,36869.28,,MYR,ACTIVE,KUL001,2020-03-13
1556046270,CIF00000103,CREDIT,1920941.09,5000000.00,IDR,ACTIVE,JKT002,2023-10-04
1556435448,CIF00000104,CREDIT,1331894.08,25000000.00,IDR,DORMANT,TNG003,2026-01-25
1562504441,CIF00000105,SAVING,412854494.39,,IDR,,BDG003,2022-01-12
1562924698,CIF00000106,CREDIT,4977639.79,10000000.00,IDR,ACTIVE,TNG002,2026-06-20
1563566814,CIF00000107,CREDIT,2831.63,,SGD,ACTIVE,SGP002,2026-05-04
1564441654,CIF00000108,SAVING,32000.28,,USD,ACTIVE,SGP001,2015-10-14
1569298145,CIF00000109,SAVING,232282572.61,,IDR,ACTIVE,YOG002,2022-05-11
1571550365,CIF00000110,SAVING,0.00,,IDR,CLOSED,SBY003,2019-08-20
1580890384,CIF00000111,SAVING,459672593.73,,IDR,ACTIVE,BDG002,2022-04-13
1581078150,CIF00000112,CREDIT,8632403.99,25000000.00,IDR,ACTIVE,BDG003,2014-05-17
1594089708,CIF00000113,CREDIT,9999999999.00,50000000.00,IDR,ACTIVE,TNG001,2023-05-28
1599552676,CIF00000114,SAVING,468109367.89,,IDR,ACTIVE,BPN001,2024-01-18
1602007751,CIF00000115,saving,29453.44,,USD,ACTIVE,SBY002,2023-11-30
1602710899,CIF00000116,CREDIT,6160357.08,50000000.00,IDR,ACTIVE,SBY002,2022-11-19
1606936097,CIF00000117,SAVING,22817.85,,MYR,DORMANT,KUL003,2026-03-18
1613832286,CIF00000118,CREDIT,2712889.55,5000000.00,IDR,ACTIVE,BDG001,2012-01-16
1615319099,CIF00000119,SAVING,363273742.05,,IDR,ACTIVE,YOG003,2018-08-29
1618015874,CIF00000120,SAVING,19103.74,,USD,ACTIVE,KUL002,2026-03-11
1619716801,CIF00000121,SAVING,23079.67,,MYR,ACTIVE,KUL003,2023-02-10
1621343184,CIF00000122,SAVING,77668077.94,,IDR,ACTIVE,MKS001,2025-08-05
1627791806,CIF00000123,SAVING,124712779.19,,IDR,DORMANT,MDN003,2024-01-15
1635909452,CIF00000124,SAVING,2737.60,,USD,ACTIVE,BDG002,2010-09-07
1639437593,CIF00000125,SAVING,30058.29,,MYR,ACTIVE,KUL001,2020-12-23
1641679339,CIF00000126,SAVING,280685544.08,,IDR,ACTIVE,MDN001,2019-06-09
1644593650,CIF00000127,SAVING,34793.43,,USD,ACTIVE,BDG003,2019-03-15
1647846660,CIF00000128,SAVING,33302.62,,USD,BLOCKED,BDG001,2023-01-18
1657386511,CIF00000129,SAVING,439341899.58,,IDR,ACTIVE,BDG001,2025-08-03
1663368387,CIF00000130,CREDIT,812446.91,10000000.00,IDR,ACTIVE,YOG003,2022-12-26
1665989739,CIF00000131,SAVING,521636.38,,SGD,CLOSED,SGP003,2024-03-05
1667788692,CIF00000132,SAVING,11942.46,,SGD,ACTIVE,SGP001,2025-10-02
1668213180,CIF00000133,SAVING,464223566.43,10000000.00,IDR,ACTIVE,BDG002,2024-03-29
1680574083,CIF00000134,SAVING,113132242.75,,IDR,ACTIVE,MDN003,2024-08-01
1691201264,CIF00000135,CREDIT,12697482.78,15000000.00,IDR,ACTIVE,BDG002,2020-11-29
1693072058,CIF00000136,SAVING,156.45,,SGD,ACTIVE,SGP003,2011-12-03
1694059223,CIF00000137,SAVING,108295361.43,,IDR,DORMANT,SBY002,2025-04-24
1697043879,CIF00000138,SAVING,399028764.34,,IDR,ACTIVE,SMG002,2026-01-01
1698756372,CIF00000139,CREDIT,25004317.85,,IDR,ACTIVE,SBY003,2025-05-29
1700184143,CIF00000140,CREDIT,7047571.82,50000000.00,IDR,ACTIVE,JKT001,2019-09-05
1701890749,CIF00000141,CREDIT,10123389.48,100000000.00,IDR,ACTIVE,BDG003,2016-02-21
1707916405,CIF00000142,CREDIT,80361.53,100000.00,MYR,ACTIVE,KUL001,2015-06-07
1715753845,CIF00000143,CREDIT,0.00,5000.00,USD,CLOSED,BDG002,2024-10-12
1735506136,CIF00000144,CREDIT,7740841.56,10000000.00,IDR,ACTIVE,BDG001,2025-03-12
1737983450,CIF00000145,SAVING,38032.32,20000000.00,SGD,DORMANT,SGP002,2016-06-16
1741640652,CIF00000146,SAVING,305527815.83,,IDR,ACTIVE,YOG003,2026-08-04
1745077587,CIF00000147,CREDIT,94285356.91,100000000.00,IDR,ACTIVE,TNG002,2026-04-03
1750197251,CIF00000148,CREDIT,75205070.95,100000000.00,IDR,ACTIVE,SBY001,2020-01-20
1752089704,CIF00000149,CREDIT,9184.26,10000.00,SGD,ACTIVE,SGP003,2026-09-20
1754183616,CIF00000150,SAVING,37186.82,,MYR,ACTIVE,KUL002,2022-12-11
1754582205,CIF00000151,SAVING,477574967.09,,IDR,ACTIVE,PLM003,2020-12-09
1758768571,CIF00000152,CREDIT,65115326.82,100000000.00,IDR,ACTIVE,BDG002,2020-07-08
1760777388,CIF00000153,CREDIT,12481026.35,25000000.00,IDR,ACTIVE,PLM003,2015-02-16
1779551036,CIF00000154,CREDIT,40719695.76,100000000.00,IDR,ACTIVE,BPN003,2026-09-03
1790196926,CIF00000155,SAVING,600.19,,USD,ACTIVE,MDN001,2023-09-22
1790680954,CIF00000156,SAVING,412283243.22,,IDR,ACTIVE,BPN001,2011-04-22
1800600695,CIF00000157,CREDIT,9625.94,10000.00,USD,DORMANT,JKT001,2013-04-06
1805542750,CIF00000158,SAVING,29352532.77,,IDR,ACTIVE,BDG001,2008-12-26
1820404944,CIF00000159,TABUNGAN,713583.79,5000000.00,IDR,ACTIVE,BDG002,2011-08-09
1824669504,CIF00000160,CREDIT,1350180.05,5000000.00,IDR,ACTIVE,DPS002,2017-03-17
1829756811,CIF00000161,CREDIT,45438206.99,100000000.00,IDR,ACTIVE,YOG001,2026-02-21
1840152888,CIF00000162,SAVING,8706.45,,SGD,ACTIVE,SGP001,2015-04-26
1842631494,CIF00000163,CREDIT,2339052.09,5000000.00,IDR,ACTIVE,JKT002,2018-05-08
1843629773,CIF00000164,CREDIT,783250.74,10000000.00,IDR,ACTIVE,TNG002,2024-05-30
1856057453,CIF00000165,SAVING,20678930.23,,IDR,ACTIVE,JKT001,2025-01-09
1865367404,CIF00000166,CREDIT,1182736.19,10000000.00,idr,ACTIVE,MDN001,2021-01-13
1868087788,CIF00000167,SAVING,0.00,,IDR,CLOSED,SBY001,2016-01-31
1875140256,CIF00000168,SAVING,301135759.29,,IDR,ACTIVE,BDG001,2021-05-05
1875881464,CIF00000169,SAVING,40613.79,,SGD,ACTIVE,SGP001,2023-05-19
1876968545,CIF00000170,CREDIT,91808809.55,,IDR,ACTIVE,BDG003,2026-03-08
1880951109,CIF00000171,SAVING,24499.05,,USD,ACTIVE,SMG001,2024-11-25
1882614626,CIF00000172,SAVING,39078.80,,SGD,ACTIVE,SGP001,2025-05-02
1900761826,CIF00000173,SAVING,129168233.58,,IDR,DORMANT,JKT003,2019-08-05
1914918677,CIF00000174,SAVING,452540453.69,,IDR,ACTIVE,SBY003,2018-12-26
1917844090,CIF00000175,SAVING,0.00,,IDR,CLOSED,BPN002,2020-08-30
1920817912,CIF00000176,SAVING,44372.91,,MYR,ACTIVE,PEN002,2021-06-16
1921287775,CIF00000177,CREDIT,98748273.86,100000000.00,IDR,ACTIVE,PLM003,2015-01-27
1937432792,CIF00000178,SAVING,356427392.12,,IDR,ACTIVE,BDG002,2022-07-15
1938471056,CIF00000179,CREDIT,1699081.34,50000000.00,IDR,ACTIVE,JKT002,2025-09-30
1938623998,CIF00000180,SAVING,280051727.10,,IDR,ACTIVE,SBY001,2026-01-23
1943397675,CIF00000181,SAVING,483190047.97,,IDR,ACTIVE,SBY001,2026-09-12
1966166880,CIF00000182,CREDIT,3584.24,25000.00,MYR,ACTIVE,PEN003,2024-08-18
1966513846,CIF00000183,SAVING,41970.45,,SGD,ACTIVE,SGP002,2026-01-25
1985473833,CIF00000184,SAVING,7254970.62,,IDR,DORMANT,YOG002,2026-07-07
2015642085,CIF00000185,SAVING,11344.77,,SGD,ACTIVE,SGP001,2024-07-19
2017752239,CIF00000186,CREDIT,0.00,25000.00,MYR,CLOSED,KUL002,2025-02-15
2029933233,CIF00000187,CREDIT,1703699.69,100000000.00,IDR,ACTIVE,SBY001,2026-02-19
2039643300,CIF00000188,CREDIT,1843.74,5000.00,SGD,ACTIVE,SGP003,2020-12-16
2041701879,CIF00000189,CREDIT,0.00,50000000.00,IDR,CLOSED,SMG001,2018-07-04
2046869230,CIF00000190,SAVING,466811856.80,,IDR,ACTIVE,DPS002,2025-01-03
2051317071,CIF00000191,SAVING,34681203.98,,IDR,ACTIVE,YOG001,2024-12-08
2053140489,CIF00000192,SAVING,349144656.67,,IDR,ACTIVE,BDG001,2019-09-28
2058918703,CIF00000193,CREDIT,1882881.36,10000000.00,IDR,ACTIVE,SBY003,2023-09-06
2061386812,CIF00000194,SAVING,1698.73,,USD,ACTIVE,JKT002,2022-06-01
2062818941,CIF00000195,SAVING,192926409.31,,IDR,ACTIVE,BDG003,2020-09-02
2063808208,CIF00000196,SAVING,45287.38,,USD,ACTIVE,BPN003,2026-07-08
2066472802,CIF00000197,SAVING,89873464.96,,IDR,ACTIVE,JKT003,2026-05-19
2068075066,CIF00000198,CREDIT,3052477.32,5000000.00,IDR,ACTIVE,BDG001,2024-07-16
2077038503,CIF00000199,SAVING,5709.00,,SGD,ACTIVE,SGP003,2026-04-13
2077093251,CIF00000200,SAVING,164822465.02,,IDR,ACTIVE,SBY003,2025-11-27
2080524837,CIF00000201,CREDIT,9999999999.00,25000000.00,IDR,ACTIVE,JKT001,2024-12-19
2095141769,CIF00000202,SAVING,480315924.85,,IDR,ACTIVE,SBY001,2026-09-04
2098637416,CIF00000203,SAVING,150813868.58,,IDR,ACTIVE,JKT002,2013-05-27
2102302338,CIF00000204,SAVING,33841.83,,USD,ACTIVE,MDN003,2021-04-27
2107933148,CIF00000205,SAVING,97393530.81,,IDR,ACTIVE,MDN001,2014-01-03
2109392019,CIF00000206,SAVING,97454510.47,,IDR,ACTIVE,PLM002,2025-10-07
2110969874,CIF00000207,CREDIT,95726354.60,100000000.00,IDR,ACTIVE,BDG003,2023-11-09
2113196752,CIF00000208,CREDIT,13365402.23,100000000.00,IDR,ACTIVE,PLM002,2023-08-22
2116127061,CIF00000209,CREDIT,1644015.87,5000000.00,IDR,ACTIVE,DPS001,2022-09-11
2118554331,CIF00000210,CREDIT,4711.01,5000.00,SGD,ACTIVE,SGP003,2025-11-03
2132221635,CIF00000211,SAVING,461388594.19,,IDR,DORMANT,TNG001,2019-09-04
2143714058,CIF00000212,SAVING,474398583.06,,IDR,ACTIVE,TNG003,2022-09-28
2144675003,CIF00000213,CREDIT,2257076.89,10000000.00,IDR,ACTIVE,SMG003,2015-07-05
2145564307,CIF00000214,SAVING,96787829.53,,IDR,ACTIVE,MKS002,2025-06-14
2148678715,CIF00000215,SAVING,221190003.77,,IDR,DORMANT,BPN003,2024-12-13
2156378268,CIF00000216,SAVING,439612110.05,,IDR,ACTIVE,MDN003,2023-05-22
2157271629,CIF00000217,SAVING,0.00,5000000.00,IDR,CLOSED,BDG002,2016-09-21
2160002948,CIF00000218,CREDIT,10452699.87,25000000.00,IDR,ACTIVE,JKT002,2024-07-20
2162140321,CIF00000219,SAVING,402163488.46,,IDR,ACTIVE,JKT002,2017-05-02
2163732300,CIF00000220,SAVING,403411145.10,,IDR,ACTIVE,YOG003,2012-09-21
2174997328,CIF00000221,SAVING,443847141.29,,RM,ACTIVE,JKT002,2023-06-24
2181735208,CIF00000222,SAVING,5948.20,,SGD,ACTIVE,SGP002,2025-04-28
2185952123,CIF00000223,CREDIT,1726.16,5000.00,USD,ACTIVE,SGP001,2022-04-23
2186281384,CIF00000224,SAVING,331868415.70,,IDR,ACTIVE,MDN002,2024-04-28
2189322907,CIF00000225,SAVING,233416102.34,,IDR,BLOCKED,SBY003,2016-07-10
2191822840,CIF00000226,SAVING,179085041.98,,IDR,ACTIVE,SBY001,2026-03-28
2193919148,CIF00000227,SAVING,10775095.50,,IDR,ACTIVE,TNG003,2024-08-08
2195413916,CIF00000228,CREDIT,2072101.53,5000000.00,IDR,ACTIVE,SMG001,2022-05-11
2205544298,CIF00000229,CREDIT,1079983.00,15000000.00,IDR,ACTIVE,SMG002,2026-08-01
2215417320,CIF00000230,SAVING,491641184.47,,IDR,ACTIVE,BPN002,2025-05-27
2219730194,CIF00000231,CREDIT,4573750.79,10000000.00,IDR,ACTIVE,MDN001,2018-10-10
2228447052,CIF00000232,SAVING,305768645.71,,IDR,BLOCKED,BDG001,2026-07-16
2230693007,CIF00000233,SAVING,2429125.58,,IDR,CLOSED,PLM002,2020-03-29
2231966647,CIF00000234,CREDIT,2615.52,5000.00,MYR,ACTIVE,KUL003,2014-04-15
2234563688,CIF00000235,SAVING,0.00,,IDR,CLOSED,MKS002,2011-08-30
2237662712,CIF00000236,CREDIT,8892216.09,15000000.00,IDR,ACTIVE,YOG001,2023-08-19
2241940526,CIF00000237,CREDIT,85426002.97,100000000.00,IDR,ACTIVE,SMG002,2025-03-14
2247377519,CIF00000238,SAVING,139802408.48,,IDR,ACTIVE,PLM002,2020-09-26
2250207375,CIF00000239,SAVING,267093164.65,,IDR,ACTIVE,BDG002,2022-07-03
2263160441,CIF00000240,SAVING,28581.72,,MYR,BLOCKED,KUL001,2021-12-13
2265821566,CIF00000241,CREDIT,14788.86,15000.00,USD,ACTIVE,SGP002,2025-01-20
2267761187,CIF00000242,SAVING,9999999999.00,,IDR,DORMANT,PLM001,2017-04-11
2271059149,CIF00000243,SAVING,0.00,,MYR,CLOSED,KUL003,2025-10-27
2271103142,CIF00000244,SAVING,429919601.45,,IDR,ACTIVE,PLM002,2024-02-30
2278121585,CIF00000245,SAVING,347304712.46,,IDR,ACTIVE,DPS002,2026-07-03
2285750960,CIF00000246,CREDIT  ,5471021.90,15000000.00,RM,ACTIVE,JKT001,2021-02-23
2302183870,CIF00000247,CREDIT,7494.40,10000.00,USD,ACTIVE,JKT003,2020-10-16
2310938294,CIF00000248,SAVING,301652301.90,,IDR,ACTIVE,BDG003,2020-02-05
2324299751,CIF00000249,SAVING,160472509.47,,IDR,ACTIVE,JKT003,2017-01-13
2324609477,CIF00000250,CREDIT,37480277.47,50000000.00,IDR,ACTIVE,BDG002,2023-05-11
2326514219,CIF00000251,SAVING,94466955.36,,IDR,ACTIVE,BDG002,2026-08-06
2338670410,CIF00000252,SAVING,11063.33,,MYR,ACTIVE,KUL002,2017-06-15
2341384674,CIF00000253,SAVING,471990417.55,,IDR,ACTIVE,TNG003,2026-05-24
2346459362,CIF00000254,CREDIT,1371197.44,5000000.00,IDR,ACTIVE,BDG001,2026-05-30
2356769828,CIF00000255,SAVING,8992.07,,SGD,ACTIVE,SGP002,07/02/2026
2370296428,CIF00000256,CREDIT,5922261.25,50000000.00,IDR,ACTIVE,BDG002,2026-02-07
2378727451,CIF00000257,SAVING,347421102.06,,IDR,ACTIVE,SMG003,2023-10-31
2381426367,CIF00000258,SAVING,413320624.84,,IDR,ACTIVE,JKT002,2008-06-28
2383656252,CIF00000259,CREDIT,3421.57,10000.00,SGD,BLOCKED,SGP003,2023-01-20
2411866496,CIF00000260,CREDIT,14736.99,50000.00,USD,ACTIVE,BDG002,2024-04-02
2427350002,CIF00000261,SAVING,400562976.23,,IDR,ACTIVE,BDG002,20241109
2439611155,CIF00000262,SAVING,29111.89,,MYR,ACTIVE,KUL001,2021-08-27
2441033245,CIF00000263,SAVING,29338270.14,,IDR,actv,BPN002,2013-12-02
2447025048,CIF00000264,SAVING,302945611.17,,IDR,ACTIVE,MDN001,2016-07-15
2448591149,CIF00000265,CREDIT,46018839.57,100000000.00,IDR,ACTIVE,BDG001,2022-12-15
2448954134,CIF00000266,SAVING,396166289.84,,IDR,ACTIVE,BDG002,2012-11-15
2457441436,CIF00000267,SAVING,2980116.72,,IDR,ACTIVE,SMG002,2025-04-06
2459290518,CIF00000268,SAVING,414809674.77,,IDR,ACTIVE,MDN002,2026-09-07
2460441439,CIF00000269,SAVING,3004.46,,SGD,ACTIVE,SGP002,2017-09-05
2463930510,CIF00000270,SAVING,2099.56,,USD,ACTIVE,SMG001,2019-06-23
2470394752,CIF00000271,SAVING,176277007.48,,IDR,ACTIVE,SBY003,2025-04-30
2483701645,CIF00000272,SAVING,0.00,,IDR,CLOSED,SBY001,2026-04-08
2495642713,CIF00000273,CREDIT,3907010.81,100000000.00,IDR,ACTIVE,BDG002,2025-12-19
2504848037,CIF00000274,SAVING,285858280.15,,IDR,ACTIVE,TNG002,2021-01-09
2509460536,CIF00000275,saving,26438.96,,MYR,ACTIVE,KUL001,2019-11-17
2510400005,CIF00000276,SAVING,187373868.68,,IDR,DORMANT,SMG002,2026-09-18
2510928443,CIF00000277,CREDIT,0.00,10000000.00,IDR,CLOSED,BPN003,2026-02-23
2518803933,CIF00000278,SAVING,375715012.84,,IDR,ACTIVE,BDG003,2017-03-25
2519479289,CIF00000279,SAVING,450417049.22,,IDR,ACTIVE,MKS001,2026-07-15
2520256149,CIF00000280,SAVING,21645158.11,,IDR,ACTIVE,JKT002,2021-01-03
2520285608,CIF00000281,SAVING,367430377.53,,IDR,ACTIVE,BDG002,2021-12-01
2534806773,CIF00000282,SAVING,46594661.99,,IDR,ACTIVE,JKT001,2026-04-25
2545817208,CIF00000283,SAVING,31324.03,,MYR,DORMANT,KUL002,2021-08-07
2551192817,CIF00000284,SAVING,47169.29,,USD,ACTIVE,BDG003,2023-03-02
2554543974,CIF00000285,SAVING,263958804.21,,IDR,ACTIVE,JKT002,2009-04-28
2561230359,CIF00000286,SAVING,30719322.57,,IDR,ACTIVE,JKT001,2014-07-29
2562733035,CIF00000287,CREDIT,99510147.57,100000000.00,IDR,ACTIVE,BDG002,2013-08-28
2567636867,CIF00000288,SAVING,40218.33,,SGD,ACTIVE,SGP003,2021-03-22
2569453448,CIF00000289,CREDIT,19189344.46,50000000.00,IDR,ACTIVE,SMG001,2011-04-17
2573557628,CIF00000290,SAVING,187221693.02,20000000.00,IDR,DORMANT,BPN001,2019-04-22
2576729532,CIF00000291,SAVING,284075592.59,,IDR,ACTIVE,BDG003,2019-05-15
2585580022,CIF00000292,CREDIT,8183157.69,50000000.00,IDR,ACTIVE,JKT001,2025-05-19
2604706250,CIF00000293,SAVING,193852944.04,,IDR,ACTIVE,MKS001,2025-05-25
2616164196,CIF00000294,SAVING,45613.08,,MYR,ACTIVE,KUL001,2020-11-04
2617923501,CIF00000295,SAVING,51171526.50,,IDR,ACTIVE,JKT002,2021-02-07
2624058081,CIF00000296,CREDIT,800.38,5000.00,EUR,,JHB003,2020-08-21
2634516628,CIF00000297,SAVING,73871461.85,,IDR,ACTIVE,BDG001,2026-05-19
2650165689,CIF00000298,CREDIT,7061.56,10000.00,SGD,ACTIVE,SGP001,2026-02-08
2650244175,CIF00000299,SAVING,420113322.25,,IDR,DORMANT,BDG001,2023-10-03
2651598419,CIF00000300,SAVING,351378177.62,,IDR,ACTIVE,BDG002,2020-04-08
2653916901,CIF00000301,SAVING,19697.76,,USD,BLOCKED,MKS002,2026-07-22
2661405066,CIF00000302,CREDIT,7507513.47,10000000.00,IDR,,SBY002,20250525
2663184234,CIF00000303,SAVING,99307212.97,,IDR,DORMANT,JKT001,2025-05-16
2672061409,CIF00000304,SAVING,241694439.44,,IDR,ACTIVE,YOG002,2022-02-17
2677899865,CIF00000305,CREDIT,900545.25,15000000.00,IDR,ACTIVE,SMG002,2024-12-12
2680215426,CIF00000306,SAVING,45610.49,,SGD,ACTIVE,SGP003,2025-06-08
2685079040,CIF00000307,SAVING,441900844.24,,IDR,ACTIVE,JKT001,2025-02-18
2688504525,CIF00000308,SAVING,16650890.27,,IDR,ACTIVE,DPS001,2025-12-26
2692834918,CIF00000309,SAVING,74851942.62,,IDR,ACTIVE,BDG001,2025-10-04
2698726330,CIF00000310,CREDIT,88302207.75,100000000.00,IDR,ACTIVE,YOG003,2025-08-25
2699671087,CIF00000311,SAVING,10473906.81,,IDR,DORMANT,BDG001,2024-10-04
2710253738,CIF00000312,CREDIT,4450905.01,5000000.00,,BLOCKED,SBY002,2024-08-19
2721515720,CIF00000313,SAVING,31531.33,,MYR,BLOCKED,KUL002,2026-08-17
2731979215,CIF00000314,CREDIT,3923728.95,50000000.00,IDR,ACTIVE,YOG003,2024-09-02
2738829594,CIF00000315,SAVING,399975623.34,,IDR,ACTIVE,BDG003,2025-08-28
2752037886,CIF00000316,CREDIT,1265427.23,50000000.00,IDR,ACTIVE,BDG003,2020-11-21
2754969682,CIF00000317,SAVING,106399848.79,,IDR,ACTIVE,BDG003,2023-02-22
2755551683,CIF00000318,SAVING,420856801.45,,IDR,ACTIVE,DPS003,2016-03-17
2755801523,CIF00000319,SAVING,7558.58,,USD,ACTIVE,SGP003,2025-10-29
2756455429,CIF00000320,CREDIT,97292.55,100000.00,SGD,ACTIVE,SGP002,2024-08-07
2759929548,CIF00000321,SAVING,491324962.10,,IDR,ACTIVE,TNG001,2016-07-03
2760772718,CIF00000322,CREDIT,1846695.42,5000000.00,IDR,ACTIVE,JKT003,2025-10-08
2767640482,CIF00000323,SAVING,0.00,,IDR,CLOSED,MDN002,2024-09-23
2767887929,CIF00000324,SAVING,18713.33,,USD,ACTIVE,JKT003,2022-12-25
2775732994,CIF00000325,SAVING,217855665.76,,IDR,ACTIVE,BPN001,2020-03-23
2779777430,CIF00000326,SAVING,14628.94,,SGD,ACTIVE,SGP001,2025-06-20
2783525712,CIF09433038,CREDIT,4222.35,5000.00,USD,ACTIVE,PLM003,2023-11-04
2784483899,CIF00000328,SAVING,192694526.87,,IDR,DORMANT,TNG001,2025-11-11
2792621762,CIF00000329,SAVING,409071719.77,,IDR,ACTIVE,MDN002,2026-08-05
2801367071,CIF00000330,SAVING,70554312.54,,IDR,DORMANT,JKT001,2026-09-03
2805945127,CIF00000331,SAVING,0.00,,IDR,CLOSED,BDG002,2017-03-12
2810128668,CIF00000332,SAVING,129926665.11,,IDR,ACTIVE,JKT003,2016-05-10
2820694585,CIF00000333,SAVING,9999999999.00,,SGD,BLOCKED,SGP001,2019-09-25
2822589006,CIF00000334,Saving,218760112.71,,IDR,ACTIVE,BDG002,2021-12-03
2827337900,CIF00000335,SAVING,292349642.65,,IDR,ACTIVE,BDG002,2026-04-17
2838420987,CIF00000336,CREDIT,7785724.28,10000000.00,IDR,ACTIVE,SBY001,2021-01-24
2843976352,CIF00000337,CREDIT,9273315.24,,IDR,BLOCKED,SBY002,2019-02-25
2846381824,CIF00000338,CREDIT,0.00,25000000.00,IDR,CLOSED,MDN002,2023-08-11
2848015438,CIF00000339,SAVING,37964.35,,SGD,ACTIVE,SGP001,2025-04-20
2848700709,CIF00000340,SAVING,181467555.12,,IDR,DORMANT,BDG001,2024-11-02
2869925637,CIF00000341,SAVING,52107356.67,,IDR,ACTIVE,SBY002,2019-02-15
2874371741,CIF00000342,CREDIT,7894112.60,10000000.00,IDR,ACTIVE,JKT001,2025-04-28
2874850755,CIF00000343,SAVING,288688956.75,,IDR,ACTIVE,SMG003,2026-07-12
2880253750,CIF00000344,SAVING,67933411.33,,IDR,ACTIVE,SMG001,2022-08-24
2881791308,CIF00000345,CREDIT,0.00,100000000.00,IDR,CLOSED,MDN003,2026-08-11
2882118853,CIF00000346,SAVING,332898141.41,,IDR,ACTIVE,JKT003,2017-05-30
2885794415,CIF00000347,CREDIT,10873971.26,100000000.00,IDR,,MKS003,2026-06-04
2887092826,CIF00000348,SAVING,466148149.35,,IDR,ACTIVE,JKT002,2026-02-16
2893571386,CIF00000349,SAVING,117614552.67,,IDR,ACTIVE,TNG002,2026-09-23
2903520321,CIF00000350,SAVING,130179175.08,,,ACTIVE,BDG001,2024-04-07
2905446761,CIF00000351,CREDIT,14069098.51,25000000.00,IDR,ACTIVE,SBY003,2025-06-13
2908058189,CIF00000352,SAVING,255969474.69,,IDR,ACTIVE,YOG003,2014-01-26
2923273341,CIF00000353,CREDIT,10620317.02,15000000.00,IDR,DORMANT,SBY002,2026-02-21
2932697781,CIF00000354,SAVING,33147218.35,,IDR,ACTIVE,MDN003,2022-01-01
2940229208,CIF00000355,SAVING,346739861.29,,IDR,ACTIVE,BDG002,2017-02-22
2940713428,CIF00000356,SAVING,138425513.47,,IDR,ACTIVE,JKT002,2020-03-29
2942496042,CIF00000357,CREDIT,1935351.36,5000000.00,IDR,ACTIVE,JKT002,2022-07-20
2951436479,CIF00000358,SAVING,821529.01,,IDR,ACTIVE,MDN003,2020-10-26
2953257162,CIF00000359,SAVING,304385309.49,,IDR,ACTIVE,SMG002,2021-04-18
2953512409,CIF00000360,CREDIT,9999999999.00,50000000.00,IDR,ACTIVE,SBY001,2021-02-18
2953787807,CIF09746257,SAVING,0.00,,IDR,CLOSED,JKT002,2013-08-21
2958156956,CIF00000362,SAVING,19059.62,,USD,ACTIVE,SBY001,2026-05-09
2959822755,CIF00000363,SAVING,51461782.98,,IDR,ACTIVE,BDG002,2024-11-12
2963449937,CIF00000364,CREDIT,1425.37,25000.00,MYR,ACTIVE,KUL003,2023-04-11
2966022559,CIF00000365,SAVING,451413525.07,,IDR,ACTIVE,DPS003,2015-03-09
2975603160,CIF00000366,SAVING,457089703.49,,IDR,ACTIVE,SBY001,2026-02-26
2981714883,CIF00000367,SAVING,62777561.34,,IDR,ACTIVE,DPS002,2024-05-15
2986152288,CIF00000368,CREDIT,8272265.75,15000000.00,IDR,ACTIVE,SMG001,2024-11-05
2990351059,CIF00000369,SAVING,65081030.46,,IDR,ACTIVE,TNG003,2026-03-20
2993974085,CIF00000370,CREDIT,4749438.13,15000000.00,IDR,DORMANT,BDG002,2026-07-04
3001000189,CIF00000371,CREDIT,9517348.29,10000000.00,IDR,ACTIVE,YOG003,2026-03-05
3002612052,CIF00000372,CREDIT,74737549.16,100000000.00,IDR,DORMANT,JKT002,2018-07-06
3007736470,CIF00000373,SAVING,107647675.06,,IDR,DORMANT,BDG001,2025-01-20
3021718245,CIF00000374,SAVING,293284886.51,,IDR,ACTIVE,BDG001,2021-01-07
3026713425,CIF00000375,SAVING,19136.89,,USD,ACTIVE,PLM003,20260331
3029405075,CIF00000376,SAVING,13330.82,,MYR,BLOCKED,PEN002,2015-06-16
3031370667,CIF00000377,SAVING,335520977.85,,IDR,ACTIVE,SBY003,2026-05-22
3034149240,CIF00000378,SAVING,311827253.74,,IDR,ACTIVE,BDG002,2025-11-12
3043581788,CIF00000379,SAVING,141504552.31,,IDR,ACTIVE,BDG003,2025-03-29
3048351878,CIF00000380,SAVING,0.00,,IDR,CLOSED,JKT003,2020-03-09
3054924467,CIF00000381,saving,442249340.16,,IDR,ACTIVE,SBY002,2026-02-03
3060560564,CIF00000382,SAVING,13642486.02,,IDR,DORMANT,JKT003,2025-05-12
3064367909,CIF00000383,SAVING,136638020.95,,IDR,ACTIVE,DPS001,2018-12-16
3068579960,CIF09555335,SAVING,6422.56,,USD,ACTIVE,JHB001,2026-01-02
3068785875,CIF00000385,SAVING,238858808.00,,IDR,ACTIVE,JKT003,2026-02-14
3071245539,CIF00000386,SAVING,25976.16,,USD,ACTIVE,BDG003,2022-02-11
3072818276,CIF00000387,SAVING,41440.00,,MYR,ACTIVE,KUL001,2024-08-22
3073693368,CIF00000388,SAVING,60927623.98,,IDR,ACTIVE,PLM003,2024-07-09
3076637884,CIF00000389,SAVING,44771699.38,,IDR,ACTIVE,MDN002,2020-07-30
3076765879,CIF00000390,SAVING,395803100.96,,IDR,ACTIVE,JKT003,2021-03-20
3077924220,CIF00000391,SAVING,0.00,,IDR,CLOSED,DPS001,2016-10-23
3088107204,CIF00000392,SAVING,6927.69,20000000.00,SGD,ACTIVE,SGP002,2026-05-08
3090199143,CIF00000393,SAVING,131373583.24,,IDR,DORMANT,SBY002,2024-05-17
3099013023,CIF00000394,SAVING,320382471.07,,IDR,ACTIVE,BPN001,2022-11-16
3104158547,CIF00000395,SAVING,37893.50,,MYR,DORMANT,KUL001,2023-06-13
3107022963,CIF00000396,CREDIT,636706.64,5000000.00,IDR,ACTIVE,DPS003,2026-02-27
3107149638,CIF00000397,SAVING,19555.98,,USD,ACTIVE,BDG002,2026-04-23
3107316845,CIF00000398,CREDIT,0.00,5000000.00,IDR,CLOSED,BDG003,2021-08-31
3108020420,CIF00000399,SAVING,169046518.30,,IDR,ACTIVE,MDN003,2017-06-04
3113086931,CIF00000400,CREDIT,45591143.58,100000000.00,IDR,ACTIVE,SBY002,2026-06-11
3124535353,CIF00000401,CREDIT,16765919.75,25000000.00,IDR,ACTIVE,TNG003,2022-10-14
3125894147,CIF00000402,SAVING,320445742.20,,IDR,ACTIVE,SBY001,2025-11-21
3139584528,CIF00000403,Saving,361463876.26,,IDR,ACTIVE,SBY002,2019-08-16
3160016975,CIF00000404,CREDIT,26389663.81,50000000.00,IDR,ACTIVE,TNG002,2025-04-26
3178259878,CIF00000405,SAVING,129682408.83,,IDR,ACTIVE,JKT001,2019-09-08
3178438022,CIF00000406,SAVING,332033757.10,,IDR,ACTIVE,TNG002,15/02/2025
3184494429,CIF00000407,SAVING,363432179.26,,IDR, ACTIVE,SBY003,2026-03-16
3187950995,CIF00000408,SAVING,34435.95,5000000.00,SGD,ACTIVE,SGP001,2024-08-17
3189903710,CIF00000409,SAVING,1355.68,,MYR,DORMANT,KUL002,2021-02-06
3193701806,CIF00000410,SAVING,75542868.93,,IDR,BLOCKED,BPN003,2019-12-09
3202407262,CIF00000411,CREDIT,1499931.67,25000000.00,IDR,ACTIVE,MDN003,2019-11-01
3205991790,CIF00000412, SAVING,469211592.97,,IDR,DORMANT,BDG002,2025-06-16
3217218576,CIF00000413,SAVING,76840301.44,,IDR,ACTIVE,BDG001,2013-07-28
3235507451,CIF00000414,SAVING,32204.32,,SGD,ACTIVE,SGP002,2013-06-20
3237433873,CIF00000415,CREDIT,8894445.29,10000000.00,IDR,BLOCKED,PLM003,2024-12-29
3237884006,CIF00000416,SAVING,304919937.96,,IDR,ACTIVE,JKT002,2024-10-18
3237922108,CIF00000417,CREDIT,1908157.37,5000000.00,IDR,ACTIVE,BDG002,2018-02-28
3246658111,CIF00000418,CREDIT,27193806.89,100000000.00,IDR,ACTIVE,JKT003,2021-03-06
3249843267,CIF00000419,CREDIT,3066291.50,25000000.00,IDR,ACTIVE,BPN001,2021-06-11
3255635098,CIF00000420,SAVING,200238587.29,,IDR,ACTIVE,BPN002,2026-07-05
3266759194,CIF00000421,SAVING,25759.74,,SGD,ACTIVE,SGP003,2021-12-01
3267252378,CIF00000422,SAVING,41891564.25,,IDR,DORMANT,JKT002,2024-10-18
3276324765,CIF00000423,SAVING,46910605.74,,IDR,ACTIVE,BDG002,2026-08-13
3276516284,CIF00000424,SAVING,314202123.92,,IDR,ACTIVE,TNG003,2024-09-23
3277936030,CIF00000425,SAVING,112844262.28,,IDR,ACTIVE,BDG002,2021-05-26
3279055622,CIF00000426,SAVING,29478.36,,MYR,ACTIVE,PEN003,2020-05-26
3285185995,CIF00000427,SAVING,0.00,,MYR,CLOSED,KUL003,2026-03-29
3291439187,CIF00000428,SAVING,222972354.38,,IDR,ACTIVE,DPS001,2014-04-16
3291994299,CIF00000429,CREDIT,27500069.62,100000000.00,IDR,ACTIVE,JKT002,2022-01-31
3308564697,CIF00000430,SAVING,404545160.38,,IDR,ACTIVE,BDG001,2021-12-20
3308882751,CIF00000431,SAVING,487186008.91,,IDR,ACTIVE,BPN003,2023-03-15
3310086312,CIF00000432,CREDIT,86881.79,10000000.00,IDR,ACTIVE,MKS001,2026-06-17
3310253511,CIF00000433,SAVING,180110935.21,,IDR,ACTIVE,JKT003,2025-06-14
3315459851,CIF00000434,SAVING,125037169.45,,IDR,DORMANT,BDG001,2025-10-28
3327188667,CIF00000435,SAVING,464066998.67,,IDR,DORMANT,BDG003,2026-06-24
3330217804,CIF00000436,SAVING,398360158.30,,IDR,ACTIVE,MDN001,2025-07-09
3335654361,CIF00000437,SAVING,238869913.49,,IDR,ACTIVE,YOG002,2026-06-03
3335744356,CIF00000438,CREDIT,0.00,15000000.00,IDR,CLOSED,JKT003,2014-06-14
3336772868,CIF00000439,SAVING,473720304.67,,IDR,ACTIVE,PLM003,2024-04-02
3336822934,CIF00000440,SAVING,3930562.04,,IDR,ACTIVE,YOG003,2019-10-07
3347159320,CIF00000441,SAVING,15103.35,,MYR,ACTIVE,PEN001,2025-05-30
3347517548,CIF00000442,SAVING,325428362.76,,IDR,DORMANT,JKT001,2022-06-02
3361045294,CIF00000443,SAVING,45772.05,,USD,ACTIVE,TNG001,2024-09-03
3365725010,CIF00000444,SAVING,406736024.71,,IDR,DORMANT,MKS002,2022-01-08
3366936306,CIF09001691,SAVING,254848521.36,,IDR,ACTIVE,JKT001,2025-03-31
3367799682,CIF00000446,SAVING,10722.57,,SGD,ACTIVE,SGP001,2021-05-31
3374767531,CIF00000447,SAVING,237349775.69,,IDR,DORMANT,TNG001,2025-05-02
3383192158,CIF00000448,CREDIT,12485660.35,15000000.00,IDR,ACTIVE,SBY003,2025-07-28
3383649905,CIF00000449,SAVING,274376787.13,,IDR,ACTIVE,PLM003,2023-02-14
3391671264,CIF00000450,SAVING,229767608.78,,IDR,ACTIVE,SBY001,2026-01-15
3399216614,CIF00000451,SAVING,249535738.73,,IDR,ACTIVE,JKT001,2026-03-19
3407961472,CIF00000452,SAVING,204259504.88,,IDR,ACTIVE,MKS003,2025-02-12
3425696760,CIF00000453,SAVING,24429.13,,SGD,ACTIVE,SGP002,2025-09-28
3438534521,CIF00000454,SAVING,109548760.55,,IDR,ACTIVE,TNG003,2014-08-19
3440746520,CIF09226261,SAVING,0.00,,SGD,CLOSED,SGP001,2026-08-01
3447948664,CIF00000456,CREDIT,3087466.94,25000000.00,IDR,ACTIVE,DPS003,2021-09-22
3456610899,CIF00000457,SAVING,371302148.63,,IDR,ACTIVE,YOG001,2025-03-27
3458639524,CIF00000458,SAVING,276470617.66,,IDR,ACTIVE,BDG001,2019-01-15
3466853742,CIF00000459,SAVING,122222496.34,,IDR,ACTIVE,BPN001,2026-02-14
3469070479,CIF00000460,SAVING,7281.17,,SGD,ACTIVE,SGP003,2024-02-02
3471478658,CIF00000461,SAVING,140540186.71,,IDR,ACTIVE,JKT003,2025-08-29
3476988408,CIF00000462,CREDIT,608993.12,15000000.00,IDR,ACTIVE,MDN001,2015-08-13
3477040463,CIF00000463,SAVING,296948297.01,,IDR,DORMANT,JKT001,2016-03-09
3479090341,CIF00000464,SAVING,35352.38,,USD,ACTIVE,SGP002,2024-02-16
3481022167,CIF00000465,CREDIT,7678177.38,50000000.00,IDR,DORMANT,SBY003,2025-08-18
3488562598,CIF00000466,SAVING,38789.75,,SGD,ACTIVE,SGP002,2008-02-11
3494535715,CIF00000467,CREDIT,38544800.49,50000000.00,IDR,DORMANT,BDG002,2022-03-17
3496117635,CIF00000468,CREDIT,3992158.81,5000000.00,IDR,ACTIVE,MDN002,2024-10-16
3497667113,CIF00000469,SAVING,49845.97,,USD,ACTIVE,MDN003,2020-03-05
3502076937,CIF00000470,CREDIT,12784.35,15000.00,MYR,ACTIVE,PEN001,2025-11-23
3505601941,CIF00000471,CREDIT,23696608.49,25000000.00,IDR,ACTIVE,BDG003,2019-08-20
3505624277,CIF00000472,SAVING,68550936.71,,IDR,ACTIVE,JKT001,2025-11-27
3508188087,CIF00000473,SAVING,109266455.31,,,ACTIVE,SBY002,2024-06-09
3523281822,CIF00000474,SAVING,131595786.27,,IDR,ACTIVE,MKS002,2026-05-03
3523628615,CIF00000475,SAVING,1523.42,,USD,ACTIVE,SGP003,2021-10-01
3528006827,CIF00000476,CREDIT,4218519.31,5000000.00,idr,ACTIVE,PLM003,2025-05-21
3530673239,CIF00000477,SAVING,311588374.97,,IDR,ACTIVE,DPS003,2026-05-19
3542441312,CIF00000478,CREDIT,22718.29,25000.00,USD,BLOCKED,BDG002,2023-11-05
3545996736,CIF00000479,SAVING,47297265.44,,IDR,ACTIVE,BDG003,2025-04-06
3550036723,CIF00000480,SAVING,103856587.41,,IDR,ACTIVE,MDN003,2023-05-12
3552406186,CIF00000481,SAVING,99410390.88,,IDR,ACTIVE,TNG003,2023-07-26
3567866736,CIF00000482,SAVING,21539.89,,USD,ACTIVE,SGP002,2021-07-07
3568723090,CIF00000483,SAVING  ,244672298.16,,IDR,ACTIVE,JKT003,2024-09-24
3574859338,CIF00000484,SAVING,409991781.93,,IDR,ACTIVE,JKT002,2021-06-09
3578372247,CIF00000485,SAVING,178912195.00,,IDR,ACTIVE,MDN002,2018-10-06
3579035375,CIF00000486,SAVING,29807.16,,USD,DORMANT,MKS002,2025-01-06
3579472523,CIF00000487,SAVING,48678.72,,USD,ACTIVE,SBY003,2025-10-31
3581182127,CIF00000488,CREDIT,29530177.58,50000000.00,IDR,ACTIVE,BPN003,2013-11-06
3584640227,CIF00000489,CREDIT,0.00,,IDR,CLOSED,JKT001,2015-07-05
3591710155,CIF00000490,CREDIT,47882275.48,50000000.00,IDR,ACTIVE,BDG002,2021-07-24
3599413122,CIF00000491,SAVING,303286278.56,,IDR,BLOCKED,SMG002,2024-07-20
3609347097,CIF00000492,SAVING,0.00,,USD,CLOSED,PEN003,2024-11-01
3613607587,CIF00000493,CREDIT,13241893.03,15000000.00,IDR,ACTIVE,BPN001,2023-12-08
3622535049,CIF00000494,SAVING,468602920.06,,IDR,ACTIVE,SBY002,2025-09-12
3626500857,CIF00000495,SAVING,47425312.47,,IDR,ACTIVE,TNG003,2026-03-22
3626892207,CIF00000496,SAVING,212825652.75,,IDR,ACTIVE,MDN002,2023-10-02
3627644490,CIF00000497,CREDIT,23760199.95,25000000.00,IDR,ACTIVE,BDG001,2025-07-13
3634345258,CIF00000498,SAVING,491004824.29,,IDR,ACTIVE,SBY001,2026-02-02
3635204708,CIF00000499,SAVING,146047188.51,,IDR,ACTIVE,MDN001,2026-07-08
3659040452,CIF00000500,SAVING,13125.77,,USD,ACTIVE,MDN001,2025-11-01
3660848893,CIF00000501,SAVING,212756972.64,,IDR,DORMANT,MKS003,2011-10-09
3661423898,CIF00000502,SAVING,131835203.52,,IDR,,DPS002,2021-05-06
3673326430,CIF00000503,CREDIT,21570.26,25000.00,MYR,ACTIVE,KUL001,2024-06-15
3673500083,CIF00000504,SAVING,16218.01,,SGD,ACTIVE,SGP003,2025-03-09
3674069170,CIF00000505,SAVING,253623097.56,,IDR,ACTIVE,BDG002,2025-07-09
3679008373,CIF00000506,SAVING,368101284.37,,IDR,ACTIVE,SMG001,2024-09-13
3680422540,CIF00000507,SAVING,27505.39,,USD,DORMANT,BDG003,2026-02-13
3682374959,CIF00000508,SAVING,43963.36,,USD,ACTIVE,PLM003,2010-03-17
3682864776,CIF00000509,CREDIT,1945748.56,25000000.00,IDR,ACTIVE,MDN001,2026-08-19
3687082828,CIF00000510,SAVING,283062235.27,,IDR,ACTIVE,SBY002,2025-09-28
3689275827,CIF00000511,SAVING,428010619.14,,IDR,ACTIVE,BDG001,2024-07-18
3699154629,CIF00000512,CREDIT,8093.65,15000.00,MYR,ACTIVE,KUL002,2023-08-11
3699236193,CIF00000513,SAVING,0.00,,IDR,CLOSED,BDG001,2026-09-10
3700162411,CIF00000514,CREDIT,1598881.59,15000000.00,IDR,ACTIVE,TNG002,2016-04-03
3716035906,CIF00000515,SAVING,278993345.69,,IDR,ACTIVE,JKT003,2021-08-25
3716120606,CIF00000516,CREDIT,4268122.63,15000000.00,IDR,DORMANT,SBY002,2019-06-16
3716666468,CIF00000517,SAVING,476382025.61,,IDR,ACTIVE,BDG003,2025-10-04
3725503167,CIF00000518,SAVING,389347082.39,,IDR,ACTIVE,BPN002,2022-11-22
3726946995,CIF00000519,SAVING,335479485.99,,IDR,ACTIVE,JKT002,2025-11-16
3735221787,CIF00000520,SAVING,10274.91,,MYR,ACTIVE,PEN001,2026-09-12
3750259047,CIF00000521,CREDIT,8084026.18,25000000.00,IDR,ACTIVE,BDG002,2026-09-26
3753935279,CIF00000522,SAVING,231713096.38,,IDR,ACTIVE,BDG003,2022-11-04
3759060750,CIF00000523,SAVING,30546.61,,Sgd,ACTIVE,SGP001,2023-02-13
3766976108,CIF00000524,CREDIT,13597146.97,25000000.00,IDR,ACTIVE,TNG001,2024-11-06
3770532563,CIF00000525,SAVING,166607142.75,,IDR,ACTIVE,JKT002,2023-04-17
3771444884,CIF00000526,SAVING,171361658.87,,IDR,ACTIVE,BDG001,2023-08-05
3772244929,CIF00000527,CREDIT,14667204.81,50000000.00,IDR,DORMANT,SBY001,2026-02-09
3782830204,CIF00000528,SAVING,661178.60,,MYR,CLOSED,KUL001,2018-10-30
3783216751,CIF00000529,CREDIT,32742.55,50000.00,USD,ACTIVE,BPN001,2026-04-24
3790070902,CIF00000530,SAVING,241789772.38,,IDR,ACTIVE,JKT003,2023-01-09
3797587711,CIF00000531,SAVING,159154514.45,,IDR,ACTIVE,SMG002,2017-05-31
3805734522,CIF00000532,SAVING,229339396.41,,IDR,ACTIVE,BDG001,2022-12-20
3807177324,CIF00000533,SAVING,495422647.39,,IDR,ACTIVE,DPS003,2024-05-19
3834409942,CIF00000534,CREDIT,42790597.76,50000000.00,IDR,ACTIVE,SBY003,2018-08-02
3837860097,CIF00000535,CREDIT,92095277.76,100000000.00,IDR,ACTIVE,JKT001,2025-12-05
3841767984,CIF00000536,SAVING,9999999999.00,,IDR,ACTIVE,DPS002,2026-06-07
3846996344,CIF00000537,SAVING,8358009.40,,IDR,ACTIVE,BDG002,2022-05-26
3851873212,CIF00000538,CREDIT,2692707.77,5000000.00,IDR,ACTIVE,JKT002,2021-10-20
3856539446,CIF00000539,CREDIT,0.00,15000.00,MYR,CLOSED,PEN001,2018-10-31
3861646594,CIF00000540,SAVING,372520354.60,,Idr,DORMANT,PLM001,2016-06-04
3866075127,CIF00000541,SAVING,226519444.58,,IDR,ACTIVE,DPS001,2015-02-27
3866277086,CIF00000542,SAVING,246339006.41,,IDR,ACTIVE,SMG001,2024-03-16
3872443072,CIF00000543,SAVING,433436614.46,,IDR,BLOCKED,TNG002,2025-12-24
3879198595,CIF00000544,CREDIT,23094642.58,50000000.00,IDR,ACTIVE,SMG003,2016-10-23
3933706089,CIF00000545,SAVING,29640063.97,,IDR,ACTIVE,BDG003,2026-09-02
3934952819,CIF00000546,SAVING,222473667.91,,IDR,BLOCKED,BDG002,2018-01-01
3945528952,CIF00000547,SAVING,284185031.12,,IDR,ACTIVE,YOG002,2026-06-08
3946515614,CIF00000548,SAVING,45041.17,,USD,ACTIVE,JKT002,2026-05-06
3947404871,CIF00000549,SAVING,25277376.10,,IDR,ACTIVE,DPS003,2024-03-14
3957234066,CIF00000550,SAVING,234383369.45,,IDR,DORMANT,PLM003,2023-09-05
3971166649,CIF00000551,SAVING,181409659.41,,IDR,ACTIVE,SBY002,2026-08-03
3972525603,CIF00000552,SAVING,488222515.86,,IDR,ACTIVE,SMG003,2025-01-01
3974340657,CIF00000553,SAVING,325452247.57,,IDR,ACTIVE,JKT001,2015-12-29
3976550015,CIF00000554,SAVING,47016.51,,USD,ACTIVE,SBY003,2025-12-19
3987342949,CIF00000555,CREDIT,3974309.15,15000000.00,,ACTIVE,BDG001,2021-06-15
3989677580,CIF00000556,CREDIT,23607797.01,50000000.00,IDR,ACTIVE,PLM002,2025-12-17
3991812723,CIF00000557,SAVING,378645921.52,,IDR,ACTIVE,DPS001,2025-10-25
3992412334,CIF00000558,CREDIT,7340883.77,10000000.00,IDR,ACTIVE,SMG001,2026-01-07
3995448497,CIF09910659,SAVING,76317081.87,,IDR,ACTIVE,JKT003,2019-07-25
3995776437,CIF00000560,CREDIT,52395795.01,100000000.00,IDR,ACTIVE,SBY002,2019-10-13
3997831727,CIF00000561,SAVING,231810167.25,,IDR,ACTIVE,BDG002,2026-04-05
3998999052,CIF00000562,SAVING,473546056.73,,IDR,DORMANT,YOG003,2018-04-16
4000718529,CIF00000563,SAVING,0.00,,IDR,CLOSED,BDG002,2026-01-26
4005995920,CIF00000564,CREDIT,0.00,25000000.00,IDR,CLOSED,YOG002,2022-09-29
4006208881,CIF00000565,SAVING,312810415.58,,IDR,ACTIVE,BDG002,2015-11-28
4006846193,CIF00000566,CREDIT,4014292.74,5000000.00,IDR,ACTIVE,JKT001,2026-03-26
4012175515,CIF00000567,SAVING,384463883.50,,IDR,ACTIVE,DPS003,2024-09-11
4012816132,CIF00000568,SAVING,19393.70,,USD,ACTIVE,DPS003,2025-06-29
4028136512,CIF00000569,SAVING,106871500.15,,IDR,ACTIVE,JKT001,2020-08-29
4028880742,CIF00000570,SAVING,442768753.12,,IDR,ACTIVE,SMG003,2017-05-24
4034592707,CIF00000571,CREDIT,4881202.95,5000000.00,IDR,ACTIVE,SBY003,2021-07-21
4036526980,CIF00000572,SAVING,23893.48,,USD,ACTIVE,BDG002,2020-04-20
4039742547,CIF00000573,SAVING,452657533.61,,IDR,DORMANT,PLM002,2026-04-15
4044337723,CIF00000574,SAVING,118085267.93,,IDR,ACTIVE,BDG001,2024-11-16
4055253708,CIF00000575,SAVING,73916229.82,,IDR,ACTIVE,SBY001,2026-08-29
4060585085,CIF00000576,CREDIT,756656.17,10000000.00,IDR,ACTIVE,SBY002,2021-02-18
4067784722,CIF00000577,CREDIT,53862968.47,100000000.00, IDR,ACTIVE,PLM003,2022-02-25
4075239846,CIF00000578,SAVING,25960.71,,MYR,ACTIVE,JHB002,2022-03-01
4078909410,CIF00000579,SAVING,468907654.60,,IDR,ACTIVE,MKS002,2025-10-31
4082982224,CIF00000580,SAVING,194861588.09,,IDR,ACTIVE,SBY003,2026-04-16
4085271187,CIF00000581,SAVING,494545916.78,,IDR,ACTIVE,BDG001,2021-07-21
4094182091,CIF00000582,CREDIT,1220363.02,25000000.00,IDR,CLOSED,SMG002,2024-08-07
4097742531,CIF00000583,SAVING,38270.93,,SGD,ACTIVE,SGP003,2017-06-05
4104573857,CIF00000584,SAVING,28007718.06,,IDR,ACTIVE,JKT001,2023-06-15
4109385290,CIF00000585,SAVING,6572.50,,USD,ACTIVE,SGP003,2013-08-11
4115896414,CIF00000586,CREDIT,8324319.58,10000000.00,IDR,ACTIVE,SBY002,2022-03-29
4119602332,CIF00000587,CREDIT,1642149.93,25000000.00,IDR,ACTIVE,BDG001,2025-02-24
4120216622,CIF00000588,SAVING,14937.51,,SGD,ACTIVE,SGP003,2025-03-26
4123888981,CIF00000589,SAVING,142270129.09,,IDR,ACTIVE,SBY001,2024-01-27
4127354886,CIF00000590,SAVING,6483.64,,MYR,ACTIVE,KUL001,2026-07-18
4128584718,CIF00000591,CREDIT,4745.32,5000.00,SGD,ACTIVE,SGP003,2019-02-01
4144308475,CIF00000592,CREDIT,14863740.76,25000000.00,IDR,ACTIVE,BPN003,2025-02-12
4149512852,CIF00000593,SAVING,201807514.11,,IDR,ACTIVE,DPS002,2025-08-20
4159402087,CIF00000594,SAVING,29367.67,,SGD,DORMANT,SGP003,2026-02-12
4171243976,CIF00000595,SAVING,45541.53,,USD,ACTIVE,SBY001,2022-12-03
4175360561,CIF00000596,SAVING,306934979.52,,IDR,AKTIF,DPS002,2026-04-02
4175458478,CIF00000597,CREDIT,9498.46,25000.00,SGD,ACTIVE,SGP001,2026-02-19
4178155762,CIF00000598,SAVING,206319736.59,,IDR,ACTIVE,BPN003,2026-01-28
4191627909,CIF00000599,SAVING,12335.22,,USD,DORMANT,MDN003,2026-03-21
4202957398,CIF00000600,SAVING,28014.96,,US$,ACTIVE,SGP001,2023-08-11
4209971864,CIF00000601,CREDIT,3071694.99,5000000.00,IDR,ACTIVE,TNG001,2024-08-28
4213020282,CIF00000602,SAVING,79583080.45,,IDR,ACTIVE,SMG001,2025-04-16
4217264723,CIF00000603,CREDIT,15159.44,50000.00,USD,ACTIVE,BDG002,2020-02-07
4220544517,CIF00000604,SAVING,136875342.73,,IDR,DORMANT,SMG002,2018-04-15
4222422239,CIF00000605,SAVING,44727.40,,MYR,DORMANT,JHB003,2023-02-22
4231572557,CIF00000606,CREDIT,7949433.21,10000000.00,IDR,ACTIVE,SBY002,2026-07-31
4240755831,CIF00000607,SAVING,406294521.17,,IDR,ACTIVE,SMG002,2020/05/29
4252262694,CIF00000608,SAVING,334614756.06,,IDR,ACTIVE,BDG002,2023-02-25
4255937370,CIF00000609,SAVING,40576.73,,USD,ACTIVE,PEN003,2023-06-01
4256832664,CIF00000610,SAVING,459989623.46,,IDR,ACTIVE,JKT003,2023-10-06
4258409065,CIF00000611,CREDIT,0.00,5000000.00,IDR,CLOSED,SBY002,2026-08-28
4259656540,CIF00000612,SAVING,16332.71,,USD,ACTIVE,MDN001,2026-07-10
4261851752,CIF00000613,SAVING,123956124.69,,IDR,ACTIVE,YOG002,2022-02-08
4263652597,CIF00000614,SAVING,34178.36,,SGD,ACTIVE,SGP001,2023-02-26
4268513979,CIF00000615,SAVING,46412990.71,,IDR,ACTIVE,JKT002,2018-12-02
4270467771,CIF00000616,SAVING,316215928.01,,IDR,ACTIVE,BDG001,2025-08-23
4279580181,CIF00000617,SAVING,34304210.09,,IDR,ACTIVE,DPS003,2025-10-25
4283629941,CIF00000618,CREDIT,4213265.62,15000000.00,IDR,ACTIVE,MDN003,2026-05-09
4298301817,CIF00000619,SAVING,463623287.67,,IDR,ACTIVE,SBY001,2024-10-24
4308540977,CIF00000620,SAVING,95669202.45,,IDR,ACTIVE,TNG002,2007-03-31
4308954040,CIF00000621,SAVING,479410419.05,,IDR,ACTIVE,JKT001,2023-12-21
4319182846,CIF00000622,SAVING,258726365.83,,IDR,ACTIVE,BDG003,2024-11-22
4324205509,CIF00000623,SAVING,23917.58,,USD,ACTIVE,SMG001,2025-02-05
4327162142,CIF00000624,CREDIT,76228008.74,100000000.00,IDR,ACTIVE,JKT002,2026-04-07
4334229856,CIF00000625,SAVING,2419.68,,MYR,ACTIVE,PEN002,2018-06-25
4342273772,CIF00000626,SAVING,370324596.02,,IDR,ACTIVE,SBY002,2022-12-17
4345793302,CIF00000627,CREDIT,6614.55,25000.00,SGD,ACTIVE,SGP003,2024-01-18
4359888036,CIF00000628,SAVING,375643740.10,,IDR,ACTIVE,BPN003,2026-01-32
4366412945,CIF00000629,SAVING,95394164.21,,IDR,ACTIVE,MDN003,2022-02-11
4366632130,CIF00000630, SAVING,39941402.65,,IDR,ACTIVE,BDG002,2026-08-17
4367309539,CIF00000631,CREDIT,318235.48,15000000.00,IDR,ACTIVE,JKT001,2019-01-13
4368449859,CIF00000632,SAVING,404127121.20,,IDR,ACTIVE,TNG003,2022-12-26
4375918671,CIF00000633,CREDIT,7178660.63,100000000.00,IDR,ACTIVE,JKT001,2025-03-23
4382783400,CIF00000634,SAVING,40570.80,,USD,ACTIVE,PEN002,2025-12-13
4393905835,CIF00000635,SAVING,266226800.25,,IDR,ACTIVE,PLM002,2023-05-19
4405455057,CIF00000636,SAVING,325161515.98,,IDR,ACTIVE,MKS003,2015-12-28
4420790799,CIF00000637,SAVING,0.00,,IDR,CLOSED,YOG003,2022-10-03
4422338076,CIF00000638,SAVING,128038383.44,,IDR,DORMANT,BPN001,2025-10-10
4424199638,CIF00000639,SAVING,143561367.05,,IDR,DORMANT,TNG002,2024-06-25
4432368704,CIF00000640,SAVING,47812771.51,,IDR,ACTIVE,MDN003,2023-08-18
4449663215,CIF00000641,CREDIT,20975942.64,50000000.00,IDR,ACTIVE,BDG002,2024-02-06
4451275966,CIF00000642,SAVING,19273.08,,USD,ACTIVE,SBY002,2019-10-06
4452329033,CIF00000643,SAVING,351237675.30,,IDR,ACTIVE,BPN003,2025-02-21
4454825398,CIF00000644,CREDIT,9999999999.00,5000000.00,IDR,CLOSED,JKT001,2019-12-12
4455000383,CIF00000645,SAVING,206948708.18,,IDR,ACTIVE,YOG001,2018-10-31
4455512507,CIF00000646,SAVING,46159.22,,USD,ACTIVE,SGP003,2025-09-02
4473767215,CIF00000647,CREDIT,0.00,50000000.00,IDR,,JKT003,2026-02-17
4478006263,CIF00000648,SAVING,88216691.60,,IDR,ACTIVE,JKT001,2020-10-25
4479911040,CIF00000649,SAVING,271864838.13,,IDR,ACTIVE,MDN003,2025-08-26
4480479439,CIF00000650,SAVING,0.00,,SGD,CLOSED,SGP001,2020-03-08
4487152518,CIF00000651,SAVING,484817613.75,,IDR,ACTIVE,MKS002,2026-02-06
4498352633,CIF00000652,SAVING,347815612.34,,IDR,,JKT003,2024-03-08
4500814789,CIF00000653,SAVING,482694393.56,,IDR,ACTIVE,JKT001,2025-08-10
4501447265,CIF00000654,CREDIT,4369.84,5000.00,USD,ACTIVE,DPS001,2017-01-01
4507152702,CIF00000655,CREDIT,4717856.96,15000000.00,IDR,ACTIVE,BDG003,2026-07-09
4511002723,CIF00000656,SAVING,490903475.96,,IDR,ACTIVE,BDG001,2020-04-06
4511174834,CIF00000657,SAVING,19508237.21,,IDR,ACTIVE,BDG001,2021-12-29
4518010177,CIF00000658,SAVING,23970.79,,MYR,,KUL003,2024-04-07
4518119090,CIF00000659,CREDIT,9462210.47,25000000.00,IDR,ACTIVE,BPN002,2023-09-08
4518916478,CIF00000660,SAVING,259460997.46,,IDR,ACTIVE,SMG002,2026-03-23
4529627253,CIF00000661,SAVING,9999999999.00,,MYR,DORMANT,PEN001,2020-08-25
4540026125,CIF00000662,SAVING,417756342.95,,IDR,ACTIVE,SBY002,2023-07-30
4550280704,CIF00000663,SAVING,90907088.60,,IDR,ACTIVE,JKT001,2023-03-31
4554858617,CIF00000664,CREDIT,10289.80,15000.00,SGD,DORMANT,SGP002,2018-05-08
4570046496,CIF00000665,SAVING,384649272.01,,IDR,ACTIVE,PLM003,2024-05-10
4572719434,CIF00000666,SAVING,29744.73,,SGD,ACTIVE,SGP001,2014-08-12
4575836936,CIF00000667,SAVING,436811690.02,,IDR,ACTIVE,DPS002,2016-02-26
4577306010,CIF00000668,SAVING,78612473.49,,IDR,ACTIVE,JKT002,2026-04-21
4579509361,CIF00000669,CREDIT,0.00,10000000.00,IDR,CLOSED,BDG001,2019-10-01
4583589477,CIF00000670,SAVING,405591543.84,,IDR,ACTIVE,BDG003,2021-08-07
4589277595,CIF00000671,CREDIT,37915271.70,100000000.00,IDR,ACTIVE,SMG001,2026-04-20
4593605025,CIF00000672,SAVING,307080608.30,,IDR,ACTIVE,JKT003,2020-09-25
4595679248,CIF00000673,SAVING,450159242.90,,IDR,ACTIVE,SBY002,2012-10-30
4605637508,CIF00000674,SAVING,258893370.65,,IDR,ACTIVE,BDG001,2018-03-28
4616221982,CIF00000675,CREDIT,4241.40,5000.00,MYR,ACTIVE,KUL002,2023-01-02
4629799726,CIF00000676,SAVING,35817134.77,,IDR,ACTIVE,MDN003,2016-01-10
4632868624,CIF00000677,SAVING,318293633.26,,IDR,ACTIVE,PLM001,2026-09-05
4632994739,CIF09515998,SAVING,21233.12,,MYR,ACTIVE,PEN002,2025-06-21
4660103767,CIF00000679,SAVING,489827436.50,,IDR,ACTIVE,PLM002,2026-03-14
4666035719,CIF00000680,SAVING,25201.92,,MYR,DORMANT,KUL003,2018-09-12
4667462784,CIF00000681,SAVING,281012918.88,,IDR,ACTIVE,YOG001,2026-07-08
4670872581,CIF00000682,CREDIT,0.00,100000000.00,IDR,CLOSED,BDG001,2026-05-17
4672691415,CIF00000683,CREDIT,6242.35,10000.00,MYR,ACTIVE,KUL001,2023-01-17
4673688690,CIF00000684,SAVING,474656189.26,,IDR,ACTIVE,MKS002,2026-06-25
4679071908,CIF00000685,SAVING,397825553.02,,IDR,ACTIVE,PLM001,2019-07-16
4680038672,CIF00000686,CREDIT,30964950.41,100000000.00,IDR,ACTIVE,DPS001,2020-12-12
4681242440,CIF00000687,SAVING,311945879.62,,IDR,ACTIVE,BPN003,2021-11-26
4684471117,CIF00000688,SAVING,155194446.26,,IDR,ACTIVE,DPS003,2026-07-21
4685319452,CIF00000689,SAVING,37513.22,,USD,ACTIVE,SBY001,2021-02-04
4694318667,CIF00000690,SAVING,340792909.93,,IDR,ACTIVE,BDG001,2018-03-27
4694534368,CIF00000691,CREDIT,97028954.91,100000000.00,IDR,DORMANT,BDG003,2025-01-04
4703336364,CIF00000692,SAVING,163188979.81,,IDR,ACTIVE,BDG001,2024-07-28
4711475896,CIF00000693,SAVING,480492443.23,,IDR,ACTIVE,BDG002,2019-04-09
4719410373,CIF00000694,SAVING,26250.69,,,ACTIVE,JHB003,2026-06-08
4731420138,CIF00000695,SAVING,28389.87,,USD,ACTIVE,JKT002,2026-05-04
4749373805,CIF00000696,CREDIT,4535956.94,5000000.00,IDR,ACTIVE,BDG003,2024-04-02
4770412369,CIF00000697,SAVING,9999999999.00,,IDR,ACTIVE,BDG003,2017-08-02
4771288723,CIF00000698,SAVING,102925903.87,,IDR,ACTIVE,BDG001,2022-12-24
4774251794,CIF00000699,SAVING,467111510.49,,IDR,DORMANT,BDG002,2023-11-13
4776098497,CIF00000700,CREDIT,17716368.28,25000000.00,IDR,ACTIVE,BDG002,2022-10-16
4780783330,CIF00000701, SAVING,35377.14,,SGD,ACTIVE,SGP002,2024-06-11
4783460316,CIF00000702,SAVING,23587.26,,USD,ACTIVE,KUL003,2016-06-06
4784123624,CIF00000703,SAVING,57219417.55,,IDR,ACTIVE,SMG003,2018-08-12
4784219500,CIF00000704,SAVING,1418.81,,USD,ACTIVE,BDG003,2016-10-04
4807517891,CIF00000705,SAVING,9999999999.00,,IDR,ACTIVE,BDG001,2024-06-28
4810207902,CIF00000706,SAVING,11022.08,,SGD,ACTIVE,SGP002,2019-02-16
4811510749,CIF00000707,SAVING,192783266.69,,IDR,ACTIVE,JKT003,2024-01-02
4814452734,CIF00000708,CREDIT,6322244.11,15000000.00,IDR,ACTIVE,YOG002,2009-12-31
4821438296,CIF00000709,CREDIT,0.00,100000000.00,IDR,CLOSED,MKS002,2020-01-21
4830595148,CIF00000710,SAVING,343358879.00,,IDR,ACTIVE,JKT001,2020-12-29
4833150856,CIF00000711,SAVING,13805813.21,,IDR,ACTIVE,MKS001,2025-12-18
4833476570,CIF00000712,SAVING,85043605.80,,IDR,ACTIVE,BDG003,2020-11-23
4839087199,CIF00000713,SAVING,16153102.52,,IDR,ACTIVE,MKS001,2024-04-22
4849900881,CIF00000714,SAVING,227645611.24,,IDR,ACTIVE,TNG002,2016-11-01
4876219255,CIF00000715,SAVING,251390530.47,,IDR,ACTIVE,MKS003,2025-07-26
4878915086,CIF00000716,CREDIT,20212.45,25000.00,SGD,ACTIVE,SGP002,2026-01-30
4880939777,CIF00000717,SAVING,34035.25,,SGD,DORMANT,SGP003,2019-07-20
4881858555,CIF00000718,CREDIT,0.00,5000000.00,IDR,CLOSED,MDN002,2021-04-23
4909380298,CIF00000719,CREDIT,13652715.34,50000000.00,IDR,ACTIVE,JKT001,2019-12-01
4910836866,CIF00000720,CREDIT,797556.03,15000000.00, IDR,ACTIVE,MDN003,2025-07-29
4911050334,CIF00000721,Credit,0.00,,IDR,CLOSED,SBY003,2018-11-13
4918375755,CIF00000722,SAVING,5224.00,,USD,ACTIVE,BDG003,2026-09-01
4925999146,CIF00000723,CREDIT,0.00,5000000.00,IDR,CLOSED,SBY002,2024-11-21
4933515494,CIF00000724,SAVING,368679721.26,,IDR,ACTIVE,SMG001,2024-10-22
4940184241,CIF00000725,SAVING,468501561.92,,IDR,ACTIVE,JKT001,2023-02-04
4948372518,CIF00000726,CREDIT,7675.05,15000.00,USD,ACTIVE,DPS001,2018-11-29
4950004050,CIF00000727,SAVING,317380354.10,,IDR,BLOCKED,MKS001,2025-11-07
4954842829,CIF00000728,SAVING,195910658.76,,IDR,ACTIVE,JKT001,2022-09-21
4957437510,CIF00000729,SAVING,154961007.44,,IDR,ACTIVE,PLM003,2025-10-25
4965252649,CIF00000730,SAVING,182183572.72,,IDR,ACTIVE,YOG001,2023-10-10
4975966558,CIF00000731,CREDIT,7327454.10,15000000.00,IDR,DORMANT,YOG003,2023-07-18
4978986352,CIF00000732,SAVING,164067260.77,,IDR,ACTIVE,TNG003,2026-06-26
4980579811,CIF00000733,SAVING,0.00,,USD,CLOSED,BDG001,2026-08-01
4984642902,CIF00000734,SAVING,334085686.03,,IDR,ACTIVE,JKT001,2025-12-13
4984769204,CIF00000735,SAVING,118910484.33,,IDR,ACTIVE,BDG003,30/05/2019
5000574184,CIF00000736,SAVING,0.00,,IDR,CLOSED,YOG003,2025-10-09
5019187824,CIF00000737,SAVING,13456.04,,MYR,DORMANT,KUL002,2024-06-11
5021130146,CIF00000738,SAVING,7709.92,,SGD,ACTIVE,SGP001,2013-08-11
5022698830,CIF00000739,CREDIT,31884.20,50000.00,SGD,BLOCKED,SGP001,2017-07-06
5025688366,CIF00000740,SAVING,23980.66,,USD,ACTIVE,MKS001,2023-10-12
5033734447,CIF00000741,SAVING,40004.71,,SGD,ACTIVE,SGP003,2026-01-17
5045202585,CIF00000742,SAVING,379656698.11,,IDR,ACTIVE,JKT002,20/12/2021
5050727365,CIF00000743,SAVING,15454.42,,USD,ACTIVE,JKT003,2023-03-31
5061023609,CIF00000744,TABUNGAN,23688.88,,USD,ACTIVE,SBY002,2024-09-13
5062804275,CIF00000745,CREDIT,202.37,15000.00,USD,ACTIVE,JHB003,2025-02-28
5063919317,CIF00000746,CREDIT,9921553.81,15000000.00,IDR,ACTIVE,BDG003,2025-09-27
5066279605,CIF00000747,SAVING,116134376.93,,IDR,ACTIVE,BDG002,2021-09-16
5077112725,CIF00000748,SAVING,350586022.60,,IDR,BLOCKED,BDG002,2024-06-29
5088055359,CIF00000749,CREDIT,20445043.64,50000000.00,IDR,ACTIVE,JKT001,2017-03-01
5092988397,CIF00000750,CREDIT,4792319.31,5000000.00,IDR,BLOCKED,BDG001,2026-06-06
5094753899,CIF00000751,SAVING,0.00,,IDR,CLOSED,BDG003,2025-02-02
5095460812,CIF00000752,SAVING,7472729.84,,IDR,ACTIVE,BDG002,2020-12-06
5095644336,CIF00000753,SAVING,0.00,,IDR,CLOSED,PLM003,2025-07-24
5099799926,CIF00000754,CREDIT,3268953.47,10000000.00,IDR,ACTIVE,BDG003,2023-01-30
5104832003,CIF00000755,SAVING,41366.14,,MYR,ACTIVE,PEN002,2019-12-23
5117520074,CIF00000756,CREDIT,2977479.18,10000000.00,IDR,ACTIVE,JKT002,2023-10-07
5117759238,CIF00000757,SAVING,420804569.31,,IDR,ACTIVE,BDG002,2024-05-16
5118582934,CIF00000758,SAVING,10403901.30,,IDR,Active,BDG001,2015-11-20
5120611514,CIF00000759,SAVING,31302.53,,USD,ACTIVE,BDG003,2024-06-27
5132239356,CIF00000760,CREDIT,1938.46,10000.00,USD  ,ACTIVE,BDG001,2009-09-05
5139684584,CIF00000761,SAVING,29592133.74,,IDR,ACTIVE,DPS002,2017-12-29
5144194593,CIF00000762,SAVING,31501.84,,SGD,ACTIVE,SGP001,2025-03-04
5150396118,CIF00000763,SAVING,3826.81,,SGD,ACTIVE,SGP002,2024-02-09
5164880983,CIF00000764,CREDIT,14083267.37,15000000.00,IDR,DORMANT,TNG003,2025-03-11
5168554532,CIF00000765,SAVING,307424164.16,,IDR,ACTIVE,SBY001,2026-08-01
5179932137,CIF00000766,CREDIT,1030.09,25000.00,SGD,ACTIVE,SGP001,2025-04-12
5182216723,CIF00000767,SAVING,330396640.66,20000000.00,IDR,ACTIVE,PLM001,2026-08-10
5187840852,CIF00000768,CREDIT,14085233.40,,IDR,ACTIVE,MKS003,2025-06-11
5190943712,CIF00000769,SAVING,281325332.53,,IDR,ACTIVE,TNG002,2023-09-07
5196882715,CIF00000770,SAVING,389766876.56,,IDR,ACTIVE,JKT002,2019-02-27
5199219911,CIF00000771,SAVING,46770.32,,MYR,BLOCKED,PEN001,2024-05-08
5206423799,CIF00000772,CREDIT,8126509.51,10000000.00,IDR,DORMANT,JKT002,2020-07-26
5208111503,CIF00000773,SAVING,380908583.35,,IDR,ACTIVE,SBY001,2015-08-25
5212994647,CIF00000774,SAVING,409760767.97,,IDR,ACTIVE,BDG002,2023-08-06
5213097288,CIF00000775,SAVING,150882157.87,,IDR,ACTIVE,JKT001,2025-12-23
5223223879,CIF00000776,SAVING,32571716.40,,IDR,ACTIVE,MKS003,2024-09-14
5224521898,CIF00000777,SAVING,290340541.03,,IDR,ACTIVE,BDG003,2023-10-12
5250421864,CIF00000778,SAVING,186069526.87,,IDR,ACTIVE,MDN003,2026-06-11
5251888105,CIF00000779,SAVING,17846.22,,USD,ACTIVE,SBY003,2020-06-05
5254745025,CIF00000780,SAVING,203158505.45,,IDR,ACTIVE,DPS003,2025-07-08
5266080584,CIF00000781,SAVING,64015282.73,,IDR,ACTIVE,TNG002,2023-03-03
5267068632,CIF00000782,CREDIT,4842565.09,15000000.00,IDR,ACTIVE,SBY003,2019-06-18
5268414372,CIF00000783,SAVING,338158711.17,,IDR,ACTIVE,DPS002,2026-02-27
5268676686,CIF00000784,deposit,2402.20,5000.00,SGD,DORMANT,SGP002,2025-12-01
5268802263,CIF00000785,CREDIT,12109971.43,15000000.00,IDR,ACTIVE,TNG003,2026-01-06
5273866952,CIF00000786,SAVING,35320.06,,SGD,ACTIVE,SGP001,2023-04-02
5279631651,CIF00000787,SAVING,396095418.56,20000000.00,IDR,ACTIVE,JKT002,2025-07-29
5281709330,CIF00000788,SAVING,342637498.80,,IDR,ACTIVE,JKT003,2016-11-05
5285128238,CIF00000789,CREDIT,17018574.48,100000000.00,IDR,ACTIVE,PLM003,2013-03-19
5285336017,CIF09098500,SAVING,176183969.71,,IDR,ACTIVE,BDG001,2026-08-11
5301599191,CIF00000791,CREDIT,1996655.89,15000000.00,IDR,ACTIVE,MDN002,2025-12-15
5308871209,CIF00000792,SAVING,36104.09,,USD,ACTIVE,MDN003,2022-01-09
5318577207,CIF00000793,SAVING,398348445.71,,IDR,ACTIVE,BPN001,2018-04-10
5325332055,CIF00000794,SAVING,163160498.33,,,ACTIVE,SBY003,2015-10-22
5330053760,CIF00000795,CREDIT,7315.55,15000.00,USD,ACTIVE,PLM003,2026-08-04
5330847410,CIF00000796,SAVING,195147740.50,,IDR,ACTIVE,BDG002,2023-02-11
5335452987,CIF00000797,CREDIT,9288495.02,25000000.00,IDR,ACTIVE,MKS001,2021-02-21
5335614897,CIF00000798,CREDIT,9489064.70,15000000.00,IDR,ACTIVE,BPN002,2011-05-14
5336675851,CIF00000799,SAVING,126215795.73,,IDR,ACTIVE,BDG002,2025-03-23
5340795822,CIF00000800,SAVING,0.00,,USD,CLOSED,PLM002,2011-08-29
5343163620,CIF09787211,SAVING,298656653.58,,IDR,ACTIVE,SBY003,2025-12-14
5344606407,CIF00000802,CREDIT,1494951.71,100000000.00,IDR,ACTIVE,SBY001,2021-03-01
5346773855,CIF00000803,SAVING,212422824.17,,IDR,ACTIVE,DPS002,2023-04-06
5347945216,CIF00000804,SAVING,27588066.79,,IDR,ACTIVE,BDG003,2016-07-14
5349018967,CIF00000805,CREDIT,1149446.17,100000000.00,IDR  ,CLOSED,SBY001,2022-05-28
5350563334,CIF00000806,SAVING,480585124.71,,IDR,ACTIVE,MKS002,2026-05-29
5353361304,CIF00000807,CREDIT,77456.68,100000.00,MYR,DORMANT,JHB003,2025-03-23
5353790477,CIF00000808,SAVING  ,342319447.90,,IDR,ACTIVE,MDN001,2021-07-20
5357960659,CIF00000809,SAVING,193456330.77,,IDR,ACTIVE,PLM001,2017-07-08
5359770832,CIF00000810,SAVING,215200752.69,,IDR,ACTIVE,MKS001,2025-01-03
5363493660,CIF00000811,CREDIT,271930.03,100000000.00,IDR,ACTIVE,JKT001,2017-05-30
5373546393,CIF00000812,CREDIT,437.60,10000.00,USD,ACTIVE,SGP001,2019-05-02
5378551117,CIF00000813,CREDIT,42452966.72,100000000.00,IDR,ACTIVE,SBY002,2026-08-23
5381425914,CIF00000814,SAVING,326115712.52,,IDR,ACTIVE,JKT003,2025-12-15
5382299937,CIF00000815,SAVING,9999999999.00,,IDR,DORMANT,DPS002,2024-04-13
5383445723,CIF00000816,SAVING,200704309.43,,IDR,ACTIVE,BDG002,2024-07-24
5389259534,CIF00000817,SAVING,496804950.75,,IDR,ACTIVE,MDN003,2019-10-21
5389963410,CIF00000818,CREDIT,2084560.47,25000000.00,IDR,ACTIVE,BDG002,2025-08-14
5390616337,CIF00000819,CREDIT,40263511.46,100000000.00,IDR,ACTIVE,SBY003,2018-06-15
5391432342,CIF00000820,SAVING,0.00,,IDR,CLOSED,MKS001,2018-01-31
5398188120,CIF00000821,SAVING,450109445.03,,IDR,ACTIVE,BDG001,2022-05-17
5400453394,CIF00000822,CREDIT,6399018.67,10000000.00,IDR,ACTIVE,JKT001,2018-06-20
5403923834,CIF00000823,CREDIT,12660963.24,100000000.00,IDR,ACTIVE,SBY003,2025-11-14
5406026412,CIF00000824,SAVING,397959430.87,,IDR,ACTIVE,PLM003,2026-08-32
5408596906,CIF00000825,CREDIT,17271073.75,100000000.00,IDR,ACTIVE,BDG001,2020-10-27
5423814732,CIF00000826,SAVING,4288.43,,USD,,JKT003,2020-03-02
5424306932,CIF00000827,SAVING,117673077.20,,IDR,DORMANT,JKT002,2026-09-10
5429561230,CIF00000828,SAVING,129436695.92,,IDR,ACTIVE,BDG001,2024-01-09
5439827258,CIF00000829,SAVING,24585527.72,,IDR,ACTIVE,SMG003,2022-06-17
5440168187,CIF00000830,SAVING,63149500.25,,IDR,ACTIVE,YOG003,2020-03-02
5449992391,CIF00000831,CREDIT,31124.97,50000.00,MYR,ACTIVE,KUL001,2026-01-06
5452420365,CIF00000832,SAVING,275270431.54,,IDR,DORMANT,JKT002,2023-12-12
5452511397,CIF00000833,SAVING,354211806.84,,IDR,ACTIVE,YOG002,2026-08-31
5455739761,CIF00000834,SAVING,169797488.86,,IDR,ACTIVE,SBY001,2024-01-14
5457072641,CIF00000835,SAVING,38799.12,,USD,DORMANT,SGP003,2019-03-27
5457965885,CIF09475014,SAVING,316231336.15,,IDR,ACTIVE,MKS003,2019-10-13
5466064942,CIF00000837,SAVING,488328884.68,,Idr,DORMANT,TNG002,2019-09-21
5474034943,CIF00000838,SAVING,266157030.43,,IDR,ACTIVE,BDG001,2021-11-03
5478831024,CIF00000839,SAVING,278113166.69,,IDR,ACTIVE,SBY001,2023-12-06
5489244122,CIF00000840,CREDIT,7856340.87,25000000.00,IDR,ACTIVE,JKT001,2024-09-18
5489612223,CIF00000841,SAVING,332259361.84,,IDR,ACTIVE,MDN003,2025-07-23
5499091628,CIF00000842,SAVING,49169.91,,MYR,ACTIVE,KUL001,2014-03-21
5503297854,CIF00000843,SAVING,27796776.46,,IDR,ACTIVE,SMG003,2026-01-21
5505784259,CIF00000844,SAVING,243559337.86,,IDR,ACTIVE,MKS001,2026-01-26
5512107140,CIF00000845,SAVING,124440184.18,,IDR,ACTIVE,BDG002,2014-07-03
5516703082,CIF00000846,SAVING,410794506.69,,IDR,BLOCKED,BPN001,2017-08-29
5517615622,CIF00000847,CREDIT,10945755.38,50000000.00,IDR,ACTIVE,DPS003,2012-08-04
5523842653,CIF00000848,SAVING,291405146.18,,IDR,ACTIVE,JKT002,2026-07-13
5535323754,CIF00000849,SAVING,174156317.09,,IDR,ACTIVE,MKS002,2026-08-14
5537265343,CIF00000850,CREDIT,7763486.84,10000000.00,IDR,ACTIVE,JKT001,2020-08-06
5538526148,CIF00000851,SAVING,207418267.26,,IDR,ACTIVE,BDG001,2024-09-24
5539864329,CIF00000852,SAVING,123509947.32,,IDR,DORMANT,MDN002,2026-08-29
5548750999,CIF00000853,SAVING,83988368.70,,IDR,ACTIVE,SMG002,2025-11-16
5550263254,CIF00000854,CREDIT,732.60,15000.00,SGD,ACTIVE,SGP002,2013-05-07
5553266460,CIF00000855,CREDIT,9422612.60,10000000.00,IDR,ACTIVE,BPN003,2022-10-20
5558664243,CIF00000856,SAVING,496201880.23,,IDR,ACTIVE,TNG002,2025-09-04
5559265507,CIF00000857,SAVING,210898337.97,,IDR,ACTIVE,BDG003,2025-05-13
5563749689,CIF00000858,SAVING,60135816.19,,IDR,DORMANT,MDN001,2025-05-29
5564079565,CIF00000859,SAVING,183791746.46,,IDR,ACTIVE,SMG001,2019-06-07
5572723123,CIF00000860,CREDIT,3815656.94,5000000.00,IDR,ACTIVE,SMG003,2026-05-30
5578784859,CIF00000861,SAVING,15812053.30,,IDR,ACTIVE,JKT001,2010-12-09
5586234449,CIF00000862,SAVING,82230352.97,,IDR,BLOCKED,BDG003,2024-06-06
5589592768,CIF00000863,CREDIT,0.00,10000.00,SGD,CLOSED,SGP001,2016-02-25
5590469023,CIF00000864,SAVING,5706.52,, SGD,ACTIVE,SGP002,2025-01-25
5633934000,CIF00000865,CREDIT,2365367.13,15000000.00,IDR,ACTIVE,PLM002,2026-01-06
5639396686,CIF00000866,SAVING,280901542.74,,IDR,ACTIVE,SBY001,2025-08-31
5640273883,CIF00000867,CREDIT,29164735.76,50000000.00,IDR,DORMANT,BPN003,2024-02-14
5649841286,CIF00000868,CREDIT,3487862.80,5000000.00,IDR,ACTIVE,JKT001,2014-09-20
5651485803,CIF00000869,SAVING,316054101.33,,IDR,ACTIVE,BPN003,2025-04-18
5653241574,CIF00000870,SAVING,370528220.39,,IDR,ACTIVE,BDG003,2023-09-32
5653478969,CIF00000871,SAVING,224153944.73,,IDR,ACTIVE,SBY001,2025-10-05
5653882253,CIF00000872,SAVING,0.00,,IDR,CLOSED,SBY003,2026-07-09
5656423316,CIF00000873,SAVING,207449201.69,,IDR,ACTIVE,MKS001,2023-05-03
5658753278,CIF00000874,CREDIT,49421567.60,100000000.00,IDR,ACTIVE,JKT003,2012-06-23
5663976388,CIF00000875,SAVING,26929.67,,USD,ACTIVE,SBY002,2021-10-19
5679361260,CIF00000876,SAVING,43801.49,10000000.00,USD,ACTIVE,BDG003,2026-01-10
5683386851,CIF00000877,SAVING,366430088.46,,IDR,ACTIVE,BDG003,2025-09-13
5685750850,CIF00000878,SAVING,26689.65,,SGD,BLOCKED,SGP001,2019-05-24
5688687432,CIF00000879,SAVING,0.00,,IDR,CLOSED,JKT003,2024-06-24
5694336273,CIF00000880,SAVING,48854.73,,USD,ACTIVE,MKS003,2023-09-16
5696908985,CIF00000881,SAVING,96495836.73,,IDR,ACTIVE,JKT001,2022-12-27
5702086012,CIF00000882,CREDIT,13685764.79,15000000.00,IDR,ACTIVE,BDG001,2021-04-26
5716490852,CIF09738209,SAVING,273618740.17,,IDR,ACTIVE,BPN003,2023-08-06
5718201606,CIF00000884,SAVING,431573749.01,,IDR,ACTIVE,BDG001,2026-09-24
5718644166,CIF00000885,CREDIT,2028827.04,5000000.00,IDR,ACTIVE,MKS002,2022-03-16
5721257705,CIF00000886,CREDIT,17948166.06,25000000.00,IDR,ACTIVE,BPN003,2024-09-19
5722315197,CIF00000887,SAVING,143489947.27,,IDR,ACTIVE,MKS002,2026-02-18
5723777828,CIF00000888,SAVING,409034829.12,,IDR,ACTIVE,BDG001,2026-07-03
5741265163,CIF00000889,SAVING,10630.01,,USD,ACTIVE,SBY002,2023-11-03
5744094081,CIF00000890,SAVING,16352412.05,,IDR,DORMANT,SBY002,2014-06-09
5747027374,CIF00000891,SAVING,0.00,,IDR,CLOSED,JKT003,2023-11-17
5748807919,CIF00000892,SAVING,301136613.71,,IDR,,JKT002,2021-08-02
5750724465,CIF00000893,SAVING,9631.90,,SGD,ACTIVE,SGP003,2025-11-14
5755806088,CIF00000894,CREDIT,0.00,10000000.00,IDR,CLOSED,JKT003,2024-11-13
5761024412,CIF00000895,SAVING,494558243.22,,IDR,ACTIVE,SBY002,2020-09-29
5769616173,CIF00000896,CREDIT,24387476.41,25000000.00,idr,ACTIVE,YOG002,2021-11-18
5782333207,CIF00000897,SAVING,448925817.35,,IDR,ACTIVE,JKT002,2025-11-06
5784721074,CIF00000898,CREDIT,3191642.16,25000000.00,IDR,ACTIVE,JKT001,2015-12-29
5789497456,CIF00000899,SAVING,206436753.09,,IDR,ACTIVE,PLM001,2026-01-30
5789501801,CIF00000900,SAVING,111565160.33,,Idr,ACTIVE,JKT003,2023-10-27
5803257727,CIF00000817,SAVING,301647382.34,,IDR,ACTIVE,MDN001,2022-04-01
5808229918,CIF00000674,SAVING,396878391.47,10000000.00,IDR,DORMANT,BDG003,2025-11-01
5820143999,CIF00000996,SAVING,422518480.81,,IDR,ACTIVE,JKT003,2026-08-31
5825780880,CIF00000705,CREDIT,11326040.95,15000000.00,IDR,ACTIVE,BDG002,2023-05-25
5839816835,CIF00000442,SAVING,151315522.99,,IDR,DORMANT,JKT003,2026-08-31
5840529749,CIF00000326,SAVING,39702.15,,SGD,ACTIVE,SGP003,2023-09-19
5845134817,CIF00000572,SAVING,340370471.97,,IDR,ACTIVE,BDG002,2021-03-11
5845515109,CIF00000202,CREDIT,0.00,50000000.00,IDR,CLOSED,SBY002,2026-08-03
5853132363,CIF00000318,SAVING,99451636.99,,IDR,ACTIVE,DPS002,2016-08-11
5873267466,CIF00000214,CREDIT,66681841.49,100000000.00,IDR,ACTIVE,MKS003,2019-08-22
5873353474,CIF00000923,SAVING,244729604.41,,IDR,DORMANT,MDN003,2011-09-10
5879052247,CIF00000680,SAVING,37157.64,,USD,ACTIVE,KUL003,2020-11-04
5884588319,CIF00000591,SAVING,41115.74,,SGD,ACTIVE,SGP002,2020-06-17
5888192846,CIF00000421,SAVING,36200.11,,SGD,ACTIVE,SGP001,2019-08-14
5893017270,CIF00000204,CREDIT,10480971.00,25000000.00,IDR,ACTIVE,MDN002,2021-01-10
5900857268,CIF00000096,SAVING,191976775.35,,IDR,ACTIVE,BDG001,2019-09-22
5906203806,CIF00000669,CREDIT,13916032.08,50000000.00,IDR,DORMANT,BDG002,2024-06-24
5911989544,CIF00000851,CREDIT,138235.00,5000000.00,IDR,ACTIVE,BDG001,2026-04-28
5914407831,CIF00000352,SAVING,497835293.01,,IDR,ACTIVE,YOG003,2013-02-24
5915596982,CIF00000891,SAVING,3682784.92,,IDR,ACTIVE,JKT001,2026-05-10
5919372381,CIF00000590,SAVING,20590.85,,MYR,ACTIVE,KUL001,2026-05-01
5919875672,CIF00000797,SAVING,445654305.84,,,ACTIVE,MKS002,2021-08-21
5933628593,CIF00000428,SAVING,60733065.25,,IDR,ACTIVE,DPS002,2018-06-15
5938879943,CIF00000103,SAVING,34899987.03,,IDR,AKTIF,JKT002,2020-10-04
5939755785,CIF00000984,SAVING,230666390.43,,IDR,ACTIVE,SBY002,2025-05-20
5940583541,CIF00000189,CREDIT,6734931.24,15000000.00,IDR,ACTIVE,SMG002,2022-05-19
5947121132,CIF00000731,SAVING,27998.56,,USD,,YOG001,2025-01-18
5961167903,CIF00000146,SAVING,27181988.52,,IDR,ACTIVE,YOG001,2026-04-20
5961973272,CIF00000667,CREDIT,23311902.93,50000000.00,IDR,ACTIVE,DPS001,2017-12-14
5964043008,CIF00000281,CREDIT,73015958.65,100000000.00,IDR,ACTIVE,BDG001,2017-08-23
5970001345,CIF00000147,SAVING,97691727.96,,IDR,ACTIVE,TNG002,2026-08-28
5971249719,CIF00000125,CREDIT,0.00,15000.00,MYR,CLOSED,KUL002,2026-01-15
5990842993,CIF00000290,CREDIT,1536223.42,5000000.00,IDR,ACTIVE,BPN001,2019-10-31
6005099965,CIF00000722,SAVING,0.00,,IDR,CLOSED,BDG003,2026-08-18
6025887209,CIF00000092,SAVING,44080.06,,SGD,ACTIVE,SGP003,2021-02-20
6042441345,CIF00000670,SAVING,490035866.72,,IDR,ACTIVE,BDG001,2022-12-09
6043268506,CIF00000290,SAVING,213144666.57,,IDR,BLOCKED,BPN003,2017-10-11
6043625285,CIF00000945,CREDIT,15116637.19,25000000.00,IDR,ACTIVE,TNG001,2016-08-30
6049184143,CIF00000127,SAVING,46407.19,,USD,ACTIVE,BDG001,2020-11-23
6049964314,CIF00000017,CREDIT,0.00,50000000.00,IDR,CLOSED,TNG001,2020-08-28
6076805348,CIF00000798,SAVING,59551943.16,,IDR,ACTIVE,BPN001,2022-05-02
6082045952,CIF00000804,SAVING,495032767.87,,IDR,ACTIVE,BDG001,2020-10-23
6086344130,CIF00000284,SAVING,86824167.27,,IDR,ACTIVE,BDG001,2014-06-13
6087528195,CIF00000841,CREDIT,5060630.27,10000000.00,IDR,actv,MDN001,2025-08-21
6092370612,CIF00000391,SAVING,377048116.89,,IDR,ACTIVE,DPS003,2016-08-20
6097307467,CIF00000662,SAVING,369184961.90,,IDR,ACTIVE,SBY003,2024-03-22
6100877612,CIF00000314,CREDIT,1919967.23,5000000.00,IDR,ACTIVE,YOG001,2014-04-05
6102625285,CIF00000533,SAVING,136586792.98,,IDR,ACTIVE,DPS002,2020-03-19
6103583845,CIF00000285,CREDIT,8879678.94,25000000.00,IDR,ACTIVE,JKT003,2020-07-28
6107304010,CIF00000125,Saving,45389.04,,MYR,ACTIVE,KUL001,2023-11-07
6114203946,CIF00000065,CREDIT,8465658.06,50000000.00,IDR,ACTIVE,BDG003,2023-05-27
6133731786,CIF00000758,SAVING,16229.22,,USD,ACTIVE,BDG001,2023-08-21
6140787522,CIF00000898,CREDIT,11664790.08,15000000.00,IDR,ACTIVE,JKT002,2016-09-21
6156470236,CIF00000482,CREDIT,36587.94,,USD,ACTIVE,SGP001,2024-02-06
6160899061,CIF00000280,SAVING,128515055.71,,IDR,DORMANT,JKT001,2022-03-15
6162013194,CIF00000081,CREDIT,6484330.96,50000000.00,IDR,ACTIVE,PLM003,2026-02-01
6165567978,CIF09233316,CREDIT,4001.80,25000.00,USD,ACTIVE,JKT001,2025-07-04
6169901953,CIF09413983,SAVING,402363949.33,,IDR,DORMANT,BDG001,2023-03-06
6172500884,CIF00000670,SAVING,108392035.78,,IDR,ACTIVE,BDG002,2026-02-17
6181842832,CIF00000403,SAVING,5312.58,,USD,ACTIVE,SBY002,2020-12-07
6185732055,CIF00000849,SAVING,374453579.70,,IDR,ACTIVE,MKS002,2026-09-25
6187674623,CIF00000939,SAVING,381276949.54,,IDR,ACTIVE,SMG002,2024-12-06
6199087933,CIF00000438,SAVING,34079.97,,EUR,ACTIVE,JKT002,2016-07-17
6199960301,CIF00000282,CREDIT,14390.22,5000000.00,IDR,ACTIVE,JKT003,2026-09-23
6201106256,CIF00000423,SAVING,374038541.61,,IDR,DORMANT,BDG002,2026-01-14
6203507479,CIF00000278,SAVING,328986579.36,,IDR,ACTIVE,BDG001,2017-01-31
6210000764,CIF00000930,SAVING,182178229.23,,IDR,ACTIVE,MDN001,2026-01-17
6211718118,CIF00000391,CREDIT,11869982.19,25000000.00,IDR,ACTIVE,DPS003,2012-06-10
6218257272,CIF00000940,SAVING,124174767.31,,IDR,BLOCKED,SBY001,2026-07-22
6218641726,CIF00000006,SAVING,9999999999.00,,IDR,CLOSED,SBY002,2018-07-09
6218697346,CIF00000505,SAVING,29648.86,,usd,ACTIVE,BDG003,2019-08-22
6219105100,CIF00000505,SAVING,370020228.50,,IDR,ACTIVE,BDG002,2024-10-02
6229104711,CIF00000926,SAVING,461046996.23,,IDR,ACTIVE,JKT001,2025-02-16
6230997482,CIF00000440,CREDIT,87403.80,10000000.00,IDR,ACTIVE,YOG002,2023-02-20
6236240677,CIF00000150,SAVING,34132.56,,MYR,ACTIVE,KUL002,2023-09-25
6237945430,CIF00000906,SAVING,314041193.28,,IDR,ACTIVE,YOG003,2018-11-20
6238230447,CIF00000921,SAVING,3100357.36,,IDR,CLOSED,MKS001,2026-03-03
6243774487,CIF00000658,CREDIT,659.95,10000.00,MYR,ACTIVE,KUL002,2017-10-20
6251344698,CIF00000901,SAVING,440606096.91,,IDR,BLOCKED,DPS003,2026-02-15
6252726676,CIF00000963,CREDIT,8863073.25,10000000.00,IDR,ACTIVE,DPS003,2025-03-02
6252787255,CIF00000392,SAVING,32162.92,,SGD,ACTIVE,SGP003,2025-07-21
6265805509,CIF00000623,SAVING,39542253.70,,IDR,ACTIVE,SMG001,2015-07-23
6271073749,CIF00000201,CREDIT,4768873.71,,IDR,ACTIVE,JKT001,2024-02-19
6287539187,CIF00000434,SAVING,496327066.31,,IDR,ACTIVE,BDG001,2025-12-12
6289313861,CIF00000169,SAVING,20380.03,,SGD,ACTIVE,SGP002,2025-05-23
6295906575,CIF00000890,CREDIT,18167849.22,25000000.00,IDR,ACTIVE,SBY003,2015-06-20
6298105496,CIF00000167,SAVING,149121138.71,,IDR,ACTIVE,SBY002,2014-03-21
6304671871,CIF00000924,SAVING,275799497.17,,IDR,ACTIVE,BDG001,2024-12-31
6310702822,CIF00000908,SAVING,371405950.66,,IDR,DORMANT,SBY003,2025-08-13
6310953238,CIF00000445,SAVING,9817076.04,,IDR,ACTIVE,JKT001,2026-09-21
6320072777,CIF00000961,SAVING,382276622.58,,IDR,ACTIVE,BDG003,2026-09-06
6322546113,CIF00000255,SAVING,37944.89,,USD,ACTIVE,SGP001,2026-03-03
6332010275,CIF00000509,SAVING,352895646.50,,IDR,ACTIVE,MDN003,2026-09-02
6333683490,CIF00000226,CREDIT,3338382.74,25000000.00,IDR,ACTIVE,SBY002,2025-12-30
6337988112,CIF00000782,SAVING,270214064.02,,IDR,ACTIVE,SBY001,2024-10-06
6340789097,CIF09867230,SAVING,0.00,,SGD,CLOSED,SGP003,2021-09-04
6340947397,CIF00000918,SAVING,403344801.24,,IDR,ACTIVE,BDG002,2024-05-18
6345924749,CIF00000812,SAVING,22949.26,,SGD,ACTIVE,SGP001,2017-03-12
6368768606,CIF00000101,SAVING,331166348.67,,IDR,ACTIVE,DPS001,2019-11-03
6387420019,CIF00000131,SAVING,18645.37,,USD,ACTIVE,SGP003,2024-09-02
6406276373,CIF00000014,SAVING,317201015.20,,IDR,ACTIVE,SMG002,2026-06-17
6414518302,CIF00000441,CREDIT,5541.21,15000.00,MYR,ACTIVE,PEN002,2026-07-26
6419233993,CIF00000109,SAVING,328692953.66,,idr,ACTIVE,YOG002,2025-11-02
6419739793,CIF00000488,CREDIT,2245537.10,25000000.00,IDR,ACTIVE,BPN001,2018-12-10
6421759809,CIF00000862,SAVING,0.00,,IDR,CLOSED,BDG002,2023-01-15
6427659746,CIF00000007,CREDIT,11206412.10,15000000.00,IDR,ACTIVE,DPS001,2018-12-27
6429326701,CIF00000862,SAVING,423221114.76,,IDR,ACTIVE,BDG002,2021-02-23
6439450341,CIF00000361,CREDIT,36326578.09,50000000.00,IDR,ACTIVE,JKT002,2017-11-10
6451029721,CIF00000419,SAVING,9040011.38,,IDR,ACTIVE,BPN001,2020-03-15
6452232779,CIF00000899,SAVING,402283641.57,,IDR,ACTIVE,PLM002,2025-09-30
6455578391,CIF00000691,CREDIT,3849239.82,5000000.00,IDR,DORMANT,BDG003,2013-03-12
6455585193,CIF00000203,SAVING,439226099.56,,IDR,ACTIVE,JKT001,2012-02-15
6455700830,CIF00000627,SAVING,25979.76,,SGD,ACTIVE,SGP001,2012-08-29
6460575937,CIF00000217,CREDIT,3722413.83,5000000.00,IDR,ACTIVE,BDG002,2021-12-07
6463140744,CIF00000994,SAVING,392432409.62,,IDR,DORMANT,BDG001,2024-06-10
6466696229,CIF00000767,SAVING,16008775.91,,IDR,ACTIVE,PLM001,2026-09-17
6476013168,CIF00000215,CREDIT,0.00,5000000.00,IDR,CLOSED,BPN002,2025-03-19
6478629915,CIF00000728,SAVING,398433527.74,,IDR,ACTIVE,JKT001,2018-07-13
6480501863,CIF00000400,SAVING,484767692.70,,IDR,ACTIVE,SBY001,2024-05-24
6485122052,CIF00000616,SAVING,492771140.14,,IDR,ACTIVE,BDG003,2025-07-05
6487639466,CIF00000592,SAVING,253738809.85,,IDR,ACTIVE,BPN001,2020-08-02
6491024665,CIF00000672,CREDIT,19798720.48,50000000.00,IDR,ACTIVE,JKT001,2026-05-22
6496177592,CIF00000625,SAVING,32973.77,,MYR,ACTIVE,PEN003,2021-03-05
6496809405,CIF00000978,CREDIT,8620.79,10000.00,USD,ACTIVE  ,MDN003,2018-01-32
6498599048,CIF00000060,SAVING,27554.44,,USD,ACTIVE,PLM003,2025-09-01
6499757958,CIF00000723,SAVING,467767224.14,,IDR,ACTIVE,SBY003,2021-01-10
6501516444,CIF00000501,SAVING,286831126.48,,IDR,ACTIVE,MKS001,2015-02-08
6510904293,CIF00000911,SAVING,48794303.99,,IDR,ACTIVE,PLM001,2020-06-21
6517535413,CIF00000396,SAVING,14186.74,,USD,ACTIVE,DPS001,2023-05-23
6526579074,CIF00000930,SAVING,456279459.15,,IDR,ACTIVE,MDN003,2026-03-04
6526731294,CIF00000407,SAVING,485725060.37,,IDR,ACTIVE,SBY003,2025-11-19
6546244699,CIF00000080,SAVING,427696112.82,,IDR,ACTIVE,TNG002,2024-10-28
6546271891,CIF00000955,CREDIT,17258584.82,25000000.00,IDR,ACTIVE,YOG002,2018-05-05
6557632836,CIF00000607,CREDIT,1980094.87,5000000.00,IDR,ACTIVE,SMG002,2022-10-25
6558405652,CIF00000739,CREDIT,0.00,50000.00,SGD,CLOSED,SGP003,2026-02-18
6575131299,CIF00000331,SAVING,0.00,,IDR, CLOSED,BDG003,2019-12-22
6577578737,CIF00000383,SAVING,185707471.25,,IDR,ACTIVE,DPS003,2023-01-03
6581514868,CIF00000704,SAVING,320804467.61,,IDR,ACTIVE,BDG002,2019-09-19
6583502367,CIF00000604,SAVING,257365505.64,,IDR,ACTIVE,SMG003,2023-04-15
6586841304,CIF00000387,SAVING,4483.76,,MYR,ACTIVE,KUL003,2023-12-17
6590193969,CIF00000225,SAVING,0.00,,USD,CLOSED,SBY001,2022-03-17
6595279880,CIF00000786,SAVING,38728.11,,SGD,ACTIVE,SGP001,2017-11-27
6595292859,CIF00000616,SAVING,319088738.58,,IDR,ACTIVE,BDG002,2025-10-04
6601260826,CIF00000874,CREDIT,2376920.14,10000000.00,IDR,ACTIVE,JKT003,2019-04-09
6603781215,CIF00000865,SAVING,229357124.02,,IDR,ACTIVE,PLM002,2025-03-24
6614140271,CIF00000276,SAVING,0.00,,IDR,CLOSED,SMG001,2025-03-28
6616206925,CIF00000352,CREDIT,362.25,5000.00,USD,ACTIVE,YOG002,2026-01-28
6617318799,CIF00000891,CREDIT,16623042.72,100000000.00,IDR,ACTIVE,JKT001,2023-06-21
6622992682,CIF00000689,CREDIT,1838.10,25000.00,USD,ACTIVE,SBY001,2023-04-29
6627131016,CIF00000807,CREDIT,5729.52,25000.00,MYR,ACTIVE,JHB002,2025-10-19
6632833893,CIF00000377,CREDIT,33328145.42,100000000.00,IDR,ACTIVE,SBY001,2026-03-22
6634033224,CIF00000187,SAVING,26522.18,,USD,ACTIVE,SBY003,2026-05-22
6634352500,CIF00000695,CREDIT,8664831.43,10000000.00,IDR,ACTIVE,JKT003,2026-08-23
6659471494,CIF00000516,CREDIT,3153247.35,5000000.00,IDR,ACTIVE,SBY003,2022-07-06
6660516016,CIF00000019,SAVING,104359625.96,,IDR,ACTIVE,YOG003,2021-04-19
6671431748,CIF00000790,SAVING,89305269.84,,IDR,ACTIVE,BDG003,2023-07-01
6676877718,CIF00000003,SAVING,11567.79,,MYR,ACTIVE,KUL003,2026-08-22
6684829462,CIF00000248,CREDIT,4424288.30,5000000.00,IDR,ACTIVE,BDG002,2022-05-10
6685349358,CIF00000269,SAVING,25954.13,,SGD,ACTIVE,SGP002,2022-09-30
6690405239,CIF00000372,SAVING,416450557.50,,IDR,ACTIVE,JKT001,2015-03-21
6698239979,CIF00000686,SAVING,478754293.76,,IDR,ACTIVE,DPS001,2020-12-05
6702192619,CIF00000701,CREDIT,16689.38,25000.00,SGD,ACTIVE,SGP003,2026-03-06
6702194937,CIF00000779,SAVING,25397.33,,USD,BLOCKED,SBY003,2019-06-11
6702301013,CIF00000677,SAVING,168548794.26,,IDR,ACTIVE,PLM003,2024-05-08
6702480114,CIF00000118,CREDIT,18901818.63,50000000.00,IDR,ACTIVE,BDG003,2021-08-31
6704281591,CIF00000491,SAVING,32634.68,,USD,BLOCKED,SMG001,2026-04-15
6710978592,CIF00000025,CREDIT,11864975.38,15000000.00,IDR,ACTIVE,SBY001,2019-02-18
6711292031,CIF00000888,SAVING,341305625.86,,IDR,ACTIVE,BDG003,2026-07-27
6736537862,CIF00000448,SAVING,27883.37,,USD,BLOCKED,SBY002,2024-09-05
6739675026,CIF00000629,SAVING,479817995.51,,IDR,ACTIVE,MDN001,2021-03-07
6740292342,CIF00000647,CREDIT,9865197.53,10000000.00,IDR,ACTIVE,JKT001,2025-09-28
6740571589,CIF00000496,SAVING,139068973.79,,IDR,ACTIVE,MDN001,2024-05-18
6742463893,CIF00000251,SAVING,28527.13,,USD,ACTIVE,BDG003,2026-08-20
6743678432,CIF00000120,SAVING,20763.90,,MYR,DORMANT,KUL001,2026-03-15
6745562603,CIF00000128,CREDIT,8916.85,,USD,ACTIVE,BDG003,2024-12-13
6745830347,CIF00000359,SAVING,5889.95,,USD,ACTIVE,SMG002,2023-03-19
6751447730,CIF00000585,SAVING,38483.03,,SGD,ACTIVE,SGP003,2022-07-02
6752605193,CIF00000745,SAVING,33525.21,,MYR,ACTIVE,JHB003,2024-08-02
6761325944,CIF00000631,SAVING,268721248.06,,IDR,BLOCKED,JKT001,2023-03-11
6762363544,CIF00000159,SAVING,4802988.35,,IDR,CLOSED,BDG002,2025-09-28
6762484776,CIF00000691,CREDIT,22668111.79,100000000.00,IDR,ACTIVE,BDG001,2020-02-18
6763066844,CIF00000911,CREDIT,11449622.27,50000000.00,IDR,ACTIVE,PLM002,2019-11-17
6772975884,CIF00000584,SAVING,2447095.22,,IDR,CLOSED,JKT002,2022-08-27
6778937899,CIF00000115,CREDIT,45358755.40,50000000.00,IDR,ACTIVE,SBY001,2026-09-10
6779348685,CIF00000996,SAVING,148307880.36,,IDR,ACTIVE,JKT002,2025-01-14
6779419394,CIF00000531,SAVING,213799073.91,,IDR,ACTIVE,SMG001,2021-03-19
6784063211,CIF00000118,SAVING,231720681.48,,IDR,BLOCKED,BDG002,2024-12-26
6788335503,CIF00000666,SAVING,27804.74,,USD,DORMANT,SGP001,2024-11-11
6791221725,CIF00000006,SAVING,100415667.22,,IDR,ACTIVE,SBY001,2022-10-29
6792068008,CIF00000926,SAVING,0.00,,IDR,CLOSED,JKT002,2025-06-30
6802972110,CIF00000690,CREDIT,4108400.76,5000000.00,IDR,ACTIVE,BDG001,2019-10-27
6808490177,CIF00000444,SAVING,0.00,,IDR,CLOSED,MKS001,2020-10-19
6808957895,CIF00000892,SAVING,0.00,,IDR,CLOSED,JKT003,2025-11-27
6811125055,CIF00000976,CREDIT,2376198.41,5000000.00,IDR,ACTIVE,PLM002,2022-04-17
6812625317,CIF00000369,SAVING,271565441.06,,IDR,ACTIVE,TNG003,2026-06-08
6821170175,CIF00000306,SAVING,28690.85,,SGD,ACTIVE,SGP002,2026-07-10
6827366926,CIF00000420,SAVING,0.00,,IDR,CLOSED,BPN002,2026-06-26
6829303167,CIF00000854,SAVING,29387.60,,SGD,DORMANT,SGP001,2014-06-12
6832402780,CIF00000540,SAVING,36291.89,,USD,ACTIVE,PLM002,2016-05-29
6832466368,CIF00000749,CREDIT,164628.31,15000000.00,IDR,ACTIVE,JKT001,2019-11-29
6836269197,CIF00000199,SAVING,19440.76,,SGD,DORMANT,SGP003,2024-02-23
6841206041,CIF00000835,SAVING,10400.80,,USD,ACTIVE,SGP003,2018-04-26
6845971319,CIF00000134,SAVING,12378210.12,,IDR,ACTIVE,MDN002,2021-11-22
6852153981,CIF00000752,SAVING,429697541.60,,IDR,ACTIVE,BDG003,2021-07-14
6869225470,CIF00000732,SAVING,1800800.33,,IDR,ACTIVE,TNG002,2026-03-30
6890236193,CIF00000818,CREDIT,0.00,5000000.00,IDR,CLOSED,BDG001,2026-02-25
6892064697,CIF00000544,SAVING,487198001.28,,IDR,ACTIVE,SMG001,2026-06-04
6894531539,CIF00000014,SAVING,245017229.44,,IDR,ACTIVE,SMG003,2018-04-23
6896151725,CIF00000961,SAVING,40394436.47,,IDR,ACTIVE,BDG002,2026-05-22
6904071221,CIF00000413,SAVING,360184243.82,,IDR,ACTIVE,BDG002,2025-08-31
6907105807,CIF00000930,SAVING,86438290.25,,IDR,ACTIVE,MDN003,2026-02-19
6922624385,CIF00000718,SAVING,453967692.91,,IDR,ACTIVE,MDN002,2021-10-23
6924016930,CIF00000436,SAVING,345328429.32,,IDR,ACTIVE,MDN002,2023-09-27
6929402305,CIF00000322,SAVING,43064867.61,,IDR,ACTIVE,JKT002,2026-01-15
6934839304,CIF00000160,SAVING,275386881.63,,IDR,DORMANT,DPS001,2019-09-09
6939390682,CIF00000803,SAVING,47588.81,,USD,ACTIVE,DPS003,2023-01-03
6943445705,CIF00000601,SAVING,111425850.27,,IDR,ACTIVE,TNG001,2018-04-24
6947928883,CIF00000175,SAVING,64843134.15,,IDR,ACTIVE,BPN003,2025-07-21
6957663123,CIF00000717,SAVING,12564.42,,USD,ACTIVE,SGP002,2015-11-24
6957712849,CIF00000769,SAVING,214888486.87,,IDR,ACTIVE,TNG003,2024-06-09
6962015874,CIF00000332,CREDIT,2669700.66,5000000.00,IDR,ACTIVE,JKT001,2024-01-14
6965919352,CIF00000615,SAVING,3970440.97,,IDR,CLOSED,JKT001,2018-07-13
6977919222,CIF00000958,CREDIT,48117.87,50000.00,USD,ACTIVE,MDN003,2013-10-17
6978178128,CIF00000936,SAVING,64335882.35,,IDR,BLOCKED,SBY002,2026-07-15
6979274941,CIF00000517,SAVING,4435705.37,,IDR,ACTIVE,BDG001,2021-02-09
6983091685,CIF00000523,CREDIT,2047.91,5000.00,SGD,ACTIVE,SGP001,2025-08-14
6988376109,CIF00000653,CREDIT,2836904.81,25000000.00,IDR,ACTIVE,JKT001,2022-11-28
6988505159,CIF00000961, deposit,348163505.48,,IDR,BLOCKED,BDG001,2026-09-16
6988579284,CIF00000594,SAVING,0.00,,SGD,CLOSED,SGP001,2025-12-21
6998956030,CIF00000623,SAVING,282945793.26,,IDR,ACTIVE,SMG003,2023-04-14
6999769378,CIF00000751,SAVING,211955268.76,,IDR,ACTIVE,BDG002,2025-04-10
7004946436,CIF00000212,SAVING,464013600.71,,IDR,ACTIVE,TNG002,2026-07-25
7009016227,CIF00000850,SAVING,275800494.20,,IDR,ACTIVE,JKT002,2021-11-05
7011955943,CIF00000358,SAVING,138521618.17,,IDR,ACTIVE,MDN003,2017-06-21
7017264202,CIF00000872,SAVING,440400378.84,,IDR,ACTIVE,SBY001,2016-10-28
7019072039,CIF00000539,SAVING,35299.86,,MYR,DORMANT,PEN003,2016-10-19
7024147417,CIF00000799,SAVING,7765.50,,USD,DORMANT,BDG002,2026-06-06
7025542465,CIF00000240,SAVING,49457.02,,MYR,BLOCKED,KUL001,2021-02-06
7030005008,CIF00000505,SAVING,201921922.70,,IDR,ACTIVE,BDG001,2021-09-13
7032233380,CIF00000886,SAVING,289338818.67,,IDR,ACTIVE,BPN002,2025-08-08
7035071453,CIF00000592,SAVING,482249419.13,,IDR,ACTIVE,BPN002,2016-11-23
7040239476,CIF00000952,SAVING,31646.76,,USD,ACTIVE,SBY001,2026-09-23
7048706287,CIF00000815,SAVING,235293277.95,,IDR,ACTIVE,DPS003,2020-09-10
7061048722,CIF00000324,CREDIT,15323269.12,25000000.00,IDR,DORMANT,JKT001,2021-09-15
7061911286,CIF00000716,SAVING,40359.15,,SGD,ACTIVE,SGP003,2025-08-03
7064800459,CIF00000320,SAVING,42841.66,,SGD,DORMANT,SGP003,2026-06-28
7066110576,CIF00000545,CREDIT,32128329.50,50000000.00,IDR,ACTIVE,BDG002,2026-07-08
7080340829,CIF00000188,SAVING,49417.74,,SGD,ACTIVE,SGP001,2013-11-10
7083411736,CIF00000015,SAVING,94587026.58,,IDR,ACTIVE,SBY001,2016-04-15
7084189923,CIF00000945,SAVING,361353602.81,,EUR,ACTIVE,TNG002,2018-08-25
7086513556,CIF00000900,CREDIT,1974922.73,,IDR,CLOSED,JKT003,2025-03-01
7097980947,CIF00000279,SAVING,343479612.19,,IDR,ACTIVE,MKS002,2026-07-18
7109173906,CIF00000153,SAVING,49729036.26,,IDR,ACTIVE,PLM003,2024-09-13
7109497972,CIF00000952,SAVING,22327.50,10000000.00,USD,ACTIVE,SBY002,2021-12-03
7118944637,CIF00000890,SAVING,82109192.37,,IDR,ACTIVE,SBY003,2018-05-12
7121541673,CIF00000768,SAVING,42050697.17,,IDR,ACTIVE,MKS003,2026-08-17
7129573786,CIF00000782,SAVING,9999999999.00,,IDR,ACTIVE,SBY002,2026-04-17
7136175860,CIF00000774,CREDIT,18886115.83,50000000.00,IDR,ACTIVE,BDG003,2022-05-31
7140282234,CIF00000522,CREDIT,132.50,5000.00,USD,ACTIVE,BDG001,2022-04-08
7142158454,CIF00000972,SAVING,358019506.69,,IDR,ACTIVE,BDG001,2023-05-11
7155652820,CIF00000418,CREDIT,7467581.24,,IDR,ACTIVE,JKT001,2022-01-21
7160178436,CIF00000802,SAVING,117215494.09,,IDR,ACTIVE,SBY002,2024-10-26
7166437038,CIF00000563,SAVING,133376525.73,,IDR,ACTIVE,BDG001,2025-01-09
7166620496,CIF00000934,SAVING,302532203.47,,IDR,ACTIVE,TNG002,2026-09-18
7169549018,CIF00000378,SAVING,39640.39,,USD,ACTIVE,BDG003,2026-08-24
7180935256,CIF00000345,CREDIT,4509351.21,5000000.00,IDR,,MDN001,2026-05-06
7181297344,CIF00000513,CREDIT,8087.26,50000.00,USD,ACTIVE,BDG003,2026-02-06
7182390617,CIF00000042,CREDIT,18488.82,25000.00,USD,DORMANT,TNG002,2023-10-09
7189715167,CIF00000788,SAVING,171253855.61,,IDR,DORMANT,JKT001,2020-02-26
7191326977,CIF00000692,CREDIT,30731572.50,100000000.00,IDR,ACTIVE,BDG001,2021-11-22
7199351660,CIF00000055,SAVING,392307539.53,,IDR,ACTIVE,MKS001,2023-04-02
7208802167,CIF00000836,CREDIT,9150226.51,15000000.00,IDR,DORMANT,MKS002,2023-10-13
7213196040,CIF00000968,SAVING,382815764.48,,IDR,ACTIVE,MKS002,2026-08-05
7214067220,CIF00000503,CREDIT,2449.96,15000.00,MYR,ACTIVE,KUL001,2025-03-13
7218323873,CIF00000032,CREDIT,5598923.81,10000000.00,IDR,ACTIVE,PLM002,2018-06-17
7220875131,CIF00000916,SAVING,99707945.94,,IDR,ACTIVE,PLM001,2025-12-23
7231385705,CIF00000155,CREDIT,5512659.86,10000000.00,IDR,ACTIVE,MDN002,2024-09-27
7235159968,CIF00000883,SAVING,466006474.61,,IDR,ACTIVE,BPN002,2026-01-22
7240808892,CIF00000920,CREDIT,623235.67,10000000.00,IDR,ACTIVE,MDN001,2022-05-05
7247951696,CIF00000168,SAVING,288826537.55,,IDR,DORMANT,BDG003,2024-09-05
7255727259,CIF00000693,SAVING,591227.52,,IDR,CLOSED,BDG002,2025-05-29
7258053800,CIF00000047,SAVING,488408347.00,,IDR,ACTIVE,JKT003,2026-05-14
7264643329,CIF00000528,SAVING,6271.81,,MYR,ACTIVE,KUL001,2024-09-26
7274835890,CIF00000184,CREDIT,39182888.24,100000000.00,IDR,ACTIVE,YOG001,2026-07-24
7285777402,CIF00000485,SAVING,0.00,,IDR,CLOSED,MDN002,2024-05-15
7305202398,CIF00000872,SAVING,250962476.11,,IDR,ACTIVE,SBY002,2023-04-08
7308192403,CIF00000076,SAVING,336454558.04,,IDR,ACTIVE,BDG003,2026-03-24
7312363270,CIF00000357,CREDIT,77450649.16,100000000.00,IDR,BLOCKED,JKT001,2025-07-04
7312794257,CIF00000345,CREDIT,9387.27,10000.00,USD,ACTIVE,MDN001,2026-06-05
7326857787,CIF00000954,SAVING,39981.01,,SGD,ACTIVE,SGP002,2026-07-30
7335583579,CIF00000061,CREDIT,75693613.44,100000000.00,IDR,ACTIVE,SBY002,2016-03-01
7346153017,CIF00000536,CREDIT,634605.61,15000000.00,IDR,ACTIVE,DPS003,2026-09-14
7352330350,CIF00000827,SAVING,418891306.02,,IDR,ACTIVE,JKT003,2026-07-13
7355812341,CIF00000504,SAVING,4640.90,,SGD,ACTIVE,SGP002,2014-08-01
7357194058,CIF00000737,SAVING,1300.87,,MYR,ACTIVE,KUL003,2016-08-01
7357854481,CIF00000544,SAVING,0.00,,IDR,CLOSED,SMG003,2021-02-01
7362399172,CIF00000783,SAVING,283841711.38,,IDR,ACTIVE,DPS002,2025-12-22
7363159504,CIF00000793,CREDIT,40445905.95,100000000.00,IDR,ACTIVE,BPN002,2022-01-04
7363884521,CIF00000612,SAVING,126672164.82,,IDR,ACTIVE,MDN002,2026-06-23
7372235715,CIF00000708,SAVING,69641267.20,,IDR,ACTIVE,YOG002,2016-05-16
7377649283,CIF00000353,CREDIT,1052.03,10000.00,USD,ACTIVE,SBY003,2026-01-19
7378304223,CIF00000760,CREDIT,4039697.10,15000000.00,,DORMANT,BDG002,2011-04-24
7384381075,CIF00000511,SAVING,0.00,,USD,CLOSED,BDG001,2026-05-21
7393970806,CIF00000091,SAVING,15004736.83,,IDR,DORMANT,DPS002,2025-02-16
7409039556,CIF00000373,SAVING,204087582.90,,IDR,ACTIVE,BDG002,2021-06-13
7422021677,CIF00000592,CREDIT,3981180.45,100000000.00,IDR,DORMANT,BPN003,2024-09-04
7425760175,CIF00000749,SAVING,289144309.76,,IDR,ACTIVE,JKT001,2022-04-08
7428258368,CIF00000975,SAVING,369331194.06,10000000.00, IDR,ACTIVE,DPS003,2022-08-03
7429812394,CIF00000049,SAVING,115024781.34,,IDR,ACTIVE,MKS002,2019-12-04
7433142704,CIF00000525,SAVING,449366584.16,,IDR,ACTIVE,JKT002,2022-07-19
7437281520,CIF00000033,SAVING,75395358.02,,IDR,ACTIVE,JKT001,2024-10-14
7445185923,CIF00000786,SAVING,33113.34,,SGD,ACTIVE,SGP002,2024-07-15
7452195810,CIF00000099,CREDIT,7394503.19,10000000.00,IDR,ACTIVE,BDG002,2026-07-18
7453531108,CIF00000061,CREDIT,304.07,5000.00,USD,ACTIVE,SBY001,2013-07-03
7463938191,CIF00000819,CREDIT,6649270.77,15000000.00,IDR,ACTIVE,SBY002,2021-06-23
7469431356,CIF00000125,SAVING,15266.62,,MYR,ACTIVE,KUL002,2023-01-17
7480413745,CIF00000446,SAVING,801.60,,USD,ACTIVE,SGP002,2022-05-03
7481292905,CIF00000872,SAVING,17132.74,10000000.00,USD,DORMANT,SBY003,2010-03-13
7488102180,CIF00000130,SAVING,382126696.78,,IDR,DORMANT,YOG002,2022-05-26
7489474947,CIF00000525,SAVING,322751438.36,,IDR,ACTIVE,JKT001,2016-10-15
7503636464,CIF00000887,CREDIT,864653.22,10000000.00,IDR,ACTIVE,MKS002,2026-05-04
7507112300,CIF00000824,SAVING,393440674.45,,IDR,ACTIVE,PLM003,2026-09-01
7510129864,CIF00000842,TABUNGAN,16041.56,,USD,ACTIVE,KUL001,2026-07-16
7515802116,CIF00000558,CREDIT,1041070.78,10000000.00,IDR,ACTIVE,SMG002,2025-12-30
7516035488,CIF00000434,CREDIT,28222444.33,100000000.00,IDR,ACTIVE,BDG002,2026-06-06
7518119488,CIF00000973,SAVING,0.00,,IDR,CLOSED,JKT001,2023-04-01
7519080049,CIF00000230,SAVING,89876998.07,,IDR,ACTIVE,BPN002,2025-05-25
7532631739,CIF09645192,CREDIT,2780513.99,5000000.00,IDR,ACTIVE,SBY003,2024-01-26
7534457627,CIF00000847,SAVING,258658912.21,,IDR,ACTIVE,DPS001,2025-01-18
7542058586,CIF00000155,SAVING,231556427.14,,IDR,ACTIVE,MDN002,2021-03-08
7542531494,CIF00000382,SAVING,437145404.85,,IDR,ACTIVE,JKT003,2026-08-03
7544919289,CIF00000080,SAVING,142410670.65,,,ACTIVE,TNG003,2025-04-04
7548244432,CIF00000165,SAVING,0.00,,IDR,CLOSED,JKT002,2022-03-03
7550410460,CIF00000558,SAVING,296981797.90,,IDR,ACTIVE,SMG003,2026-05-19
7563036474,CIF00000936,SAVING,67054252.09,,IDR, ACTIVE,SBY001,2026-02-23
7571532207,CIF00000346,CREDIT,1479736.31,10000000.00,IDR,ACTIVE,JKT001,2023-03-09
7577571049,CIF00000067,CREDIT,79102267.67,100000000.00,IDR,ACTIVE,SBY001,2026-02-24
7578119060,CIF00000838,SAVING,1482117.18,,USD,CLOSED,BDG002,2012-02-24
7584011614,CIF00000750,SAVING,452363789.91,,IDR,DORMANT,BDG001,2026-05-15
7587513627,CIF00000341,CREDIT,14504520.43,25000000.00,IDR,ACTIVE,SBY003,2021-05-02
7589090164,CIF00000502,SAVING,0.00,,IDR,CLOSED,DPS002,2010-09-13
7589479855,CIF00000679,SAVING,404299283.21,,IDR,ACTIVE,PLM002,2026-02-27
7590154457,CIF00000145,SAVING,27147.61,,SGD,ACTIVE,SGP001,2020-09-29
7590222503,CIF00000345,SAVING,254020148.72,,IDR,ACTIVE,MDN002,2026-07-14
7595038446,CIF00000821,CREDIT,6175105.50,15000000.00,IDR,DORMANT,BDG003,2023-04-20
7603644015,CIF00000707,CREDIT,0.00,100000000.00,IDR,CLOSED,JKT001,2024-01-12
7604850940,CIF00000856,SAVING,315028678.02,,IDR,ACTIVE,TNG003,2025-12-10
7607236249,CIF00000556,SAVING,185027249.73,,IDR,ACTIVE,PLM002,2025-03-22
7619645951,CIF00000637,SAVING,3254864.08,,IDR,CLOSED,YOG001,2012-01-15
7623801415,CIF00000456,SAVING,270327334.34,,IDR,ACTIVE,DPS003,2025-02-02
7624933810,CIF00000427,SAVING,46298.31,,MYR,BLOCKED,KUL002,2026-03-14
7626307761,CIF00000603,CREDIT,75253818.45,100000000.00,IDR,DORMANT,BDG002,2016-02-21
7638275707,CIF00000582,CREDIT,1940651.74,15000000.00,IDR,ACTIVE,SMG003,2009-03-15
7642621960,CIF00000542,SAVING,475389315.09,,IDR,ACTIVE,SMG002,2026-04-05
7646487385,CIF00000189,SAVING,233307157.90,,IDR,ACTIVE,SMG001,2021-07-23
7659976189,CIF00000386,SAVING,0.00,,IDR,CLOSED,BDG002,2012-01-24
7660112320,CIF00000831,SAVING,27550.55,,MYR,DORMANT,KUL001,2026-01-10
7669940590,CIF00000334,SAVING,169165842.71,,IDR,ACTIVE,BDG002,2018-11-28
7676218455,CIF00000693,SAVING,21690302.16,,IDR,ACTIVE,BDG002,2015-02-05
7681683497,CIF00000008,SAVING,380370715.98,,IDR,DORMANT,SBY002,2026-02-17
7682417826,CIF00000126,CREDIT,88782138.09,100000000.00,IDR,ACTIVE,MDN002,2026-07-10
7690325829,CIF00000485,SAVING,480617336.50,,IDR,ACTIVE,MDN001,2021-01-09
7693965919,CIF00000703,SAVING,249381325.87,,IDR,ACTIVE,SMG002,2023-09-04
7698873292,CIF00000474,SAVING,425070599.29,,IDR,ACTIVE,MKS001,2019-06-09
7701752884,CIF00000846,SAVING,0.00,,IDR,CLOSED,BPN003,2011-12-24
7709506513,CIF00000647,SAVING,10676477.82,,IDR,ACTIVE,JKT002,2025-03-29
7710776684,CIF00000191,SAVING,0.00,,IDR,CLOSED,YOG002,2026-03-11
7711997180,CIF00000569,SAVING,499010429.71,,IDR,ACTIVE,JKT001,2023-06-05
7714468840,CIF00000599,SAVING,164941905.43,,IDR,ACTIVE,MDN001,2026-08-23
7718894280,CIF00000335,CREDIT,35448495.58,100000000.00,IDR,ACTIVE,BDG002,2026-08-25
7721436263,CIF00000659,CREDIT,12245.26,50000.00,USD,ACTIVE,BPN001,2024-10-15
7722585419,CIF00000638,SAVING,483261161.75,,IDR,ACTIVE,BPN003,2024-12-30
7736066730,CIF00000032,SAVING,31325.29,,USD,DORMANT,PLM001,2015-10-12
7738217126,CIF00000985,SAVING,60453559.56,,IDR,ACTIVE,JKT003,2015-10-28
7739587273,CIF00000882,SAVING,0.00,,IDR,CLOSED,BDG003,2015-09-15
7741258451,CIF00000415,SAVING,427095434.51,,IDR,ACTIVE,PLM003,2023-08-14
7745010656,CIF00000922,SAVING,437175217.93,,IDR,DORMANT,BDG003,2026-03-03
7748032255,CIF00000668,SAVING,413710573.21,,IDR,ACTIVE,JKT001,2026-07-19
7748732993,CIF00000679,CREDIT,9016.59,10000.00,USD,ACTIVE,PLM001,2026-05-02
7771626559,CIF00000532,SAVING,39452218.32,,IDR,ACTIVE,BDG001,2023-04-14
7780670029,CIF00000470,CREDIT,17352.95,50000.00,MYR,DORMANT,PEN003,2021-01-15
7785955160,CIF00000340,SAVING,1439774.43,,IDR,CLOSED,BDG003,2022-07-16
7787606660,CIF00000343,SAVING,291244521.26,,IDR,ACTIVE,SMG003,2026-04-23
7791582326,CIF00000726,CREDIT,3437.86,10000.00,USD,ACTIVE,DPS003,2011-11-12
7791755735,CIF00000031,CREDIT,49080449.22,50000000.00,IDR,ACTIVE,BDG001,2024-06-17
7796531086,CIF00000145,SAVING,27966.70,,SGD,ACTIVE,SGP001,2025-04-27
7804035386,CIF00000028,SAVING,94259830.44,,IDR,ACTIVE,YOG001,2023-01-04
7811330387,CIF00000683,SAVING,617.15,,MYR,ACTIVE,KUL003,2015-05-19
7820382639,CIF00000166,CREDIT,57267023.93,100000000.00,IDR,ACTIVE,MDN001,2012-07-01
7822674561,CIF00000444,CREDIT,14372378.71,15000000.00,IDR,ACTIVE,MKS003,2020-09-28
7830440572,CIF00000260,SAVING,41806.68,,USD,ACTIVE,BDG001,2015-05-26
7831408284,CIF00000372,SAVING,9842930.64,,IDR,DORMANT,JKT002,2014-12-15
7831808500,CIF00000102,CREDIT,24533.95,25000.00,USD,ACTIVE,KUL001,2021-08-10
7832538216,CIF00000774,SAVING,350977702.28,,IDR,ACTIVE,BDG001,2026-04-13
7838186147,CIF00000053,SAVING,451175600.39,,IDR,ACTIVE,BDG002,2022-12-07
7842645428,CIF00000318,SAVING,453498237.43,,IDR,BLOCKED,DPS001,2013-12-15
7843480079,CIF00000145,CREDIT,23000.91,50000.00,SGD,ACTIVE,SGP003,2025-06-12
7848078116,CIF00000453,SAVING,8109.20,,SGD,ACTIVE,SGP002,2025-03-03
7849434583,CIF00000491,SAVING,96083331.52,,IDR,DORMANT,SMG002,2018-12-28
7855117274,CIF00000275,SAVING,16534.72,,MYR,ACTIVE,KUL002,2026-07-15
7855487726,CIF00000333,SAVING,8039.77,,SGD,DORMANT,SGP003,2021-09-27
7859184141,CIF00000034,SAVING,10775507.18,,IDR,DORMANT,BPN001,2023-01-29
7860356561,CIF00000533,SAVING,177389886.29,,IDR,ACTIVE,DPS002,2023-11-13
7872932985,CIF00000728,CREDIT,1692655.31,,IDR,ACTIVE,JKT001,2019-06-30
7879353071,CIF00000583,SAVING,2208.31,,SGD,DORMANT,SGP002,2026-09-20
7880654043,CIF00000133,CREDIT,8206313.26,10000000.00,IDR,ACTIVE,BDG002,2022-12-30
7881080246,CIF00000168,SAVING,348536301.49,,IDR,DORMANT,BDG003,2021-09-01
7882803008,CIF00000732,SAVING,79401620.31,,IDR,ACTIVE,TNG003,2026-07-29
7885891103,CIF00000840,SAVING,21090541.13,,IDR,ACTIVE,JKT001,2025-02-09
7887592466,CIF00000596,SAVING,118183549.43,,IDR,ACTIVE,DPS001,2026-06-22
7895555143,CIF00000025,SAVING,313132773.66,,IDR,ACTIVE,SBY001,2018-09-15
7895558906,CIF00000582,SAVING,322611958.09,,IDR,ACTIVE,SMG002,2017-03-07
7906870705,CIF00000732,SAVING,351192931.72,,IDR,BLOCKED,TNG003,2026-09-02
7910307690,CIF00000893,SAVING,41991.85,,SGD,ACTIVE,SGP003,2024-10-24
7915402369,CIF00000605,SAVING,10103.34,,MYR,ACTIVE,JHB001,2016-08-21
7917396889,CIF00000172,SAVING,26107.39,,SGD,ACTIVE,SGP003,2020-01-01
7918049696,CIF00000514,SAVING,119202757.37,,IDR,ACTIVE,TNG002,2024-08-20
7920005100,CIF00000072,SAVING,2137182.07,,IDR,DORMANT,DPS001,2024-10-03
7923136548,CIF00000092,SAVING,4247.55,,SGD,ACTIVE,SGP002,2015-11-12
7932635259,CIF00000010,CREDIT,4154.35,10000.00,SGD,ACTIVE,SGP001,2023-02-19
7943102114,CIF00000601,SAVING,0.00,,USD,CLOSED,TNG001,2019-11-03
7943677617,CIF00000873,SAVING,147340695.36,,IDR,ACTIVE,MKS002,2025-08-22
7959126820,CIF00000303,CREDIT,1058650.56,,IDR,ACTIVE,JKT001,2023-01-07
7969533621,CIF00000341,SAVING,258625861.43,,IDR,ACTIVE,SBY003,2023-12-12
7970551381,CIF00000406,SAVING,17303.16,,USD,ACTIVE,TNG003,2023-07-26
7976979035,CIF00000358,SAVING,316531927.34,,IDR,ACTIVE,MDN003,2019-09-19
7987472958,CIF00000575,SAVING,356832566.06,,IDR,ACTIVE,SBY001,2025-07-02
7991838371,CIF00000349,SAVING,461921328.12,,IDR,ACTIVE,TNG001,2026-08-13
7996614568,CIF00000448,SAVING,216726767.58,,IDR,DORMANT,SBY001,2024-10-13
7997282887,CIF00000202,SAVING,319979952.23,,IDR,ACTIVE,SBY001,2026-08-11
8002279313,CIF00000826,CREDIT,8448773.37,15000000.00,IDR,ACTIVE,JKT002,2026-02-23
8005976695,CIF00000989,SAVING,93375002.46,,IDR,ACTIVE,MKS002,2025-10-12
8015227545,CIF00000183,SAVING,0.00,,SGD,CLOSED,SGP003,2025-07-12
8031609490,CIF00000862,SAVING,460456478.84,,IDR,ACTIVE,BDG003,2021-07-19
8036240022,CIF00000699,SAVING,266625544.65,,IDR,ACTIVE,BDG001,2025-05-17
8036911653,CIF00000932,SAVING,99398429.07,,IDR,DORMANT,BPN001,2025-03-16
8037547461,CIF00000419,SAVING,194274843.67,,IDR,ACTIVE,BPN002,2021-04-25
8039821922,CIF00000679,CREDIT,9557274.64,15000000.00,IDR,ACTIVE,PLM003,2025-01-07
8041103716,CIF00000459,CREDIT,3916706.93,5000000.00,IDR,ACTIVE,BPN003,2021-10-06
8050070149,CIF00000154,SAVING,415843451.20,,IDR,ACTIVE,BPN002,2022-10-06
8052368121,CIF00000462,SAVING,84382488.53,,IDR,ACTIVE,MDN003,2024-11-29
8058242771,CIF00000129,SAVING,116713918.77,,IDR,ACTIVE,BDG001,2026-05-01
8059760478,CIF00000029,SAVING,1761.15,,USD,ACTIVE,BPN001,2021-08-19
8060631237,CIF00000660,SAVING,369395233.08,,IDR,ACTIVE,SMG003,2026-05-21
8063465748,CIF00000167,CREDIT,6222827.87,25000000.00,IDR,ACTIVE,SBY003,2015-10-29
8068988535,CIF00000475,SAVING,16466.48,,SGD,ACTIVE,SGP001,2026-07-22
8070022096,CIF00000977,SAVING,282577992.14,,IDR,DORMANT,MKS003,2020-11-21
8072933218,CIF00000529,SAVING,56363340.22,,IDR,ACTIVE,BPN003,2026-03-24
8082374373,CIF00000322,SAVING,86282794.34,,IDR,ACTIVE,JKT003,2024-07-26
8091725067,CIF00000527,SAVING,44025458.64,,IDR,ACTIVE,SBY001,2023-02-09
8094235931,CIF00000032,SAVING,0.00,,IDR,CLOSED,PLM001,2025-03-10
8094850978,CIF00000311,SAVING,121068997.06,,IDR, ACTIVE,BDG001,2019-01-05
8103773545,CIF00000619,SAVING,150874116.77,,IDR,ACTIVE,SBY001,2024/01/18
8106982600,CIF00000715,SAVING,350177665.30,,IDR,ACTIVE,MKS002,2020-12-31
8120779457,CIF00000902,SAVING,100708394.33,,IDR,ACTIVE,BDG001,2021-09-06
8139972026,CIF00000681,SAVING,155944030.25,,IDR,ACTIVE,YOG003,2026-05-02
8142584879,CIF00000951,CREDIT,2560.07,5000.00,SGD,ACTIVE,SGP003,2024-01-22
8166865525,CIF00000937,SAVING,40597588.09,,IDR,BLOCKED,JKT002,2025-08-03
8207903768,CIF00000114,SAVING,110708182.28,,IDR,ACTIVE,BPN001,2024-07-03
8244016133,CIF00000004,SAVING,273831454.21,,IDR,DORMANT,BPN003,2024-08-30
8244870481,CIF00000544,CREDIT,49411397.82,100000000.00,IDR,DORMANT,SMG001,2020-05-10
8248381667,CIF00000900,SAVING,22524.61,,USD,ACTIVE,JKT003,2026-05-21
8251820755,CIF00001000,SAVING,229157781.63,,EUR,ACTIVE,BDG001,2019-01-15
8257048874,CIF00000387,CREDIT,2724.63,5000.00,Myr,ACTIVE,KUL001,2024-03-15
8261856393,CIF00000356,CREDIT,3452.40,5000.00,USD,ACTIVE,JKT002,2012-03-20
8265461730,CIF00000694,SAVING,25232.77,,MYR,ACTIVE,JHB002,2026-01-31
8265637536,CIF00000335,SAVING,43277512.24,,IDR,ACTIVE,BDG001,2026-05-10
8268764271,CIF00000776,SAVING,273520921.88,,IDR,ACTIVE,MKS002,2014-06-05
8268897291,CIF00000374,SAVING,153577506.14,,IDR,ACTIVE,BDG003,2020-11-02
8270469473,CIF00000152,SAVING,421457628.95,,IDR,ACTIVE,BDG003,2019-12-11
8286486089,CIF00000111,SAVING,421078940.22,,IDR,ACTIVE,BDG003,2019-02-18
8290108253,CIF00000768,SAVING,67378636.05,,IDR,ACTIVE,MKS003,2025-05-31
8301095703,CIF00000126,SAVING,194359317.56,,IDR,ACTIVE,MDN001,2020-09-25
8313317056,CIF00000775,SAVING,235444094.23,,IDR,ACTIVE,JKT002,2025-04-21
8323026422,CIF00000978,CREDIT,2511571.56,5000000.00,IDR,ACTIVE,MDN003,2023-05-02
8327639013,CIF00000919,CREDIT,26950580.05,50000000.00,IDR,ACTIVE,SMG003,2024-02-29
8327802203,CIF00000363,SAVING,68116769.25,,IDR,ACTIVE,BDG003,2021-06-07
8328299294,CIF00000605,SAVING,0.00,10000000.00,MYR,CLOSED,JHB002,2024-05-28
8330458243,CIF00000953,SAVING,45131.65,,USD,ACTIVE,BDG001,2024-11-13
8330510169,CIF00000604,SAVING,471533966.17,,IDR,ACTIVE,SMG002,2020-12-08
8334919331,CIF00000318,SAVING,185231877.15,,IDR, ACTIVE,DPS003,2016-07-10
8335534664,CIF09209262,CREDIT,26752937.10,50000000.00,IDR,ACTIVE,DPS001,2019-01-13
8344943149,CIF00000348,SAVING,6742.59,,USD,ACTIVE,JKT001,2022-12-18
8360020612,CIF00000547,SAVING,170436448.01,,,ACTIVE,YOG002,2026-03-27
8362906338,CIF00000656,CREDIT,4299560.56,10000000.00,IDR,ACTIVE,BDG001,2021-12-16
8374992321,CIF00000767,SAVING,343797433.11,,IDR,ACTIVE,PLM001,2026-09-17
8382588092,CIF00000274,SAVING,434737648.71,,IDR,ACTIVE,TNG001,2023-10-16
8384455589,CIF00000845,Saving,129763689.23,,IDR,ACTIVE,BDG003,2018-10-20
8397444690,CIF00000333,CREDIT,2629.09,5000.00,SGD,ACTIVE,SGP003,2017-08-15
8398177604,CIF00000677,SAVING,112731480.64,,IDR,DORMANT,PLM001,2021-04-19
8399300264,CIF00000802,SAVING,444232710.30,,IDR,ACTIVE,SBY002,2024-08-11
8410159283,CIF00000816,CREDIT,39049475.73,100000000.00,IDR,ACTIVE,BDG003,2011-11-26
8414665245,CIF00000073,Saving,217988447.63,,IDR,ACTIVE,SBY001,2023-11-24
8416900030,CIF09385843,SAVING,118545796.70,,IDR,ACTIVE,BDG003,2025-07-21
8418798091,CIF00000896,CREDIT,38090016.38,100000000.00,IDR,ACTIVE,YOG002,2020-08-22
8423850774,CIF00000677,SAVING,50143888.10,,IDR,ACTIVE,PLM001,2019-09-28
8430233457,CIF00000793,SAVING,0.00,,IDR,CLOSED,BPN003,2021-11-05
8434803754,CIF00000730,SAVING,409992948.02,,IDR,DORMANT,YOG003,2025-07-14
8437818436,CIF00000399,SAVING,322995219.90,,IDR,ACTIVE,MDN003,2024-06-25
8438103912,CIF00000822,SAVING,9405.52,,USD,ACTIVE,JKT002,2019-02-09
8445710095,CIF00000888,SAVING,0.00,,IDR,CLOSED,BDG001,2026-09-13
8447521930,CIF00000505,SAVING,45766.98,,USD,ACTIVE,BDG002,2023-01-16
8447931726,CIF00000015,SAVING,282808790.67,,IDR,ACTIVE,SBY001,2014-01-14
8454003858,CIF00000294,CREDIT,6134.84,15000.00,MYR,ACTIVE,KUL003,2018-06-15
8456174792,CIF00000522,SAVING,162384903.81,,IDR,ACTIVE,BDG002,2021-04-16
8460383371,CIF00000721,CREDIT,4107699.47,25000000.00,IDR,ACTIVE,SBY002,2017-01-04
8467018439,CIF00000323,SAVING,230332814.97,,IDR,DORMANT,MDN003,2026-01-16
8473120345,CIF00000936,SAVING,43421486.94,,IDR,DORMANT,SBY002,2026-08-16
8478257071,CIF00000408,SAVING,26478.28,,SGD,ACTIVE,SGP001,2022-04-02
8480402104,CIF00000624,SAVING,14204.13,,USD,ACTIVE,JKT001,2025-07-30
8481411444,CIF00000235,SAVING,99458094.36,,IDR,ACTIVE,MKS003,2017-02-13
8483186147,CIF00000815,SAVING,237733403.36,,IDR,ACTIVE,DPS003,2024-03-12
8483203960,CIF00000975,CREDIT,1396814.96,15000000.00,IDR,ACTIVE,DPS002,2022-06-02
8498629928,CIF00000787,SAVING,272700569.04,,IDR,BLOCKED,JKT001,2024-09-21
8499138123,CIF00000704,TABUNGAN,213743437.51,,IDR,ACTIVE,BDG002,2019-12-27
8506265227,CIF00000434,SAVING,481840211.94,,IDR,ACTIVE,BDG002,2026-09-10
8512373404,CIF00000168,CREDIT,7226573.07,10000000.00,IDR,ACTIVE,BDG001,2022-03-13
8515372548,CIF00000923,SAVING,440090769.21,,IDR,ACTIVE,MDN001,2024-04-12
8519133637,CIF00000982,SAVING,45843214.79,,IDR,DORMANT,PLM001,2025-10-15
8530698468,CIF00000797,CREDIT,9999999999.00,10000000.00,IDR,DORMANT,MKS003,2021-03-03
8531461209,CIF00000485,SAVING,281418021.00,,IDR,ACTIVE,MDN001,2023-12-07
8540124932,CIF00000991,CREDIT,5693144.52,15000000.00,IDR,ACTIVE,BDG001,2025-09-29
8544102127,CIF00000400,CREDIT,6867449.71,10000000.00,IDR,ACTIVE,SBY002,2025-10-04
8544712496,CIF00000691,CREDIT,6956532.38,25000000.00,IDR,ACTIVE  ,BDG001,2011-05-23
8549360936,CIF00000523,SAVING,20705.05,,SGD,ACTIVE,SGP002,2016-04-25
8552573893,CIF00000109,SAVING,398624604.45,,IDR,ACTIVE,YOG001,2019-07-02
8559741827,CIF00000149,SAVING,9999999999.00,,SGD,CLOSED,SGP002,2026-09-16
8573201347,CIF00000866,SAVING,330659317.07,,IDR,ACTIVE,SBY001,2025-05-30
8573885155,CIF00000706,SAVING,39113.08,,SGD,AKTIF,SGP002,16/03/2018
8584491045,CIF00000241,SAVING,2598.58,,SGD,DORMANT,SGP002,2025-04-08
8588913040,CIF00000591,SAVING,32955.92,,SGD,ACTIVE,SGP003,2012-05-16
8593412375,CIF00000618,CREDIT,4864281.41,15000000.00,IDR,ACTIVE,MDN002,2026-09-08
8593764643,CIF00000611,SAVING,53001481.19,,IDR,ACTIVE,SBY001,2025-03-07
8605753289,CIF00000821,SAVING,236389185.27,,IDR,ACTIVE,BDG002,2025-12-05
8610292604,CIF00000484,CREDIT,86821396.08,100000000.00,IDR,ACTIVE,JKT003,2020-09-23
8616100088,CIF00000705,SAVING,396580039.00,,IDR,ACTIVE,BDG001,2022-06-06
8619362751,CIF00000507,SAVING,72312552.44,,IDR,ACTIVE,BDG003,2025-09-02
8621109148,CIF00000281,SAVING,321723093.89,,IDR,suspended,BDG002,2015-07-25
8635530112,CIF00000861,SAVING,198570716.87,,IDR,ACTIVE,JKT003,2013-06-06
8637616436,CIF00000902,SAVING,76697305.69,,IDR,ACTIVE,BDG001,2023-10-04
8641305079,CIF00000533,SAVING,10237538.74,,IDR,ACTIVE,DPS003,2026-03-14
8645218880,CIF00000669,SAVING,400077158.18,,IDR,ACTIVE,BDG003,2017-08-15
8652237694,CIF00000195,SAVING,410497085.37,,IDR,ACTIVE,BDG003,2017-08-05
8653607828,CIF00000536,SAVING,46569.06,,USD,ACTIVE,DPS003,2026-08-01
8663513574,CIF00000502,SAVING,70942765.06,,IDR,ACTIVE,DPS002,2013-07-10
8676187322,CIF00000216,SAVING,328288457.70,,IDR,ACTIVE,MDN002,2018-06-11
8677258337,CIF00000238,SAVING,305687659.48,,IDR,ACTIVE,PLM001,2026-04-15
8678378593,CIF00000421,SAVING,0.00,,SGD,CLOSED,SGP002,2022-04-25
8690015529,CIF00000467,SAVING,22877117.47,,IDR,ACTIVE,BDG002,2024-05-25
8697907817,CIF00000458,CREDIT,1634358.15,10000000.00,IDR,ACTIVE,BDG002,2021-11-08
8710183874,CIF00000453,SAVING,322.38,,USD,ACTIVE,SGP003,2023-12-05
8717672213,CIF00000002,CREDIT,4653.52,5000.00,USD,DORMANT,SGP002,2025-07-07
8722028969,CIF00000568,CREDIT,88028.15,100000.00,USD,ACTIVE,DPS001,2025-10-04
8725385703,CIF00000269,SAVING,27617.35,,SGD,ACTIVE,SGP001,2013-05-18
8729254294,CIF00000990,CREDIT,716.01,5000.00,USD,ACTIVE,BPN001,2018-09-01
8735984185,CIF00000251,SAVING,385180493.50,,IDR,ACTIVE,BDG002,2026-07-31
8736051989,CIF00000415,SAVING,225794128.69,,IDR,ACTIVE,PLM003,2023-03-18
8746576565,CIF00000012,CREDIT,0.00,100000000.00,IDR,CLOSED,SBY003,2025-12-22
8749235423,CIF00000928,CREDIT,54503757.27,100000000.00,IDR,ACTIVE,PLM001,2026-07-03
8750669752,CIF00000692,SAVING,1281077.16,,IDR,CLOSED,BDG001,2025-05-08
8757591392,CIF00000237,SAVING,185065077.02,,IDR,BLOCKED,SMG002,2025-08-30
8760798975,CIF00000377,SAVING,431755776.40,,IDR,ACTIVE,SBY001,2025-12-04
8762723847,CIF00000169,SAVING,16005.05,,USD,ACTIVE,SGP002,2026-05-13
8771984111,CIF00000307,CREDIT,7588484.50,25000000.00,IDR,ACTIVE,JKT002,2024-06-20
8773411959,CIF00000167,SAVING,310333820.76,,IDR,ACTIVE,SBY002,09/02/2012
8775118776,CIF00000353,SAVING,0.00,,IDR,CLOSED,SBY003,2025-07-13
8776172541,CIF00000200,CREDIT,24759533.54,50000000.00,IDR,ACTIVE,SBY001,29/01/2026
8781179770,CIF00000798,CREDIT,3757658.62,5000000.00,IDR,ACTIVE,BPN002,2013-08-13
8784836634,CIF00000536,SAVING,0.00,,IDR,CLOSED,DPS001,2026-04-26
8789836423,CIF00000022,SAVING,478928477.92,,IDR,DORMANT,DPS001,2021-05-08
8793131524,CIF00000300,SAVING,0.00,,IDR,CLOSED,BDG002,2025-12-16
8810457487,CIF00000364,CREDIT,9448.49,15000.00,MYR, ACTIVE,KUL003,2020-08-21
8822438850,CIF00000505,SAVING,10396.10,,USD,ACTIVE,BDG002,2019-10-03
8822549126,CIF00000135,SAVING,262413059.59,,IDR,ACTIVE,BDG001,2015-02-02
8825415724,CIF00000264,SAVING,460673585.27,,IDR,ACTIVE,MDN003,2017-05-07
8826520496,CIF00000866,CREDIT,18492786.75,25000000.00,IDR,DORMANT,SBY001,2026-01-19
8837503329,CIF00000919,SAVING,45221156.87,,IDR,ACTIVE,SMG002,2022-04-26
8838393407,CIF00000202,SAVING,9019047.34,,IDR,ACTIVE,SBY003,2026-07-08
8862872892,CIF00000863,SAVING,4873.70,,SGD,ACTIVE,SGP003,2014-06-10
8865099415,CIF00000211,SAVING,93429690.25,,IDR, ACTIVE,TNG002,2024-10-28
8866719401,CIF00000654,SAVING,57848126.35,,IDR,ACTIVE,DPS003,2010-12-03
8872313647,CIF00000307,SAVING,342186092.09,,IDR,BLOCKED,JKT001,2024-05-08
8875554671,CIF00000506,SAVING,0.00,,IDR,CLOSED,SMG002,2011-01-13
8879444554,CIF00000568,CREDIT,20923216.71,50000000.00,IDR,ACTIVE,DPS003,2025-05-18
8880594203,CIF00000110,SAVING,91323640.18,,IDR,BLOCKED,SBY003,2026-03-04
8899789253,CIF00000091,CREDIT,0.00,100000000.00,IDR,CLOSED,DPS003,2025-07-02
8901320031,CIF00000732,SAVING,31524.04,,USD,ACTIVE,TNG003,2026-09-10
8913644282,CIF00000081,SAVING,260208757.64,,IDR,ACTIVE,PLM002,2023-10-01
8936053819,CIF00000738,SAVING,2984.62,,SGD,ACTIVE,SGP001,2025-12-13
8936533930,CIF00000309,SAVING,193006025.85,,IDR,BLOCKED,BDG001,2024-11-09
8945598155,CIF00000106,checking,493079178.21,,IDR,ACTIVE,TNG002,2026-07-13
8946069484,CIF00000008, SAVING,204506563.35,,IDR,DORMANT,SBY001,2025-12-21
8956341703,CIF00000733,SAVING,211853876.61,,IDR,ACTIVE,BDG001,2026-06-30
8956543255,CIF00000600,SAVING,44711.20,,SGD,ACTIVE,SGP001,2024-08-18
8958354134,CIF00000874,CREDIT,23975751.68,100000000.00,IDR,ACTIVE,JKT001,2025-01-04
8981434897,CIF00000763,SAVING,5290.68,,SGD,ACTIVE,SGP002,2025-09-23
8985942278,CIF00000715,SAVING,478635045.14,,IDR,ACTIVE,MKS003,2021-04-24
8990293912,CIF00000554,SAVING,471566414.58,,IDR,ACTIVE,SBY001,2018-07-11
8992117244,CIF00000579,SAVING,449289324.25,,IDR,ACTIVE,MKS001,2026-01-05
8997538170,CIF00000611,CREDIT,4686.34,50000.00,USD,DORMANT,SBY002,2025-09-11
