customer_id,customer_name,date_of_birth,marital_status,gender,address,city,province,country,zipcode,id_number,id_type,customer_type,email,phone_number,risk_rating,created_date,updated_date
CIF00000001,Zhi Hao Wong,1943-09-11,married,M,Blk 477 Bedok North Rd #10-008,Singapore,Singapore,SG,239777,S4340761I,NRIC,PERSONAL,zhi.hao360@mail.com,+6581204860,LOW,2009-08-02,2024-06-26
CIF00000002,Chloe Lim,2014-09-27,married,F,Blk 415 Orchard Road #06-921,Singapore,Singapore,SG,371613,S5507191H,NRIC,PERSONAL,chloe.lim621@outlook.com,+6584079561,LOW,2021-09-23,2025-08-06
CIF00000003,Ahmad Faiz bin Abdullah,1946-03-17,married,M,"No. 115, Jalan Ampang",Petaling Jaya,Selangor,MY,95172,460317-10-0481,MYKAD,PERSONAL,ahmad.faiz316@gmail.com,+601477399577,MEDIUM,2021-06-15,2021-12-06
CIF00000004,Utama Lazuardi,1957-12-10,married,M,Jalan Ciumbuleuit No. 765,Balikpapan,Kalimantan Timur,ID,55833,6471011012574449,KTP,PERSONAL,utama.lazuardi596@yahoo.com,+62826599604,LOW,2023-10-24,2024-10-29
CIF00000005,Maman Habibi,1980-12-01,married,M,Jl. Otto Iskandardinata No. 44,Denpasar,Bali,ID,75505,5171010112801882,KTP,PERSONAL,maman.habibi437@outlook.com,+628793515042,MEDIUM,2023-12-05,2026-04-18
CIF00000006,PT Mega Makmur,2011-06-20,,,Gg. Jayawijaya No. 9,Surabaya,Jawa Timur,ID,47859,8964436881506,NIB,ORGANIZATION,pt.mega397@gmail.com,+6287600060339,LOW,2014-06-02,2015-02-26
CIF00000007,Faizah Andriani,1985-01-05,widowed,F,Gg. Laswi No. 6,Denpasar,Bali,ID,11146,5171014501856639,KTP,PERSONAL,faizah.andriani429@outlook.com,+6283278401630,LOW,2012-10-04,2022-09-01
CIF00000008,Balidin Prabowo,1987-05-28,married,M,Jl. Surapati No. 249,Surabaya,Jawa Timur,ID,94831,3573012805875561,KTP,PERSONAL,balidin.prabowo844@mail.com,+628661378732,LOW,2025-08-30,2025-11-13
CIF00000009,Jaya Nusantara Pte. Ltd.,1979-02-14,,,Blk 572 Serangoon Central #16-163,Singapore,Singapore,SG,625474,197922032D,UEN,ORGANIZATION,jaya.nusantara114@outlook.com,+6593218909,MEDIUM,2021-10-11,2023-11-07
CIF00000010,Hui Min Chua,1972-07-08,married,F,Blk 318 Jurong West St 42 #14-114,Singapore,Singapore,SG,547471,S7285019J,NRIC,PERSONAL,hui.min413@outlook.com,+6592985062,LOW,2020-09-18,2023-05-20
CIF00000011,Galiono Budiman,2002-07-04,married,M,Jalan Kutai No. 213,Denpasar,Bali,ID,46037,5171010407022152,KTP,PERSONAL,galiono.budiman359@yahoo.com,+6286950723448,LOW,2021-03-15,2021-10-01
CIF00000012,Anggabaya Damanik,2002-09-21,married,M,Jl. Kutisari Selatan No. 17,Malang,Jawa Timur,ID,62844,3573012109021786,KTP,PERSONAL,anggabaya.damanik747@outlook.com,+62814487955,MEDIUM,2024-07-28,2026-04-15
CIF00000013,Laswi Waluyo,2004-12-24,widowed,M,Jalan Kebonjati No. 98,Balikpapan,Kalimantan Timur,ID,40170,6471012412048358,KTP,PERSONAL,laswi.waluyo506@yahoo.com,+6282532791192,LOW,2022-04-11,2023-05-10
CIF00000014,Carla Anggraini,1967-01-28,single,F,Gg. Medokan Ayu No. 43,Semarang,Jawa Tengah,ID,12371,3374016801679100,KTP,PERSONAL,carla.anggraini805@hotmail.com,+62881835919,HIGH,2014-05-28,2026-03-30
CIF00000015,Tania Mayasari,1950-03-25,married,F,Jl. Gardujati No. 76,Surabaya,Jawa Timur,ID,91396,3573016503502502,KTP,PERSONAL,tania.mayasari410@yahoo.com,+6289977820962,MEDIUM,2008-09-04,2025-11-07
CIF00000016,PT Makmur Logistik,2011-02-09,,,Jalan Yos Sudarso No. 167,Surabaya,Jawa Timur,ID,53299,9603603734198,NIB,ORGANIZATION,pt.makmur524@outlook.com,+628282362152,LOW,2017-12-30,2024-06-09
CIF00000017,Maria Pertiwi,1998-11-24,single,F,Jalan Tubagus Ismail No. 2,Tangerang,Banten,ID,29279,3671016411986237,KTP,PERSONAL,maria.pertiwi282@gmail.com,+62815635040,MEDIUM,2018-01-12,2024-05-07
CIF00000018,Prabawa Hardiansyah,2006-12-31,married,M,Gang Gegerkalong Hilir No. 599,Malang,Jawa Timur,ID,512250,3578013112062456,KTP,PERSONAL,prabawa.hardiansyah699@outlook.com,+62843538046,LOW,2025-05-30,2026-03-10
CIF00000019,Sabri Budiyanto,1994-06-25,married,M,Jalan Surapati No. 8,Yogyakarta,DI Yogyakarta,ID,29493,3471012506946808,KTP,PERSONAL,sabri.budiyanto699@outlook.com,+628578446844,LOW,2012-02-12,2019-06-28
CIF00000020,Prasetyo Pangestu,1966-07-16,married,M,Gang Peta No. 37,Jakarta Barat,DKI Jakarta,ID,61565,3171011607660408,KTP,PERSONAL,prasetyo.pangestu177@hotmail.com,+6286831193468,LOW,2015-08-10,2019-04-08
CIF00000021,Gasti Usada,1959-06-01,married,F,Gang HOS. Cokroaminoto No. 4,Yogyakarta,DI Yogyakarta,ID,56247,3471014106595124,KTP,PERSONAL,gasti.usada730@yahoo.com,+6282415748920,MEDIUM,2026-06-20,2026-08-30
CIF00000022,Ifa Andriani,1984-07-04,single,F,Jl. Ahmad Yani No. 6,Denpasar,Bali,ID,49332,5171014407842260,KTP,PERSONAL,ifa.andriani548@yahoo.com,+62811718044,LOW,2019-07-23,2024-12-15
CIF00000023,Muhammad Hafiz Tan,2007-04-03,single,M,Blk 507 Bedok North Rd #25-698,Singapore,Singapore,SG,767297,T0786281J,NRIC,PERSONAL,muhammad.hafiz254@mail.com,+6588222014,LOW,2025-08-25,2026-06-03
CIF00000024,Gandi Wijaya,1987-07-07,married,M,Gg. Suryakencana No. 312,Surabaya,Jawa Timur,ID,55744,3578010707873829,KTP,PERSONAL,gandi.wijaya15@outlook.com,+62848491404,MEDIUM,2019-04-29,2019-09-02
CIF00000025,CV Harapan Global,2000-06-20,,,Jl. Jend. A. Yani No. 958,Malang ,Jawa Timur,ID,30432,5035018444101,NIB,ORGANIZATION,cv.harapan441@gmail.com,+6286444369564,LOW,2015-12-08,2016-10-23
CIF00000026,Harsana Pradipta,1939-08-26,single,M,Gg. Ronggowarsito No. 9,Jakarta Pusat,DKI Jakarta,ID,67440,3173012608394187,KTP,PERSONAL,harsana.pradipta456@hotmail.com,+62823034155,MEDIUM,2018-03-30,2023-10-22
CIF00000027,Diah Nasyiah,2004-10-31,married,F,Gang Cikutra Barat No. 179,Denpasar,Bali,ID,50659,5171017110044913,KTP,PERSONAL,diah.nasyiah681@hotmail.com,+628756917278,MEDIUM,2026-03-08,2026-03-11
CIF00000028,dr. Irwan Lazuardi,1964-05-22,single,M,Gg. Gardujati No. 64,Yogyakarta,DI Yogyakarta,ID,17481,3471012205646568,KTP,PERSONAL,irwan.lazuardi651@outlook.com,+628731582773,LOW,2019-11-07,2026-06-11
CIF00000029,Pia Wulandari,1965-04-29,married,F,Jl. Indragiri No. 0,Balikpapan,Kalimantan Timur,ID,84383,6471016904655100,KTP,PERSONAL,pia.wulandari980@gmail.com,+6285206650731,LOW,2018-04-22,2023-09-21
CIF00000030,Muhammad Hafiz Goh,1977-12-05,married,M,Blk 284 Woodlands Dr 14 #02-032,Singapore,Singapore,SG,503216,S7743067E,NRIC,PERSONAL,muhammad.hafiz372@mail.com,+6595710555,LOW,2011-10-15,2015-02-14
CIF00000031,Nadia Hasanah,1883-03-11,single,F,Jl. Jakarta No. 4,Bogor,Jawa Barat,ID,86598,3271014803951484,KTP,PERSONAL,nadia.hasanah377@outlook.com,+628217457653,LOW,2018-04-28,2019-06-22
CIF00000032,Cinthia Puspasari,1956-03-12,single,F,Gg. Joyoboyo No. 7,Palembang,Sumatera Selatan,ID,88754,1671015203562992,KTP,PERSONAL,cinthia.puspasari282@gmail.com,+6283371439987,LOW,2014-03-25,2020-05-27
CIF00000033,Kawaya Prasetyo,2028-04-25,married,M,Gg. Kutisari Selatan No. 9,Jakarta Selatan,DKI Jakarta,ID,81209,3173012702019201,KTP,PERSONAL,kawaya.prasetyo299@outlook.com,+62883308640,LOW,2024-07-03,2026-09-08
CIF00000034,PT Prima Maju,1982-11-09,,,Gg. Cihampelas No. 6,Balikpapan,Kalimantan Timur,ID,65179,6621827928678,NIB,ORGANIZATION,pt.prima574@outlook.com,+6284473471406,LOW,2017-06-08,2026-01-01
CIF00000035,Bintang Cahaya Sdn. Bhd.,2022-10-22,,,"No. 156, Jalan Klang Lama",Kuala Lumpur,Wilayah Persekutuan Kuala Lumpur,MY,61929,202201333311,SSM,ORGANIZATION,bintang.cahaya810@outlook.com,+601611092076,MEDIUM,2024-01-28,2025-02-13
CIF00000036,Siti Aisyah Chua,2001-06-06,single,F,Blk 616 Bedok North Rd #04-246,Singapore,Singapore,SG,559298,T0111185F,NRIC,PERSONAL,siti.aisyah727@mail.com,+6582677959,LOW,2020-07-05,2024-01-01
CIF00000037,Omar Marpaung,1987-11-16,single,M,Jl. Cihampelas No. 8,Yogyakarta,DI Yogyakarta,ID,72887,3471011611875703,KTP,PERSONAL,omar.marpaung722@yahoo.com,+6285488544791,HIGH,2020-08-19,2020-03-01
CIF00000038,Bajragin Wibowo,1976-03-24,single,M,Jl. Rungkut Industri No. 337,Surabaya,Jawa Timur,ID,87892,3573012403761140,KTP,PERSONAL,bajragin.wibowo682@outlook.com,+62863960704,LOW,2020-11-23,2024-02-01
CIF00000039,Mariadi Hutasoit,1993-05-26,single,M,Gang Gardujati No. 4,Makassar,Sulawesi Selatan,ID,43291,7371012605933341,KTP,PERSONAL,mariadi.hutasoit904@@yahoo.com,+628240908765,HIGH,2018-10-17,2020-06-07
CIF00000040,Irma Padmasari,1992-07-11,married,F,Gg. Stasiun Wonokromo No. 04,Palembang,Sumatera Selatan,ID,43107,1671015107920810,KTP,PERSONAL,irma.padmasari102@outlook.com,+62873819030,LOW,2022-06-12,2024-10-05
CIF00000041,Anita Sudiati,1941-06-04,married,F,Jl. Jakarta No. 6,Denpasar,Bali,ID,36290,5171014406414861,KTP,PERSONAL,anita.sudiati768@hotmail.com,+628696204982,MEDIUM,2016-04-01,2026-01-01
CIF00000042,Sidiq Simbolon,1988-12-22,single,M,Jalan Ahmad Dahlan No. 20,Tangerang,Banten,ID,77216,3671012212880877,KTP,PERSONAL,sidiq.simbolon771@outlook.com,+62861417653,LOW,2020-03-30,2026-05-13
CIF00000043,Nasim Wasita,1944-12-20,married,M,Jl. Cikutra Timur No. 3,Semarang,Jawa Tengah,ID,35670,3374012012445734,KTP,PERSONAL,nasim.wasita226@hotmail.com,+628173924401,LOW,2026-06-26,2026-07-03
CIF00000044,Tan Xin Yi,1958-10-18,single,F,"No. 141, Jalan Klang Lama",Kuala Lumpur,Wilayah Persekutuan Kuala Lumpur,MY,46143,581018-14-3148,MYKAD,PERSONAL,tan.xin716@outlook.com,+601397010599,MEDIUM,2018-02-24,2019-06-03
CIF00000045,CV Mitra Digital,1984-05-28,,,Gg. K.H. Wahid Hasyim No. 44,Malang,Jawa Timur,ID,17223,5460358796680,NIB,ORGANIZATION,cv.mitra564@gmail.com,+6288247292535123456,LOW,2022-07-30,2023-05-31
CIF00000046,Yunita Prastuti,1952-03-18,single,F,Gg. Rungkut Industri No. 49,Yogyakarta,DI Yogyakarta,ID,24168,3471015803529416,KTP,PERSONAL,yunita.prastuti115@gmail.com,+628119856267,LOW,2010-10-23,2014-09-12
CIF00000047,CV Sinar Abadi,1994-09-26,married,M,Gang Kebonjati No. 5,Jakarta Pusat,DKI Jakarta,ID,19255,9172232520705,NIB,ORGANIZATION,cv.sinar794@hotmail.com,+6281242174131,HIGH,2025-12-23,2026-06-21
CIF00000048,PT Mitra Prima,1982-11-26,,,Jl. Ahmad Yani No. 419,Surabaya,Jawa Timur,ID,65070,2886429822843,NIB,ORGANIZATION,pt.mitra76@gmail.com,+628416761517,LOW,2023-06-07,2025-06-12
CIF00000049,Yance Agustina,1970-06-19,single,F,Jalan Kebonjati No. 8,Makassar,Sulawesi Selatan,ID,16569,7371015906709154,KTP,PERSONAL,yance.agustina426@mail.com,+62818527292,LOW,2017-01-11,2020-03-07
CIF00000050,PT Mega Prima,2011-12-10,,,Gg. Joyoboyo No. 282,Jakarta Barat,DKI Jakarta,ID,99630,8189426029204,NIB,ORGANIZATION,pt.mega551@yahoo.com,+628976703034,LOW,2020-11-07,2023-11-15
CIF00000051,Kala Manullang,1963-02-01,single,M,Jl. Jakarta No. 85,Malang,Jawa Timur,ID,89330,3573010102638695,KTP,PERSONAL,kala.manullang742@hotmail.com,+62839919753,LOW,2024-07-29,2026-09-09
CIF00000052,CV Makmur Digital,1987-03-08,,,Jalan Veteran No. 305,Jakarta Barat,DKI Jakarta,ID,66761,1936852199326,NIB,ORGANIZATION,cv.makmur798@gmail.com,+62821275178,LOW,2009-02-22,2018-11-23
CIF00000053,PT Nusantara Sentosa,2015-12-16,,,Gang Rungkut Industri No. 271,Bandung,Jawa Barat,ID,25012,7581086792399,NIB,ORGANIZATION,pt.nusantara733@hotmail.com,+628680923528,LOW,2017-10-26,2019-05-27
CIF00000054,Ajiono Firmansyah,1996-05-04,divorced,M,Gang Raya Ujungberung No. 053,Surabaya,Jawa Timur,ID,57339,3578010405965768,KTP,PERSONAL,ajiono.firmansyah549@mail.com,+6282660497747,LOW,2019-02-08,2024-11-03
CIF00000055,Maya Permata,1947-02-19,single,F,Gg. H.J Maemunah No. 94,Makassar,Sulawesi Selatan,ID,88571,7371015902470303,KTP,PERSONAL,maya.permata30@mail.com,+62831068376,LOW,2016-10-05,2024-07-04
CIF00000056,Yani Hastuti,1951-07-03,married,F,Gang Pasir Koja No. 451,Jakarta Barat,DKI Jakarta,ID,72120,3173014307511773,KTP,PERSONAL,yani.hastuti15@outlook.com,+62887227169,LOW,2022-12-08,2023-04-29
CIF00000057,Puti Rahayu,1968-12-11,single,F,Gg. Gardujati No. 794,Makassar,Sulawesi Selatan,ID,51678,7371015112688723,KTP,PERSONAL,puti.rahayu920@hotmail.com,+6288595226835,LOW,2022-09-19,2026-08-09
CIF00000058,Patricia Halimah,1969-03-07,single,F,Jl. Monginsidi No. 74,Denpasar,Bali,ID,67647,5171014703695977,KTP,PERSONAL,patricia.halimah898@outlook.com,+62825038903,LOW,2012-08-03,2023-04-12
CIF00000310,Panji Damanik,1983-06-11,married,M,Jalan M.T Haryono No. 46,Yogyakarta,DI Yogyakarta,ID,53167,3471011106836225,KTP,PERSONAL,panji.damanik964@hotmail.com,+628721472215,MEDIUM,2015-12-02,2018-11-30
CIF00000059,Patricia Nurdiyanti,1984-10-22,single,F,Jl. Kiaracondong No. 71,Palembang,Sumatera Selatan,ID,19882,1671016210848682,KTP,PERSONAL,patricia.nurdiyanti646@outlook.com,+62824013441,LOW,2013-11-20,2025-08-12
CIF00000060,PT Cahaya Teknologi,2011-09-25,,,Jl. Gardujati No. 73,Palembang,Sumatera Selatan,ID,23078,8173981163040,NIB,ORGANIZATION,pt.cahaya646@yahoo.com,+628928317959,LOW,2025-07-05,2026-03-26
CIF00000061,Puspa Wijayanti,1945-05-04,married,F,Jl. Bangka Raya No. 90,Surabaya,Jawa Timur,ID,50589,3578014405457504,KTP,PERSONAL,puspa.wijayanti378@yahoo.com,+6284746411653,LOW,2011-06-08,2025-08-28
CIF00000062,CV Bintang Trading,2005-09-12,,,Gg. Asia Afrika No. 3,Jakarta Selatan,DKI Jakarta,ID,27521,6747868865392,NIB,ORGANIZATION,cv.bintang481@hotmail.com,+6282395571667,HIGH,2020-10-01,2019-11-19
CIF00000063,   ,1976-08-15,,,Gg. Antapani Lama No. 4,Bandung,Jawa Barat,ID,18839,1879585273718,NIB,ORGANIZATION,pt.asia350@outlook.com,+628191646090,LOW,2023-07-17,2023-09-03
CIF00000064,Olga Latupono,2008-03-08,single,M,Jalan Pasirkoja No. 45,Makassar,Sulawesi Selatan,ID,46121,7371010803081193,KTP,PERSONAL,olga.latupono722@mail.com,+62837789530,MEDIUM,2025-04-20,2026-08-23
CIF00000065,Ghaliyati Yuliarti,1966-01-11,single,F,Gg. Waringin No. 1,Bogor,Jawa Barat,ID,69982,3271015101668284,KTP,PERSONAL,ghaliyati.yuliarti264@outlook.com,+62824774307,LOW,2021-04-09,2021-09-19
CIF00000066,Eva Usamah,1963-08-25,married,F,Gang Sadang Serang No. 701,Medan,Sumatera Utara,ID,57864,1271016508634281,KTP,PERSONAL,eva.usamah274@yahoo.com,+628421406555,LOW,2014-11-30,2021-02-23
CIF00000067,Anggabaya Dongoran,2008-03-07,single,M,Gang Jend. Sudirman No. 77,Surabaya,Jawa Timur,ID,80169,3578010703089375,KTP,PERSONAL,anggabaya.dongoran969@outlook.com,+62883235276,MEDIUM,2025-06-32,2025-11-09
CIF00000068,Martani Pratama,1967-10-03,divorced,M,Jl. Siliwangi No. 74,Denpasar,Bali,INA,71852,51710O0310674822,KTP,PERSONAL,martani.pratama218@gmail.com,+6283381119245,LOW,2013-08-05,2023-12-29
CIF00000069,"Prabu Winarno, M.M.",1997-05-14,married,M,Gg. Yos Sudarso No. 466,Balikpapan,Jawa Tengah,ID,78481,6471011405977139,KTP,PERSONAL,prabu.winarno293@outlook.com,+62867199414,MEDIUM,2023-03-03,2023-12-17
CIF00000070,Zhi Hao Ng,1978-02-24,divorced,M,Blk 420 Orchard Road #03-109,Singapore,Singapore,SG,426625,S7899471A,NRIC,PERSONAL,zhi.hao824@gmail.com,+6598198742,LOW,2020-09-17,2021-02-03
CIF00000071,Mohd Hafiz bin Abdullah,1997-04-16,married,M,"No. 106, Persiaran Kayangan",Kuala Lumpur,Wilayah Persekutuan Kuala Lumpur,MY,51104,970416-14-9425,MYKAD,PERSONAL,mohd.hafiz386@yahoo.com,+60195289156,LOW,2026-07-27,2026-09-26
CIF00000072,Warsa Megantara,1974-08-11,single,M,Jalan Kutisari Selatan No. 24,denpasar,Bali,ID,54924,5171011108740937,KTP,PERSONAL,warsa.megantara926@outlook.com,+628157689665,LOW,2022-10-27,2023-09-11
CIF00000653,Muni Kuswoyo,1941-03-15,married,M,Jl. Erlangga No. 098,Jakarta Barat,DKI Jakarta,ID,20994,3174011503416680,KTP,PERSONAL,muni.kuswoyo662@outlook.com,+62812000000,LOW,2008-03-21,2012-04-03
CIF00000073,Ida Zulaika,1969-02-11,married,F,Gang Bangka Raya No. 0,Surabaya,Jawa Timur,ID,79398,3578015102698603,KTP,PERSONAL,ida.zulaika770@hotmail.com,+628177359289,LOW,2015-02-03,2025-07-13
CIF00000074,Siska Puspita,1947-02-08,married,F,Jalan Yos Sudarso No. 085,Balikpapan,Kalimantan Timur,ID,12359,6471014802471103,KTP,PERSONAL,siska.puspita599@hotmail.com,+62851045429,LOW,2017-10-15,2025-10-24
CIF00000075,Jamalia Utami,1938-06-04,married,F,Gang Yos Sudarso No. 79,Medan,Sumatera Utara,ID,90775,1271014406383271,KTP,PERSONAL,jamalia.utami383@mail.com,+628869529203,LOW,2021-07-04,2024-11-28
CIF00000076,Ade Pratiwi,2000-11-21,married,F,Jalan Erlangga No. 625,Bekasi,Jawa Barat,ID,31623,3273016111001595,KTP,PERSONAL,ade.pratiwi840@mail.com,+62885273082,MEDIUM,2026-01-20,2026-08-02
CIF00000077,"Ella Padmasari, S.E.",1940-05-29,single,F,Gang Abdul Muis No. 658,Jakarta Selatan,DKI Jakarta,ID,44334,3173016905405832,KTP,PERSONAL,ella.padmasari193@mail.com,+6289286650772,MEDIUM,2022-04-26,2022-06-08
CIF00000078,PT Mega Pacific,2015-10-25,,,Gang K.H. Wahid Hasyim No. 260,Palembang,Sumatera Selatan,ID,22746,2908808294809,NIB,ORGANIZATION,pt.mega855@mail.com,+6287930628522,MEDIUM,2016-01-16,2020-10-22
CIF00000079,Drajat Ramadan,1965-02-13,married,M,Gg. Rungkut Industri No. 954,Bogor,Jawa Barat,ID,59857,3275011302659336,KTP,PERSONAL,drajat.ramadan530@yahoo.com,+6283714667168,LOW,2023-03-13,2023-04-11
CIF00000080,PT Pacific Industri,2019-02-11,,,Jalan Jamika No. 66,Tangerang City,Banten,ID,28654,6844204391463,NIB,ORGANIZATION,pt.pacific777@,+628292110109,LOW,2022-05-20,2025-09-15
CIF00000081,Darimin Narpati,1955-09-25,divorced,M,Jalan Pelajar Pejuang No. 494,Palembang,Sumatera Selatan,ID,89186,1671012509550378,KTP,PERSONAL,darimin.narpati50@yahoo.com,+6285363011191,LOW,2010-10-15,2025-10-08
CIF00000082,Safina Hastuti,1900-01-01,married,F,Jalan Otto Iskandardinata No. 208,Bogor,Jawa Barat,ID,43889,3275015606562682,KTP,PERSONAL,safina.hastuti690@mail.com,+628655390530,LOW,2019-12-27,2024-09-03
CIF00000083,Violet Palastri,2001-02-10,married,F,Gang Cikutra Timur No. 830,Makassar,Sulawesi Selatan,ID,74428,7371015002016478,KTP,PERORANGAN,violet.palastri917@gmail.com,+628640650296,MEDIUM,2023-01-16,2026-07-09
CIF00000084,Kariman Gunawan,1954-08-15,single,M,Gg. Raya Setiabudhi No. 70,Palembang,Sumatera Selatan,ID,61042,1671011508542232,KTP,PERSONAL,kariman.gunawan656@hotmail.com,+62885249922,LOW,2019-07-14,2022-07-09
CIF00000085,Prakosa Pranowo,1938-07-02,married,M,Gg. Astana Anyar No. 08,Bekasi,Jawa Barat,ID,14951,3276010207388479,KTP,PERSONAL,prakosa.pranowo460@outlook.com,+6282503977053,LOW,2010-06-01,2020-05-11
CIF00000086,Nusantara Mega Sdn. Bhd.,2007-03-12,,,"No. 191, Jalan Bukit Bintang",Shah Alam,Selangor,MY,60485,200701676467,SSM,ORGANIZATION,nusantara.mega306@outlook.com,+60112060363,HIGH,2011-08-27,2026-07-22
CIF00000087,Tan Arjun,1966-03-03,single,M,Blk 393 Pasir Ris Dr 6 #13-545,Singapore,Singapore,SG,202560,S6613870D,NRIC,PERSONAL,tan.arjun284@yahoo.com,96962313,LOW,2015-12-02,2025-07-30
CIF00000088,PT Abadi Mitra,2016-01-30,,,Jalan Tubagus Ismail No. 99,Jakarta Selatan,DKI Jakarta,ID,83903,1432303908227,NIB,ORGANIZATION,pt.abadi364@hotmail.com,+6281228984825,MEDIUM,2023-08-04,2025-06-26
CIF00000089,Lala Padmasari,1945-07-27,single,F,Jalan Siliwangi No. 13,Tangerang,Banten,ID,30216,3671016707453009,KTP,PERSONAL,lala.padmasari792@mail.com,+628520461954,LOW,2013-09-26,2018-10-21
CIF00000090,Kania Laksmiwati,1970-11-27,single,F,Gang Ciwastra No. 549,Makassar,Sulawesi Selatan,ID,92392,7371016711702007,KTP,PERSONAL,kania.laksmiwati758@yahoo.com,+62862441851,LOW,2019-11-16,2020-10-31
CIF00000091,Ika Hasanah,1972-10-25,single,F,Jalan Dipenogoro No. 1,Denpasar,Bali,ID,99870,5171016510720135,KTP,PERSONAL,ika.hasanah342@yahoo.com,+62872333435,LOW,2025-04-24,2026-07-10
CIF00000092,Abadi Bintang Pte. Ltd.,1986-07-10,,,Blk 475 Serangoon Central #22-148,Singapore,Singapore,SG,734995,198683658F,UEN,ORGANIZATION,abadi.bintang183@yahoo.com,+6585395679,MEDIUM,2012-01-05,2017-09-07
CIF00000093,Emin Marbun,1964-07-04,single,M,Gg. Astana Anyar No. 5,Tangerang,Banten,ID,84211,3671010407641720,KTP,PERSONAL,,,LOW,2024-03-17,2025-10-29
CIF00000094,Padmi Yolanda,1949-08-13,single,F,Gang Kiaracondong No. 29,Balikpapan,Kalimantan Timur,ID,87198,6471015308497348,KTP,PERSONAL,padmi.yolanda616@outlook.com,+62869365811,LOW,2009-12-28,2013-05-25
CIF00000095,PT Sentosa Jaya,1979-02-15,,,Gg. Pacuan Kuda No. 71,Makassar,Sulawesi Selatan,ID,37256,3241666209405,NIB,ORGANIZATION,pt.sentosa663@mail.com,+62831484840,LOW,2014-10-28,2026-05-20
CIF00000096,Ratih Nuraini,1958-06-27,married,F,Gang Lembong No. 2,Bandung,Jawa Barat,ID,74341,3271016706580873,KTP,PERSONAL,ratih.nuraini180@outlook.com,+6285986218635,LOW,2011-12-23,2024-11-16
CIF00000097,Edi Anggriawan,1980-11-22,married,M,Gg. Laswi No. 1,Makassar,Sulawesi Selatan,ID,10219,7371012211803005,KTP,PERSONAL,edi.anggriawan458@yahoo.com,+62888755374,LOW,2009-05-14,2021-01-26
CIF00000098,Lutfan Prayoga,28/03/2009,married,M,Jalan Suniaraja No. 21,Semarang,Jawa Tengah,ID,70819,3374012803096393,KTP,PERSONAL,lutfan.prayoga499@yahoo.com,+62859578003,LOW,2026-04-11,2026-09-01
CIF00000099,Ira Pratiwi,1966-01-13,married,F,Gang Peta No. 2,Depok,Jawa Barat,ID,33049,32750153016696377,KTP,PERSONAL,ira.pratiwi352@mail.com,+628440474190,LOW,2025-09-28,2025-11-15
CIF00000100,PT Mandiri Teknologi,1977-11-15,,,Gg. Pasir Koja No. 464,Bandung,Jawa Barat,ID,57434,1920084356010,KTP,ORGANIZATION,pt.mandiri583@hotmail.com,+62852280617,LOW,2024-03-20,2024-10-28
CIF00000101,Ayu Nuraini,1974-08-09,married,F,Gang Cikapayang No. 34,Denpasar ,Bali,ID,61755,5171014908745879,KTP,PERSONAL,ayu.nuraini206@outlook.com,+628351536121,LOW,2016-08-29,2017-06-24
CIF00000102,Harapan Industri Sdn. Bhd.,1990-10-20,,,"No. 110, Jalan Sultan Ismail",Kuala Lumpur,Wilayah Persekutuan Kuala Lumpur,MY,90094,199001259961,SSM,ORGANIZATION,harapan.industri680@outlook.com,+60156275789,LOW,2010-11-11,2011-04-30
CIF00000103,Wirda Purwanti,1983-09-03,married,F,Gg. Kutai No. 40,Jakarta Barat,DKI Jakarta,ID,33724,3171014309832728,KTP,PERSONAL,wirda.purwanti587@yahoo.com,+62893195814,MEDIUM,2018-09-17,2025-10-09
CIF00000104,Vanya Nurdiyanti,1982-01-15,single,F,Jalan Indragiri No. 359,Tangerang,Banten,ID,14839,3671015501822939,KTP ,PERSONAL,vanya.nurdiyanti360@gmail.com,+6285165121130,LOW,2023-08-31,2023-12-21
CIF00000105,Anastasia Permata,,single,F,Gang Moch. Toha No. 482,Depok,Jawa Barat,ID,83433,3273015403961148,KTP,PERSONAL,anastasia.permata542@mail.com,+62864568890,LOW,2019-12-25,2024-01-13
CIF00000106,Sarah Pratiwi,1967-12-17,single,F,Gg. Ir. H. Djuanda No. 597,Tangerang,Banten,ID,30197,3671015712677004,KTP,PERSONAL,sarah.pratiwi141@hotmail.com,+62829892362,LOW,2026-05-28,2025-11-01
CIF00000107,Arjun Teo,2009-04-19,married,M,Blk 117 Jurong West St 42 #05-498,Singapore,Singapore,SG,393987,T0955900G,NRIC,PERSONAL,arjun.teo982@outlook.com,+6596286761,LOW,2026-04-30,2026-05-18
CIF00000108,Mei Ling Lim,1988-03-19,married,F,Blk 825 Clementi Ave 2 #07-759,Singapore,Singapore,SG,619164,S8827842I,NRIC,PERSONAL,mei.ling562@outlook.com,+6583353391,MEDIUM,2012-11-21,2026-08-29
CIF00000109,Aswani Januar,1970-01-30,married,M,Jalan Cempaka No. 6,Yogyakarta,DI Yogyakarta,ID,37505,34710130017095,KTP,PERSONAL,aswani.januar824@mail.com,+628422481873,LOW,2014-01-19,2020-11-14
CIF00000110,Alambana Zulkarnain,1974-09-05,single,M,Jalan Tebet Barat Dalam No. 1,Malang,Jawa Timur,ID,24035,3573010509740070,KTP,PERSONAL,alambana.zulkarnain786@yahoo.com,+62854545070,LOW,2016-03-08,2018-06-26
CIF00000111,Hari Hardiansyah,1951-02-11,married,M,Jalan M.H Thamrin No. 4,Bandung,Jawa Barat,ID,70413,3273011102517512,KTP,PERSONAL,hari.hardiansyah334@mail.com,+62891345922,LOW,2012-12-10,2022-02-07
CIF00000112,Nalar Mangunsong,1961-11-13,divorced,M,Jalan Pasir Koja No. 487,Bogor,Jawa Barat,ID,85696,3275011311614409,KTP,PERSONAL,nalar.mangunsong80@gmail.com,839142201,LOW,2011-10-27,2013-11-15
CIF00000113,PT Pacific Abadi,2015-07-03,,,Gang Jakarta No. 0,Tangerang,Banten,ID,63523,2489901658708,NIB,ORGANIZATION,pt.pacific30@outlook.com,+628653398653,LOW,2022-02-04,2026-05-31
CIF00000114,Kunthara Ardianto,1953-11-23,single,M,Gg. Peta No. 39,Balikpapan,Kalimantan Timur,ID,46858,6471012311534172,KTP,PERSONAL,kunthara.ardianto866@gmail.com,+62834260679,LOW,2023-04-01,2025-01-22
CIF00000115,Iriana Wijayanti,1983-02-04,single,F,Jl. Yos Sudarso No. 2,Malang,Jawa Timur,ID,24207,,KTP,PERSONAL,iriana.wijayanti94@mail.com,+62874400194,LOW,2023-09-30,2024-11-15
CIF00000116,Ibrani Prasasta,1984-12-28,married,M,Jl. Astana Anyar No. 426,Surabaya,Jawa Timur,ID,32870,3573012812844846,KTP,PERSONAL,ibrani.prasasta832@mail.com,+6287534694845,LOW,2009-07-23,2015-09-21
CIF00000117,Anis binti Ahmad,1980-11-16,single,F,"No. 100, Jalan SS2/24",Shah Alam,Selangor,MY,67396,801116-10-4746,MYKAD,PERSONAL,anis.binti470@hotmail.com,+60172382055,LOW,2024-04-04,2026-07-04
CIF00000118,PT Jaya Abadi,1996-12-30,,,Jl. Ciumbuleuit No. 777,Bogor,Jawa Barat,ID,51166,2648982756718,NIB,ORGANIZATION,pt.jaya494@gmail.com,+628616864825,LOW,2010-07-16,2021-08-11
CIF00000119,Wani Hassanah,1946-09-07,married,F,Gg. Abdul Muis No. 3,Yogyakarta,DI Yogyakarta,ID,21461,3471014709462377,KTP,PERSONAL,wani.hassanah48@hotmail.com,+628695542598,LOW,2014-12-11,2017-10-27
CIF00000120,Siti Nurhaliza binti Ahmad,1990-02-17,single,F,"No. 51, Jalan Klang Lama",Petaling Jaya,Selangor,MY,40655,900217-10-2900,MYKAD,PERSONAL,siti.nurhaliza458@yahoo.com,+60117084786,LOW,2025-10-22,2026-02-06
CIF00000121,Sentosa Karya Sdn. Bhd.,1978-12-05,,,"No. 163, Jalan Tebrau",Kuala Lumpur,Wilayah Persekutuan Kuala Lumpur,MY,33980,197801563277,SSM,ORGANIZATION,sentosa.karya698@hotmail.com,+60135382867,LOW,2011-06-26,2017-10-22
CIF00000122,Rusman Nashiruddin,1974-10-18,single,M,Gg. Pasir Koja No. 316,Makassar,Sulawesi Selatan,ID,38199,7371011810741325,KTP,PERSONAL,rusman.nashiruddin941@hotmail.com,+628523140049,LOW,2025-04-04,2025-09-27
CIF00000123,Zizi Riyanti,2002-11-20,married,F,Jl. Lembong No. 19,Medan,Sumatera Utara,ID,48126,1271016011021103,KTP,PERSONAL,zizi.riyanti281@yahoo.com,+62869147762,LOW,2023-10-04,2026-07-27
CIF00000124,Dirja Marpaung,1942-11-06,married,M,Gang Merdeka No. 486,Bekasi,Jawa Barat,ID,12497,3276010612421196,KTP,PERSONAL,dirja.marpaung797@gmail.com,+6289abc5846,MEDIUM,2009-08-25,2023-06-25
CIF00000125,Hakim bin Abdullah,1999-12-02,single,M,"No. 67, Jalan Tun Razak",Kuala Lumpur,Wilayah Persekutuan Kuala Lumpur,MY,87514,991202-14-7461,MYKAD,PERSONAL,hakim.bin118@outlook.com,+60111063967,LOW,2020-09-08,2021-06-14
CIF00000126,Jono Sihotang,1963-04-04,single,M,Gg. Rungkut Industri No. 175,Medan,Sumatera Utara,ID,23894,1271010404631756,KTP,PERSONAL,jono.sihotang118@outlook.com,+62814076895,MEDIUM,2017-03-14,2026-03-13
CIF00000127,Raina Hasanah,1990-02-26,married,F,Jalan Tubagus Ismail No. 68,Bandung,Jawa Barat,ID,52583,3276016602901474,KTP,PERSONAL,raina.hasanah279@yahoo.com,+62887293905,MEDIUM,2018-04-18,2019-02-06
CIF00000128,Tasnim Mansur,1942-10-25,married,M,Jalan Ciwastra No. 484,Depok,Jawa Barat,ID,46384,3273012510427241,KTP,PERSONAL,tasnim.mansur138@gmail.com,+628736275065,LOW,2019-03-04,2025-06-02
CIF00000129,Hesti Purwanti,1944-08-23,divorced,F,Gg. Ahmad Dahlan No. 4,Bogor,Jawa Barat,ID,73480,3271016308447394,KTP,PERSONAL,hesti.purwanti645@mail.com,+62819160799,LOW,2022-06-29,2024-06-04
CIF00000130,Zelda Safitri,19501127,single,F,Gg. Pasir Koja No. 12,Yogyakarta,DI Yogyakarta,ID,35480,3471016711500732,KTP,PERSONAL,zelda.safitri84@gmail.com,+628895595830,MEDIUM,2022-01-26,2023-12-09
CIF00000131,Wong Chloe,2001-09-01,single,F,Blk 324 Orchard Road #09-230,Singapore,Singapore,SG,687151,T0129187J,NRIC,PERSONAL,wong.chloe798@yahoo.com,+6584455954,LOW,2023-06-14,2025-11-28
CIF00000132,Siti Aisyah Chua,1989-01-28,married,F,Blk 559 Orchard Road #22-641,Singapore,Singapore,SG,ABCDE,S8976501C,NRIC,PERSONAL,siti.aisyah617@yahoo.com,+6583405465,LOW,2025-05-09,2026-03-14
CIF00000133,Uli Mandasari,1998-07-06,married,F,Jl. Cikapayang No. 56,Bandung,Jawa Barat,ID,76903,3273014607983841,KTP,PERSONAL,uli.mandasari278@gmail,+6282747242646,LOW,2021-02-17,2021-07-18
CIF00000134,Mala Handayani,1983-09-23,single,F,Jl. Rungkut Industri No. 1,Medan,Sumatera Utara,ID,43705,1271016309830121,KTP,PERSONAL,mala.handayani385@outlook.com,+628656152689,LOW,2020-11-18,2026-07-25
CIF00000135,Uli Yuniar,1993-10-18,divorced,F,Jl. Veteran No. 52,Bekasi,Jawa Barat,ID,20324,3271015810938341,KTP,PERSONAL,uli.yuniar473@hotmail.com,+62885752587,LOW,2012-12-09,2016-11-13
CIF00000136,Sentosa Mandiri Pte. Ltd.,2009-10-01,,,Blk 771 Tampines Ave 5 #23-145,Singapore,Singapore,SG,705059,200963123B,UEN,ORGANIZATION,sentosa.mandiri760@gmail.com,+6592642210,MEDIUM,2010-05-14,2023-10-21
CIF00000137,Kiandra Laksmiwati,1938-03-09,single,F,Gg. Sentot Alibasa No. 99,Surabaya,Jawa Timur,ID,33409,3573014903386759,KTP,PERSONAL,kiandra.laksmiwati222@mail.com,+62845057715,HIGH,2021-06-16,2026-06-23
CIF00000138,PT Maju Mandiri,2017-06-13,,,Jalan Medokan Ayu No. 535,Semarang,Jawa Tengah,ID,43803,7148703891444,NIB,ORGANIZATION,pt.maju896@yahoo.com,+62899485098,HIGH,2021-04-21,2026-01-03
CIF00000139,Hamima Rahayu,1963-10-08,married,F,Jl. Moch. Ramdan No. 784,Malang,Jawa Timur,ID,46681,,KTP,PERSONAL,hamima.rahayu711@outlook.com,+628518552422,MEDIUM,2025-05-25,2026-09-11
CIF00000140,Calista Namaga,1993-12-24,single,F,Gg. Ciwastra No. 908,Jakarta Pusat,DKI Jakarta,ID,ABCDE,3174016412936233,KTP,PERSONAL,calista.namaga495@gmail.com,+6281136611200,LOW,2018-03-25,2019-03-21
CIF00000141,Maras Hidayanto,1963-03-06,single,M,Jl. Rungkut Industri No. 721,Bogor,Jawa Barat,ID,58118,3275010603637896,KTP,PERSONAL,maras.hidayanto588@gmail.com,+6282333896864,MEDIUM,2010-02-04,2020-07-01
CIF00000142,Mega Jaya Sdn. Bhd.,1982-06-16,,,"No. 77, Jalan Sultan Ismail",Petaling Jaya,Selangor,MY,50693,198201673726,SSM,ORGANIZATION,mega.jaya193@gmail.com,+60148455182,MEDIUM,2013-11-08,2025-07-11
CIF00000143,Purwa Saptono,1975-07-22,single,M,Gg. Antapani Lama No. 5,Bogor,Jawa Barat,ID,83688,3276012207759128,KTP,PERSONAL,purwa.saptono818@hotmail.com,+62861701765,LOW,2016-02-03,2018-12-06
CIF00000144,Ikin Hutasoit,2001-05-11,married,M,Gang Yos Sudarso No. 8,Bogor,Jawa Barat,ID,13008,3276011105010918,KTP,PERSONAL,ikin.hutasoit853@yahoo.com,+6282572718481,LOW,2024-05-13,2025-06-28
CIF00000145,Siti Aisyah Chua,1954-07-15,single,F,Blk 883 Clementi Ave 2 #21-578,Singapore,Singapore,SG,699606,S5419622I,NRIC,PERSONAL,siti.aisyah213@hotmail.com,+6582965054,LOW,2015-12-22,2019-02-04
CIF00000146,Sabrina Riyanti,1987-06-29,married,F,Jl. Jayawijaya No. 8,Yogyakarta,DI Yogyakarta,ID,41954,3471016906870904,KTP,PERSONAL,sabrina.riyanti763@yahoo.com,+6286524579411,LOW,2026-04-12,2026-08-04
CIF00000147,Ajimin Situmorang,1974-09-28,married,M,Gang Tebet Barat Dalam No. 5,Tangerang,Banten,ID,11329,3671012809749707,KTP,PERSONAL,ajimin.situmorang733@hotmail.com,+628242823151,MEDIUM,2026-01-08,2026-05-21
CIF00000148,Yani Yuniar,1974-07-11,married,F,Jalan Rumah Sakit No. 537,Surabaya,Jawa Timur,ID,64238,3573015107747968,KTP,PERSONAL,yani.yuniar417@gmail.com,+6287106831555,MEDIUM,2018-04-19,2022-12-27
CIF00000149,Global Digital Pte. Ltd.,1998-01-09,,,Blk 881 Orchard Road #04-023,Singapore,Singapore,SG,776751,199842999E,NRIC,ORGANIZATION,global.digital837@hotmail.com,+6582016641,LOW,2026-07-12,2026-07-28
CIF00000150,Mandiri Asia Sdn. Bhd.,2021-02-23,,,"No. 172, Persiaran Kayangan",Shah Alam,Selangor,MY,48593,202101016148,SSM,ORGANIZATION,mandiri.asia768@mail.com,+60197238568,HIGH,2021-07-17,2022-02-11
CIF00000151,Maida Riyanti,1992-10-08,married,F,Jl. Rawamangun No. 06,Palembang,Sumatera Selatan,ID,56936,1671014810929924,KTP,PERSONAL,,,MEDIUM,2012-10-12,2025-08-12
CIF00000152,CV Asia Trading,1990-04-15,,,Jl. Astana Anyar No. 4,Bandung,Jawa Barat,ID,69753,1589775032892,NIB,ORGANIZATION,cv.asia216@mail.com,+6282407956397,LOW,2018-11-17,2019-10-19
CIF00000153,PT Sentosa Digital,1986-09-08,,,Gg. Dipenogoro No. 922,Palembang,Sumatera Selatan,ID,43300,1669490955292, NIB ,ORGANIZATION,pt.sentosa571@mail.com,+6281191610361,LOW,2013-05-29,2021-01-11
CIF00000154,Drs. Jinawi Hutagalung,1973-10-19,married,M,Gang H.J Maemunah No. 569,Balikpapan,Kalimantan Timur,ID,73434,6471011910737421,KTP,PERSONAL,jinawi.hutagalung143@yahoo.com,+62869695977,LOW,2022-08-08,2022-10-07
CIF00000155,PT Sentosa Global,2019-06-16,,,Jl. M.T Haryono No. 37,Medan,Sumatera Utara,ID,25017,5101565308026,NIB,ORGANIZATION,pt.sentosa939@hotmail.com,+62889407298,LOW,2020-03-26,2021-06-26
CIF00000156,CV Nusantara Pacific,2010-05-27,,,Gg. Moch. Ramdan No. 12,Balikpapan,Kalimantan Timur,ID,62037,8018537878967,NIB,ORGANIZATION,cv.nusantara383@outlook.com,+62875969479,MEDIUM,2010-06-02,2020-06-12
CIF00000157,Farah Yuniar,1949-08-22,single,F,Gg. Soekarno Hatta No. 305,Jakarta Selatan,DKI Jakarta,ID,90317,3171016208494319,KTP,PERSONAL,farah.yuniar264@mail.com,+628480666022,LOW,2011-08-17,2015-06-26
CIF00000158,Lantar Tampubolon,1938-11-10,married,M,Gang Ahmad Yani No. 7,Depok,Jawa Barat,ID,64711,3275011011384883,KTP,PERSONAL,lantar.tampubolon332@mail.com,+62849310642,LOW,2008-12-16,2013-12-31
CIF00000159,Cahyanto Prakasa,1961-11-15,single,M,Gg. Sentot Alibasa No. 1,Bogor,Jawa Barat,ID,88879,3275011511613410,KTP,PERSONAL,cahyanto.prakasa697@yahoo.com,+628862324304,3,2009-07-17,2024-10-05
CIF00000160,Anita Widiastuti,1944-08-27,married,F,Jalan Ahmad Dahlan No. 0,Denpasar,Kalimantan Timur,ID,89475,5171016708444981,KTP,PERSONAL,anita.widiastuti504@mail.com,+62842861399,LOW,2012-04-30,2020-12-07
CIF00000161,Betania Padmasari,2008-04-19,single,F,Gg. Tebet Barat Dalam No. 8,Yogyakarta,DI Yogyakarta,ID,29269,34710159040811047,KTP,PERSONAL,betania.padmasari373@yahoo.com,+628814672094,LOW,2025-10-16,2026-06-05
CIF00000162,Xin Yi Wong,1971-11-25,married,F,Blk 111 Tampines Ave 5 #13-666,Singapore,Singapore,SG,274533,S7111052D,NRIC,PERSONAL,xin.yi502@hotmail.com,+6596639129,LOW,2008-02-05,2020-05-04
CIF00000163,Alambana Prakasa,1948-05-02,single,M,Jl. Kapten Muslihat No. 114,Jakarta Selatan,DKI Jakarta,ID,28790,3173010205481261,KTP,PERSONAL,alambana.prakasa236@hotmail.com,+628451019374,LOW,2019-02-26,2021-12-05
CIF00000164,Natalia Puspasari,1996-08-17,single,F,Gg. Waringin No. 025,Tangerang,Banten,ID,85734,3671015708965363,KTP,PERSONAL,natalia.puspasari484@mail.com,+6287380435013,MEDIUM,2018-08-10,2026-03-06
CIF00000165,Gamanto Maulana,1995-08-04,single,M,Jalan Erlangga No. 51,Jakarta Barat,DKI Jakarta,ID,79346,3171010408956325,KTP,PERSONAL,gamanto.maulana153@mail.com,+62864424000,LOW,2017-09-10,2018-10-21
CIF00000166,Cakrawangsa Simbolon,1981-01-26,married,M,Gg. Medokan Ayu No. 48,Medan,Sumatera Utara,ID,59850,1271012601812937,KTP,PERSONAL,cakrawangsa.simbolon177@hotmail.com,+62865150182,MEDIUM,2011-10-03,2020-08-22
CIF00000167,Raden Mandala,1990-07-23,married,M,Gang Pelajar Pejuang No. 5,Surabaya,Jawa Timur,ID,72130,3573012307901333,KTP,PERSONAL,raden.mandala188@outlook.com,+62883619973,LOW,2010-06-18,2025-08-01
CIF00000168,Emas Hutapea,1947-10-04,married,M,Jalan Indragiri No. 93,Depok,Jawa Barat,ID,54232,3271010410471974,KTP,PERSONAL,emas.hutapea986@gmail.com,+628431645322,LOW,2020-07-12,2020-07-25
CIF00000169,Kavitha Ng,1948-07-27,married,F,Blk 441 Ang Mo Kio Ave 3 #20-771,Singapore,Singapore,SG,485469,S4895918J,NRIC,PERSONAL,kavitha.ng397@hotmail.com,+6583787650,LOW,2021-09-12,2023-08-23
CIF00000170,Hesti Melani,1938-12-23,divorced,F,Gg. Pelajar Pejuang No. 5,Bogor,Jawa Barat,ID,25201,3271016312387575,KTP,PERSONAL,hesti.melani901@outlook.com,+6287254915845,HIGH,2020-04-23,2026-08-14
CIF00000171,Maimunah Hartati,1995-09-18,single,F,Jalan Setiabudhi No. 715,Semarang,Jawa Tengah,ID,23148,3374015809959264,KTP,PERSONAL,maimunah.hartati216@yahoo.com,+6288854827582,LOW,2023-03-08,2023-10-25
CIF00000172,Arjun Goh,1970-10-14,married,M,Blk 830 Orchard Road #12-333,Singapore,Singapore,SG,645728,S7061390E,NRIC,PERSONAL,arjun.goh113@outlook.com,+6586544885,LOW,2019-05-25,2023-01-09
CIF00000173,Viman Winarno,1995-10-25,married,M,Jalan Pasirkoja No. 773,Jakarta Barat,DKI Jakarta,ID,35556,3171012510950078,KTP,PERSONAL,viman.winarno260@hotmail.com,+628338280364,LOW,2016-04-01,2018-05-20
CIF00000174,Baktiadi Hutagalung,1987-11-17,divorced,M,Jl. Tebet Barat Dalam No. 62,Malang,Jawa Timur,ID,21477,3578011711875244,KTP,PERSONAL,baktiadi.hutagalung884@mail.com,+6283479109723,LOW,2017-12-31,2026-06-09
CIF00000175,"Sidiq Pratama, S.H.",1983-07-30,married,M,Gg. Raya Ujungberung No. 9,Balikpapan,Kalimantan Timur,ID,17560,6471013007837760,KTP,PERSONAL,sidiq.pratama636@mail.com,+62835610797,LOW,2019-05-04,2024-12-04
CIF00001007,Salwa Nuraini,1981-11-05,single,F,Jl. Sukajadi No. 45,Jakarta Selatan,DKI Jakarta,ID,99116,3174014511815786,KTP,PERSONAL,salwa.nuraini625@yahoo.com,+628787259605,MEDIUM,2026-08-20,2026-08-20
CIF00000176,Ooi Wei Liang,1967-01-31,single,M,"No. 56, Jalan Klang Lama",George Town,Pulau Pinang,MY,84361,670231-07-3673,MYKAD,PERSONAL,ooi.wei135@mail.com,+60139639333,LOW,2015-10-05,2019-08-15
CIF00000177,Gara Budiyanto,1943-11-12,single,M,Jalan Asia Afrika No. 17,Palembang,Sumatera Selatan,ID,30428,1671011211434297,KTP,PERSONAL,gara.budiyanto626@gmail.com,+62896508948,LOW,2014-11-15,2020-09-05
CIF00000178,Michelle Wahyuni,1961-01-30,married,F,Gg. Ahmad Yani No. 7,Bogor,Jawa Barat,ID,96380,3273017001611440,KTP,PERSONAL,michelle.wahyuni960@gmail.com,+62818278183,LOW,2013-06-28,2014-02-16
CIF00000179,Ami Safitri,1993-01-22,married,F,Jl. Rajawali Timur No. 0,Jakarta Barat,DKI Jakarta,ID,20941,3174016201939344,KTP,PERSONAL,ami.safitri278@gmail.com,+628177374624,HIGH,2024-06-27,2026-06-26
CIF00000180,Jumari Tamba,1959-09-03,married,M,Jalan Gedebage Selatan No. 0,Surabaya,Jawa Timur,ID,63354,3573010309590817,KTP,PERSONAL,jumari.tamba869@gmail.com,+62852208730,LOW,2021-12-15,2024-10-17
CIF00000181,Mursita Anggriawan,1979-12-08,married,M,Gg. M.H Thamrin No. 663,Malang,Jawa Timur,ID,15718,3578010812798549,KTP,PERSONAL,mursita.anggriawan393@hotmail.com,+62868017504,LOW,2016-12-10,2023-04-16
CIF00000182,Mitra Konstruksi Sdn. Bhd.,1981-06-20,,,"No. 60, Jalan Klang Lama",George Town,Pulau Pinang,MY,ABCDE,198101300480,SSM,ORGANIZATION,mitra.konstruksi500@yahoo.com,+60192023035,LOW,2024-05-18,2026-08-04
CIF00000183,Koh Wei Jie,1943-10-01,single,M,Blk 131 Clementi Ave 2 #24-129,Singapore,Singapore,SG,241581,S4325611D,NRIC,PERSONAL,koh.wei881@hotmail.com,+6588754216,LOW,2015-07-08,2017-04-28
CIF00000184,"Iriana Suartini, M.Pd",2009-01-06,single,F,Gg. Kutai No. 72,Yogyakarta,DI Yogyakarta,ID,13967,3471014601090684,KTP,PERSONAL,iriana.suartini348@hotmail.com,+6289788779273,LOW,2026-04-05,2026-09-17
CIF00000185,Ryan Teo,1989-05-08,married,M,Blk 514 Tampines Ave 5 #25-382,Singapore,Singapore,SG,422911,S8953834C,NRIC,PERSONAL,ryan.teo100@mail.com,+6595308428,LOW,2023-06-06,2023-08-22
CIF00000186,Lee Hui Wen,2006-11-07,married,F,"No. 33, Jalan Kuching",Shah Alam,Selangor,MY,19175,061107-10-6646,MYKAD,PERSONAL,lee.hui332@gmail.com,+601229604495,LOW,2024-05-29,2025-09-19
CIF00000187,Lintang Palastri,1969-06-17,single,F,Jalan Kapten Muslihat No. 32,Surabaya,Jawa Timur,ID,44273,3578015706694683,KTP,PERSONAL,lintang.palastri788@outlook.com,+62834391165,LOW,2026-01-13,2025-08-18
CIF00000188,Xin Yi Lee,1964-05-30,married,F,Blk 209 Tampines Ave 5 #06-029,Singapore,Singapore,SG,232549,S6483987Z,NRIC,PERSONAL,xin.yi378@yahoo.com,+6582796882,LOW,2009-01-08,2026-01-30
CIF00000189,Jasmin Rahayu,1994-03-14,married,F,Gang Kendalsari No. 56,Semarang,Jawa Tengah,ID,66507,3374015403941013,KTP,PERSONAL,jasmin.rahayu522@outlook.com,+628857996506,LOW,2017-05-24,2026-04-02
CIF00000190,Dirja Siregar,1955-02-09,married,M,Gang Waringin No. 855,Denpasar,Bali,ID,10915,5171010902554423,KTP,PERSONAL,dirja.siregar594@gmail.com,+6281abc963554,LOW,2021-12-28,2022-07-21
CIF00000191,Zaenab Yuliarti,2001-06-09,single,F,Gg. Ahmad Yani No. 3,Yogyakarta,DI Yogyakarta,ID,99517,3471014906019219,KTP,PERSONAL,zaenab.yuliarti359@gmail.com,+62865074601,LOW,2020-06-15,2026-05-20
CIF00000192,Salimah Wastuti,1999-03-25,single,F,Gg. Joyoboyo No. 16,Bogor,Jawa Barat,ID,41534,3276016503991870,KTP ,PERSONAL,salimah.wastuti54@mail.com,+62856435123,LOW,2017-11-13,2026-03-31
CIF00000193,Cahyo Tamba,1976-04-19,married,M,Gang Kebonjati No. 812,Surabaya,Jawa Timur,ID,44250,3573011904762797,KTP,PERSONAL,cahyo.tamba130@gmail.com,+6289940813532,LOW,2015-03-16,2017-12-22
CIF00000194,Karma Winarno,1972-07-18,single,M,Jalan Sukabumi No. 13,Jakarta Pusat,DKI Jakarta,ID,37063,3174011807720360,KTP,PERSONAL,karma.winarno31@gmail.com,+62874690069,LOW,2014-01-19,2014-04-18
CIF00000195,Luhung Sihombing,1959-06-06,widowed,M,Gang Monginsidi No. 192,Bekasi,Jawa Barat,ID,43659,3273010606594270,KTP,PERSONAL,,,MEDIUM,2013-08-10,2025-08-14
CIF00000196,Raisa Suartini,1975-06-14,married,F,Jl. Jend. A. Yani No. 9,Balikpapan,Kalimantan Timur,ID,98674,6471015406750880,KTP,PERSONAL,raisa.suartini488@outlook.com,+628647309146,HIGH,2025-09-02,2026-04-17
CIF00000197,Jarwa Latupono,1987-08-14,married,M,Jl. Surapati No. 338,Jakarta Barat,DKI Jakarta,ID,16876,3174011408879274,KTP,PERSONAL,jarwa.latupono148@@gmail.com,+62866769295,LOW,2022-07-11,2025-12-06
CIF00000198,CV Sentosa Trading,2009-01-07,,,Gg. Kebonjati No. 8,Depok,Jawa Barat,ID,59566,4747304497211,NIB,ORGANIZATION,cv.sentosa197@hotmail.com,+62893220564,LOW,2023-11-28,2026-08-14
CIF00000199,Kai Wen Pillai,1982-07-02,married,M,Blk 454 Toa Payoh Lor 1 #06-652,Singapore,Singapore,SG,497000,S8259797B,NRIC,PERSONAL,kai.wen250@outlook.com,+6592373387,LOW,2023-08-05,2026-05-27
CIF00000200,Qori Pudjiastuti,1996-08-13,married,F,Gang Stasiun Wonokromo No. 16,Malang,Jawa Timur,ID,31278,3578015308963760,KTP,PERSONAL,qori.pudjiastuti778@mail.com,+62814843177,MEDIUM,2025-09-10,2026-01-18
CIF00000201,Cici Anggraini,2003-06-09,single,F,Gg. Pasteur No. 92,Jakarta Selatan,DKI Jakarta,ID,82413,3173014906031996,KTP,PERSONAL,cici.anggraini431@outlook.com,895417801,LOW,2022-09-17,2023-12-23
CIF00000202,Eva Pertiwi,1961-04-03,single,F,Jalan Ahmad Yani No. 6,Malang,Jawa Timur,ID,20446,3578014304614989,KTP,PERSONAL,eva.pertiwi895@gmail.com,+628441829112,LOW,2026-06-28,2026-09-08
CIF00000203,Septi Andriani,1964-09-06,married,F,Jl. M.H Thamrin No. 0,Jakarta Barat,DKI Jakarta,ID,20427,3174014609644728,KTP,PERSONAL,septi.andriani379@gmail.com,+628825158788,MEDIUM,2010-11-18,2022-03-07
CIF00000204,PT Bintang Mandiri,2001-06-03,,,Gang Laswi No. 5,Medan,Sumatera Utara,ID,16482,7195016443812,NIB,ORGANIZATION,pt.bintang569@mail.com,+628975075502,LOW,2019-11-27,2020-06-09
CIF00000205,"Erik Santoso, S.Kom",1942-08-27,divorced,M,Jl. Cikutra Timur No. 82,Medan,Sumatera Utara,ID,47860,1271012708426897,KTP,PERSONAL,erik.santoso920@gmail.com,+6285875416445,LOW,2011-10-24,2025-10-03
CIF00000206,Farah Novitasari,2001-07-15,married,F,Jl. Rajawali Barat No. 195,Palembang,Sumatera Selatan,ID,99577,1671015507017394,KTP,PERSONAL,farah.novitasari164@outlook.com,+6285193777696,LOW,2025-01-25,2026-02-17
CIF00000207,Mulyono Situmorang,1990-09-30,married,M,Gg. Sadang Serang No. 832,Bekasi,Jawa Barat,ID,59740,3271013009902590,KTP,PERSONAL,mulyono.situmorang560@yahoo.com,+628720278491,HIGH,2022-04-30,2020-01-15
CIF00000208,PT Nusantara Digital,1995-07-08,,,Gg. Rumah Sakit No. 2,Palembang,Sumatera Selatan,ID,12701,6820920838285,NIB,ORGANIZATION,pt.nusantara355@outlook.com,+628313165900,LOW,2022-08-08,2026-02-17
CIF00000209,Carub Santoso,1962-01-23,married,M,Gang Pasirkoja No. 9,Denpasar,Bali,ID,70615,5171012301626469,NIB,PERSONAL,carub.santoso75@hotmail.com,+628591245633,LOW,2008-10-04,2026-01-28
CIF00000210,Zhi Hao Pillai,1981-12-09,married,M,Blk 576 Pasir Ris Dr 6 #03-422,Singapore,Singapore,SG,596311,S8109790I,NRIC,PERSONAL,zhi.hao640@hotmail.com,+6586605363,MEDIUM,2024-05-29,2026-06-21
CIF00000211,Hardi Natsir,1938-01-09,married,M,Gg. Sentot Alibasa No. 47,Tangerang,Banten,ID,60806,3671010901385146,KTP,PERSONAL,hardi.natsir83@yahoo.com,+6282255962720,LOW,2018-02-07,2025-09-20
CIF00000212,Daru Simbolon,1963-04-01,married,M,Gang Wonoayu No. 05,Tangerang,Banten,ID,44023,3671010104638714,KTP,PERSONAL,daru.simbolon517@yahoo.com,+62893270395,MEDIUM,2020-05-08,2024-04-03
CIF00000213,PT Prima Digital,2008-10-08,,,Jalan Kutai No. 13,Semarang,Jawa Tengah,ID,80267,6805810400447,NIB,ORGANIZATION,pt.prima731@hotmail.com,+6285811833850,LOW,2011-10-13,2016-11-25
CIF00000214,PT Makmur Bintang,1981-01-31,,,Jalan HOS. Cokroaminoto No. 4,Makassar,Sulawesi Selatan,ID,43329,3493611861736,NIB,ORGANIZATION,pt.makmur5@gmail.com,+62866888323,MEDIUM,2013-06-22,2014-01-29
CIF00000215,Emas Zulkarnain,1962-09-05,single,M,Gang Sukabumi No. 712,Balikpapan,Kalimantan Timur,ID,94551,6471010509623960,KTP,PERSONAL,emas.zulkarnain971@mail.com,+6282148391478,MEDIUM,2023-06-09,2026-04-19
CIF00000216,Dalimin Anggriawan,1944-11-17,single,M,Jalan Rawamangun No. 707,Medan,Sumatera Utara,ID,39665,1271011711449797,KTP,PERSONAL,dalimin.anggriawan816@hotmail.com,+62895857108,LOW,2013-11-09,2018-01-02
CIF00000217,Gaiman Firgantoro,1965-12-29,married,M,Gang Setiabudhi No. 828,Depok,Bali,ID,73731,3273012912656357,KTP,PERSONAL,gaiman.firgantoro485@mail.com,+62892606815,MEDIUM,2014-08-01,2018-01-03
CIF00000218,   ,1996-11-29,single,M,Gang BKR No. 101,Jakarta Selatan,DKI Jakarta,ID,29022,3174012911961452,KTP,PERSONAL,paiman.firmansyah690@hotmail.com,+628634376120,LOW,2018-11-24,2021-10-12
CIF00000219,Dipa Uwais,1997-10-31,single,M,Gg. Pelajar Pejuang No. 04,Jakarta Barat,DKI Jakarta,ID,73047,3171013110979041,KTP,PERSONAL,dipa.uwais931@hotmail.com,+62876743397,LOW,2017-03-13,2021-01-14
CIF00000220,Chelsea Hastuti,1956-08-08,married,F,Gang Kendalsari No. 81,Yogyakarta,DI Yogyakarta,ID,74608,3471014808560098,KTP,PERSONAL,chelsea.hastuti890@gmail.com,+628979169467,MEDIUM,2011-03-31,2026-07-05
CIF00000221,Enteng Sitompul,2006-05-04,single,M,Gang Moch. Toha No. 3,Jakarta Pusat,DKI Jakarta,ID,59742,3173010405065336,KTP,PERSONAL,enteng.sitompul311@hotmail.com,+62847969256,MEDIUM,2023-06-13,2023-10-08
CIF00000222,Karya Prima Pte. Ltd.,1995-08-19,,,Blk 187 Woodlands Dr 14 #15-964,Singapore,Singapore,SG,214875,199568763J,UEN,ORGANIZATION,karya.prima302@,+6585464464,HIGH,2015-11-30,2025-11-10
CIF00000223,Priya Koh,1994-12-24,divorced,F,Blk 622 Pasir Ris Dr 6 #11-100,Singapore,Singapore,SG,819548,S9480831F,UEN,PERSONAL,priya.koh443@outlook.com,+6596153118,MEDIUM,2015-04-20,2019-08-10
CIF00000224,PT Asia Bintang,1977-10-24,,,Jalan Peta No. 059, Medan ,Sumatera Utara,ID,58097,5231904532635,NIB,ORGANIZATION,pt.asia883@gmail.com,+62817518423,MEDIUM,2020-06-27,2021-04-16
CIF00000225,Kamila Yuliarti,1986-02-08,single,F,Gg. H.J Maemunah No. 757,Surabaya,Jawa Timur,ID,76193,3573014802867032,KTP,PERSONAL,kamila.yuliarti233@mail.com,+6283892215210,LOW,2012-05-03,2021-02-20
CIF00000226,Cinthia Agustina,2001-02-19,married,F,Jl. Pasir Koja No. 3,Surabaya,Jawa Timur,ID,94951,3578015902018806,KTP,PERSONAL,cinthia.agustina694@hotmail.com,+628771851634,MEDIUM,2025-12-16,2026-09-14
CIF00000227,Eva Widiastuti,1979-11-14,single,F,Jalan Jend. A. Yani No. 97,Tangerang,Banten,ID,48068,3671015411792490,KTP,PERSONAL,eva.widiastuti932@yahoo.com,+628336132797,LOW,2012-04-27,2017-03-05
CIF00000228,Shania Susanti,1941-05-08,single,F,Gg. Dipatiukur No. 874,Semarang,Jawa Tengah,ID,86803,3374014805417697,KTP,PERSONAL,shania.susanti933@yahoo.com,+62825590757,LOW,2020-07-16,2025-05-16
CIF00000229,Bakiadi Sihotang,1993-04-16,married,M,Jalan Dipatiukur No. 0,Semarang,Jawa Tengah,ID,93941,3374011604935975,KTP,PERSONAL,bakiadi.sihotang947@mail.com,+6283443637608,LOW,2026-05-11,2026-06-26
CIF00000230,Tira Uyainah,1976-09-13,married,F,Jalan Jamika No. 0,Balikpapan,Kalimantan Timur,ID,87460,6471015309760876,KTP,PERSONAL,tira.uyainah200@gmail.com,+62837928392,LOW,2025-04-30,2026-06-07
CIF00000231,Prasetyo Suryono,1946-05-15,married,M,Jalan Veteran No. 124,Medan,Sumatera Utara,ID,64143,1271011505464024,KTP,PERSONAL,prasetyo.suryono187@outlook.com,+6289820471941,LOW,2012-06-22,2021-09-26
CIF00001008,Lintang Pertiwi,1946-02-21,married,F,Jl. Lembong No. 47,Malang,Jawa Timur,ID,32393,3573016102464808,KTP,PERSONAL,lintang.pertiwi96@yahoo.com,+628160390667,MEDIUM,2024-10-30,2024-10-30
CIF00000232,PT Nusantara Industri,1978-09-21,,,Jl. Kutai No. 5,Bogor,Jawa Barat,ID,35987,4847537789233,NIB,ORGANIZATION,pt.nusantara170@outlook.com,+6287657026996,LOW,2013-02-26,2017-01-04
CIF00000233,Cemani Tampubolon,1962-04-03,married,M,Gang Bangka Raya No. 2,Palembang City,Sumatera Selatan,ID,15520,1671010304621427,KTP,PERSONAL,cemani.tampubolon131@outlook.com,+6289921440178,LOW,2018-09-28,2026-07-31
CIF00000234,Amirul bin Ismail,1980-12-27,married,M,"No. 164, Lebuh Chulia",Petaling Jaya,Selangor,MY,54733,801227-10-1583,MYKAD,PERSONAL,amirul.bin313@outlook.com,+60187068485,LOW,2012-02-07,2019-05-19
CIF00000235,"Rachel Mardhiyah, M.M.",1992-06-07,married,F,Gg. Wonoayu No. 11,Makassar,Sulawesi Selatan,ID,45471,7371014706921480,KTP,PERSONAL,rachel.mardhiyah709@hotmail.com,+628686993152,MEDIUM,2011-02-04,2011-06-06
CIF00000236,Siti Rahmawati,1986-01-23,married,F,Jalan Rajiman No. 139,Yogyakarta,DI Yogyakarta,ID,95032,3471016301862919,KTP,PERSONAL,siti.rahmawati268@outlook.com,+628254207947,LOW,2022-01-29,2026-04-22
CIF00000237,Karya Rajasa,1968-05-15,married,M,Gang Rajiman No. 987,Semarang,Jawa Tengah,ID,43458,3374011505682975,KTP,PERSONAL,karya.rajasa381@yahoo.com,+628418138153,LOW,2021-09-24,2023-04-02
CIF00000238,Cakrabirawa Jailani,1962-03-04,married,M,Gg. Dipatiukur No. 329,Palembang,Sumatera Selatan,ID,78978,1671010403624210,KTP,PERSONAL,cakrabirawa.jailani338@yahoo.com,+6289882949960,LOW,2020-01-17,2021-09-16
CIF00000239,Rahayu Puspita,1971-02-08,married,F,Jalan Cikutra Timur No. 7,Bandung,Jawa Barat,ID,72882,3276014802710583,KTP,PERSONAL,rahayu.puspita133@gmail.com,+6289936381397,MEDIUM,2015-06-17,2024-06-10
CIF00000240,Tan Wei Liang,1958-08-05,married,M,"No. 122, Jalan Kuching",Petaling Jaya,Selangor,MY,90181,580805-10-9895,MYKAD,PERSONAL,tan.wei658@mail.com,+60112069773,MEDIUM,2019-09-06,2024-06-12
CIF00000241,Muhammad Hafiz Teo,1986-05-06,divorced,M,Blk 691 Ang Mo Kio Ave 3 #07-035,Singapore,Singapore,SG,363663,S8621971C,NRIC,PERSONAL,muhammad.hafiz254@gmail.com,+6592741171,MEDIUM,2022-08-24,2021-09-21
CIF00000242,CV Pacific Industri,2009-12-20,,,Jl. PHH. Mustofa No. 424,Palembang,Sumatera Selatan,ID,82355,6804470985727,NIB,ORGANIZATION,cv.pacific771@yahoo.com,+6282370399606,LOW,2013-03-05,2025-02-16
CIF00000243,Siti Nurhaliza binti Ahmad,1980-09-20,married,F,"No. 146, Jalan Ampang",Kuala Lumpur,Wilayah Persekutuan Kuala Lumpur,MY,13342,800920-14-5120,MYKAD,PERSONAL,siti.nurhaliza624@outlook.com,+60111082545,LOW,2018-11-23,2022-12-04
CIF00000244,,1987-04-17,married,M,Gg. Abdul Muis No. 2,Palembang,Sumatera Selatan,ID,34035,1671011704875072,KTP,PERSONAL,kamidin.winarno6@gmail.com,+628670995294,HIGH,2024-02-19,2025-12-30
CIF00000245,CV Sejahtera Sentosa,2020-09-20,,,Jalan Kendalsari No. 4,Denpasar,Bali,ID,90183,4030829055441,NIB,ORGANIZATION,,,LOW,2026-03-07,2026-07-05
CIF00000246,Asmadi Irawan,1986-12-02,single,M,Gang Jend. Sudirman No. 48,Jakarta Barat,DKI Jakarta,ID,89655,3173010212860371,KTP,PERSONAL,asmadi.irawan501@mail.com,+6285844313349,LOW,2017-07-29,2024-02-12
CIF00000247,Lidya Wastuti,1995-11-28,single,F,Gang Ir. H. Djuanda No. 42,Jakarta Selatan,DKI Jakarta,ID,67365,3174016811952758,KTP,PERSONAL,lidya.wastuti751@hotmail.com,+628466036360,MEDIUM,2019-12-09,2020-01-07
CIF00000248,PT Bintang Mandiri,1992-04-12,single,,Gang M.T Haryono No. 739, Bekasi ,Jawa Barat,ID,594220,2887320297068,NIB,ORGANIZATION,pt.bintang369@hotmail.com,+628138318555,MEDIUM,2009-12-03,2019-11-11
CIF00000249,Vero Prayoga,1980-11-14,married,M,Jalan Ahmad Yani No. 28,Jakarta Selatan,DKI Jakarta,ID,6226,3174011411808542,KTP,PERSONAL,vero.prayoga622@outlook.com,+62884699436,LOW,2016-06-25,2023-08-09
CIF00000250,Titi Anggraini,1997-06-03,single,F,Gg. Rajiman No. 441,Bandung,Jawa Barat,ID,57546,3276014306975484,KTP,PERSONAL ,titi.anggraini483@outlook.com,+62843294496,LOW,2017-01-30,2023-10-15
CIF00000251,Latika Hartati,1937-05-16,single,F,Gang Setiabudhi No. 299,Bogor,Jawa Barat,ID,29239,3276015605376155,KTP,PERSONAL,latika.hartati766@mail.com,+6284275219862,LOW,2026-03-13,2026-09-05
CIF00000252,Makmur Jaya Sdn. Bhd.,1980-06-05,,,"No. 109, Lebuh Chulia",Shah Alam,Selangor,MY,62884,198001686201,SSM,ORGANIZATION,makmur.jaya900@outlook.com,+60197161497,LOW,2017-08-18,2025-01-13
CIF00000253,PT Sentosa Jaya,1997-12-18,single,F,Gg. Kendalsari No. 3,Tangerang,Banten,ID,50225,8420244057949,NIB,ORGANIZATION,pt.sentosa552@hotmail.com,+6289849241710,LOW,2019-09-22,2023-03-22
CIF00000254,PT Makmur Mitra,1979-05-31,,,Gang Ciwastra No. 9,Bogor,Jawa Barat,ID,31649,5620099938642,NIB,ORGANIZATION,pt.makmur699@outlook.com,+628912455260,LOW,2023-12-07,2025-06-11
CIF00000255,Daniel Lim,1966-06-28,single,M,Blk 863 Woodlands Dr 14 #03-726,Singapore,Singapore,SG,813129,S6626440H,NRIC,PERSONAL,daniel.lim269@gmail.com,+6588626046,LOW,2025-03-27,2026-06-26
CIF00000256,Calista Astuti,1995-10-07,married,F,Jl. Cikapayang No. 6,Bekasi,Jawa Barat,ID,27936,3271014710951988,KTP,PERSONAL,calista.astuti687@gmail.com,+6282241304837,LOW,2025-05-29,2025-06-10
CIF00000257,PT Karya Prima,1990-01-05,,,Gang Pasteur No. 189,Semarang,Jawa Tengah,ID,65222,6724372032355,NIB,ORGANIZATION,pt.karya550@yahoo.com,+62881565963,LOW,2014-04-22,2018-03-08
CIF00001005,Zulaikha Nuraini,1938-11-21,single,F,Gg. BKR No. 503,Jakarta Pusat,DKI Jakarta,ID,20335,3174016111387155,KTP,PERSONAL,zulaikha.nuraini161@hotmail.com,+628263566752,LOW,2025-09-27,2025-09-27
CIF00000258,Zizi Uyainah,1976-10-24,married,F,Gang Surapati No. 8,Jakarta Barat,DKI Jakarta,ID,41540,3173016410761499,KTP,PERSONAL,zizi.uyainah367@gmail.com,+62836985113,LOW,2008-03-01,2020-04-03
CIF00000259,Pacific Mitra Pte. Ltd.,2000-02-13,,,Blk 947 Clementi Ave 2 #15-506,Singapore,Singapore,SG,246946,200012736G,UEN,ORGANIZATION,pacific.mitra975@outlook.com,+6594206144,LOW,2013-09-15,2026-07-20
CIF00000260,Elvin Nugroho,1969-10-14,single,M,Jalan Suniaraja No. 427,Bekasi,Jawa Barat,ID,46882,3273011410694543,KTP,PERSONAL,elvin.nugroho966@outlook.com,+628798457204,LOW,2008-10-08,2023-05-24
CIF00000261,Keisha Puspita,1951-03-12,single,F,Gg. Pacuan Kuda No. 606,Depok,Jawa Barat,ID,72941,3275015203510463,KTP,PERSONAL,keisha.puspita936@mail.com,+6287146177616,MEDIUM,2023-01-17,2024-11-08
CIF00000262,Hani binti Yusof,1968-02-15,married,F,"No. 104, Persiaran Kayangan",Shah Alam,Selangor,MY,84988,680215-10-6806,MYKAD,PERSONAL,hani.binti546@yahoo.com,+60128675385,MEDIUM,2012-08-16,2025-02-19
CIF00000263,PT Makmur Mandiri,2011-03-16,,,Gang Surapati No. 122,Balikpapan,Kalimantan Timur,ID,51055,1785770099516,NIB,ORGANIZATION,pt.makmur696@gmail.com,+6283590803374,HIGH,2012-02-09,2026-09-18
CIF00000264,Bella Rahayu,1952-01-02,single,F,Jl. Ronggowarsito No. 2,Medan,Sumatera Utara,ID,70463,1271014201521682,KTP,PERSONAL,bella.rahayu476@yahoo.com,+628162472704,LOW,2011-06-21,2014-11-11
CIF00000265,Kemal Iswahyudi,1944-02-08,single,M,Jl. Setiabudhi No. 8,Bandung,Jawa Barat,ID,35748,3276010802440137,KTP,PERSONAL,kemal.iswahyudi439@outlook.com,+628420906252,LOW,2022-06-28,2023-06-26
CIF00000266,Nadine Widiastuti,1953-04-15,married,F,Jl. Sukabumi No. 0,Bekasi,Jawa Barat,ID,10995,3273015504537383,KTP,PERSONAL,nadine.widiastuti996@yahoo.com,+6284654117696,MEDIUM,2009-06-08,2021-02-21
CIF00000267,Zahra Astuti,1996-04-13,married,F,Gg. M.H Thamrin No. 526,Semarang,Jawa Tengah,ID,21103,3374015304960960,KTP,PERSONAL,zahra.astuti953@gmail.com,+628915870218,HIGH,2024-12-03,2026-06-29
CIF00000268,PT Mitra Nusantara,2022-06-17,,,Jalan Cikapayang No. 485,Medan,Sumatera Utara,ID,88957,5745367569525,NIB,ORGANIZATION,pt.mitra184@mail.com,+62863566124,LOW,2025-01-29,2026-04-24
CIF00000269,Nusantara Abadi Pte. Ltd.,1976-10-06,,,Blk 21 Orchard Road #19-893,Singapore,Singapore,SG,159081,197615837B,UEN,ORGANIZATION,nusantara.abadi35@mail.com,+6588642779,MEDIUM,2011-09-15,2018-05-30
CIF00000270,Karen Wastuti,1958-05-14,married,F,Jl. S. Parman No. 3,Semarang,Jawa Tengah,ID,82999,3374015405584460,KTP,PERSONAL,karen.wastuti147@outlook.com,+628510751862,LOW,2018-09-03,2022-05-20
CIF00000271,PT Cahaya Sinar,1992-02-29,,,Gang Sentot Alibasa No. 106,Surabaya,Jawa Timur,ID,15300,5912747457671,NIB,ORGANIZATION,pt.cahaya792@outlook.com,+62844906609,HIGH,2019-09-10,2026-05-21
CIF00000272,Rizki Hidayanto,1978-09-01,married,M,Jalan HOS. Cokroaminoto No. 10,Surabaya,Jawa Timur,ID,95050,3578010109783100,KTP,PERSONAL,rizki.hidayanto453@yahoo.com,+62872702248,LOW,2020-07-23,2023-09-14
CIF00000273,Paiman Saptono,1962-05-21,single,M,Jl. Rajawali Barat No. 393,Depok,Jawa Barat,ID,44389,3276012105620179,KTP,PERSONAL,paiman.saptono358@mail.com,+628757161371,LOW,2022-11-24,2026-08-08
CIF00000274,Maria Haryanti,1967-04-23,married,F,Jl. Kiaracondong No. 744,Tangerang,Banten,ID,61348,3671016304670236,KTP,PERSONAL,maria.haryanti786@outlook.com,+628173440132,MEDIUM,2020-08-14,2026-08-10
CIF00000275,Chong Wei Liang,1975-05-13,married,M,"No. 186, Jalan Tun Razak",Petaling Jaya,Selangor,MY,40680,750513-10-5433,MYKAD,personal,chong.wei194.gmail.com,+601945641398,LOW,2008-06-01,2021-10-07
CIF00000276,Hani Pertiwi,1962-12-27,married,F,Gang Jend. Sudirman No. 19,Semarang,Jawa Tengah,ID,67277,3374016712623350,KTP,PERSONAL,hani.pertiwi351@hotmail.com,+628517445433,HIGH,2023-01-03,2026-09-13
CIF00000277,PT Global Logistik,1980-08-13,,,Gg. Jend. A. Yani No. 7,Balikpapan,Kalimantan Timur,ID,24632,9387994268485,NIB,ORGANIZATION,pt.global114@gmail.com,+6284482211343,LOW,2025-04-26,2026-08-12
CIF00000278,Pia Pudjiastuti,1997-11-07,married,F,Gg. S. Parman No. 858,Bogor,Jawa Barat,ID,ABCDE,3275014711973741,KTP,PERSONAL,pia.pudjiastuti437@gmail.com,+62862790481,LOW,2016-10-18,2023-06-23
CIF00000279,PT Harapan Digital,2011-05-07,,,Gang Indragiri No. 69,Makassar,Sulawesi Selatan,ID,42825,7886656709323,NIB,ORGANIZATION,pt.harapan32@hotmail.com,+6287892311921,LOW,2026-07-06,2026-09-03
CIF00000280,PT Asia Digital,1988-03-26,,,Jl. Surapati No. 974,Jakarta Barat,DKI Jakarta,ID,23729,2459443983585,NIB,ORGANIZATION,pt.asia791@yahoo.com,+62859606380,LOW,2020-08-21,2024-08-18
CIF00000281,Rika Melani,1986-07-10,married,F,Gg. Yos Sudarso No. 573,Bekasi,Jawa Barat,ID,52790,3275015007860886,KTP,PERSONAL,rika.melani968@outlook.com,+62879810118,LOW,2013-09-27,2018-08-27
CIF00000282,Opung Zulkarnain,2008-05-26,married,M,Gg. Pacuan Kuda No. 994,Jakarta Barat,DKI Jakarta,ID,19588,3173012605088855,KTP,PERSONAL,opung.zulkarnain710@mail.com,+628313352913,LOW,2025-11-03,2026-02-15
CIF00000283,Anis binti Yusof,1975-09-24,single,F,"No. 65, Lebuh Chulia",Petaling Jaya,Selangor,MY,88652,750924-10-7910,MYKAD,PERSONAL,anis.binti907@gmail.com,+601859926838,MEDIUM,2009-03-10,2013-05-07
CIF00000284,,1977-04-12,single,F,Jl. Indragiri No. 737,Bandung,Jawa Barat,ID,36049,3276015204774122,KTP,PERSONAL,ifa.hariyah814@gmail.com,+6289998593870,LOW,2014-03-25,2021-07-07
CIF00000285,Yulia Safitri,1959-11-15,married,F,Jalan Asia Afrika No. 750,Jakarta Selatan,DKI Jakarta,ID,63246,3174015511597398,KTP,PERSONAL,yulia.safitri344@gmail.com,+6283859752944,LOW,2008-08-25,2012-05-25
CIF00000286,Mulyanto Iswahyudi,1956-02-20,married,M,Jalan Pasteur No. 341,Jakarta Selatan,DKI Jakarta,ID,12436,3171012002564059,KTP,PERSONAL,mulyanto.iswahyudi387@mail.com,+62887117453,MEDIUM,2013-07-14,2020-04-12
CIF00000287,Ratih Hartati,1987-01-16,single,F,Jl. R.E Martadinata No. 85,Bogor,Jawa Barat,ID,16983,3276015601877211,KTP,PERSONAL,ratih.hartati538@yahoo.com,+628441726736,LOW,2008-10-16,2017-05-24
CIF00000288,Jun Hao Wong,1983-08-31,single,M,Blk 382 Woodlands Dr 14 #12-332,Singapore,Singapore,SG,730266,S8393253H,NRIC,PERSONAL,jun.hao816@mail.com,+6585724953,LOW,2013-12-29,2022-01-21
CIF00000289,Maman Prasetyo,1978-09-21,single,M,Gg. Ciwastra No. 4,Semarang,Jawa Tengah,ID,61228,3374012109780295,KTP,PERSONAL,maman.prasetyo917@mail.com,+6289686567665,LOW,2008-12-28,2019-04-30
CIF00000290,Najwa Safitri,1987-05-12,married,F,Gang Ronggowarsito No. 34,Balikpapan,Kalimantan Timur,ID,17708,6471015205871898,KTP,PERSONAL,najwa.safitri186@mail.com,+62878644947,LOW,2012-01-04,2025-07-11
CIF00000291,Vicky Wastuti,1986-02-12,single,F,Jl. HOS. Cokroaminoto No. 42,Bogor,Jawa Barat,Indonesia,16296,3271015202867721,KTP,PERSONAL,vicky.wastuti149@gmail.com,+62884636637,LOW,2009-10-28,2011-05-11
CIF00000292,Safina Permata,2012-09-27,married,F,Jl. HOS. Cokroaminoto No. 847,Jakarta Selatan,DKI Jakarta,ID,72242,3174016408015006,KTP,PERSONAL,safina.permata707@outlook.com,+628396634821,MEDIUM,2019-11-05,2022-05-06
CIF00000293,Padma Halimah,2003-02-21,married,F,Gg. Otto Iskandardinata No. 3,Makassar,Sulawesi Selatan,ID,67190,7371016102038808,KTP,PERSONAL,padma.halimah694@mail.com,+62822687667,LOW,2024-12-05,2026-09-12
CIF00000294,Chong Wei Liang,1951-06-14,single,M,"No. 130, Persiaran Kayangan",Shah Alam,Selangor,MY,54718,510614-10-7099,MYKAD,PERSONAL,chong.wei111@outlook.com,+601864935402,LOW,2013-01-30,2025-01-31
CIF00000295,Cici Haryanti,1996-12-03,single,F,Jl. Tubagus Ismail No. 387,Jakarta Pusat,DKI Jakarta,ID,53637,3174014312969558,NIB,PERSONAL,cici.haryanti213@outlook.com,+628598207901,MEDIUM,2016-10-02,2026-07-16
CIF00000296,Bintang Sejahtera Sdn. Bhd.,2007-06-25,,,"No. 37, Jalan Ampang",Johor Bahru City,Johor,MY,16099,200701084183,SSM,ORGANIZATION,bintang.sejahtera400@gmail.com,+601680906093,LOW,2017-01-29,2018-07-30
CIF00000297,Zelda Rahmawati,1991-03-20,divorced,F,Gg. Siliwangi No. 28,Bekasi,Jawa Barat,ID,44739,3273016003917436,KTP,PERSONAL,zelda.rahmawati160@outlook.com,+6287757483713,LOW,2026-02-26,2026-09-01
CIF00000298,Lim Jun Hao,1978-03-11,single,M,Blk 187 Orchard Road #21-655,Singapore,Singapore,SG,417488,S7842662D,NRIC,PERSONAL,lim.jun397@outlook.com,+6596628283,LOW,2019-03-28,2020-03-10
CIF00000299,Harimurti Saptono,1984-03-31,married,M,Jl. Pasteur No. 73,Depok,Jawa Barat,ID,32880,3273017103845659,KTP,PERSONAL,harimurti.saptono636@yahoo.com,+628231719249,LOW,2012-12-13,2013-04-15
CIF00000300,Gawati Novitasari,1949-02-20,single,F,Gg. Rawamangun No. 46,Bandung,Jawa Barat,ID,28039,3271016002497511,KTP,PERSONAL,gawati.novitasari302@hotmail.com,+628350727699,LOW,2013-07-02,2025-06-03
CIF00000301,Cemeti Prasetya,2000-10-04,divorced,M,Gang Rumah Sakit No. 992,Makassar,Sulawesi Selatan,ID,62448,7371010410003444,KTP,PERSONAL,cemeti.prasetya639@@hotmail.com,+6287522066213,MEDIUM,2026-01-29,2026-04-01
CIF00000302,Zelaya Nasyiah,1968-04-23,married,F,Gg. Pasirkoja No. 152,Malang,Jawa Timur,ID,54287,3573016304687531,KTP,PERSONAL,zelaya.nasyiah264@outlook.com,+6287502501628,LOW,2022-10-03,2023-11-15
CIF00000303,Soleh Prayoga,1942-05-22,married,M,Jalan Siliwangi No. 14,Jakarta Selatan,DKI Jakarta,ID,38940,3173012205427345,KTP,PERSONAL,soleh.prayoga659@outlook.com,+6287161619549,LOW,2021-10-04,2026-09-10
CIF00001004,Mohd Hafiz bin Abdullah,1997-04-16,married,M,"No. 106, Persiaran Kayangan",Kuala Lumpur,Wilayah Persekutuan Kuala Lumpur,MY,51104,970416-14-9425,MYKAD,PERSONAL,mohd.hafiz386@yahoo.com,+60195289156,LOW,2026-09-13,2026-09-13
CIF00000304,Cornelia Padmasari,1945-03-24,single,F,Gg. Ir. H. Djuanda No. 72,Yogyakarta,DI Yogyakarta,ID,41294,3471016403450271,KTP,PERSONAL,cornelia.padmasari197@gmail.com,+628344061643,LOW,2018-01-20,2026-08-03
CIF00000305,Cagak Wibisono,1938-05-10,married,M,Gg. KH Amin Jasuta No. 62,Semarang,Jawa Tengah,ID,48212,3374011005380115,KTP,PERSONAL,cagak.wibisono987@yahoo.com,+62841991929,LOW,2013-06-26,2016-08-05
CIF00000306,Rajesh Ong,1985-11-04,single,M,Blk 277 Orchard Road #14-198,Singapore,Singapore,SG,238050,S8595497J,NRIC,PERSONAL,rajesh.ong739@hotmail.com,+6586523983,MEDIUM,2020-08-02,2025-06-12
CIF00000307,Rahmi Rahayu,1957-02-02,married,F,Gang Cikutra Timur No. 1,Jakarta Barat,DKI Jakarta,ID,96676,3173014202574653,KTP,PERSONAL,rahmi.rahayu901@mail.com,+62826027711,MEDIUM,2024-03-06,2024-08-09
CIF00000308,Bakiono Halim,2002-07-14,married,M,Gang Gegerkalong Hilir No. 393,Denpasar,Bali,ID,60801,5171011407022023,KTP,PERSONAL,bakiono.halim278@outlook.com,+6286750268988,LOW,2023-05-30,2026-05-28
CIF00000309,Ivan Wijaya,1943-01-06,single,M,Jl. Siliwangi No. 1,Depok,Jawa Barat,ID,23995,3271010601436832,KTP,PERSONAL,ivan.wijaya915@@mail.com,+62871541096123456,LOW,2022-08-12,2024-03-04
CIF00000310,Panji Damanik,1983-06-11,married,M,Jalan M.T Haryono No. 46,Yogyakarta,DI Yogyakarta,ID,53167,3471011106836225,KTP,PERSONAL,panji.damanik964@hotmail.com,+628721472215,MEDIUM,2015-12-02,2018-11-30
CIF00000311,Elvina Utami,1975-01-09,married,F,Gg. KH Amin Jasuta No. 71,Bogor,Jawa Barat,ID,78975,3273014901751853,KTP,PERSONAL,elvina.utami2@outlook.com,+62893811891,LOW,2013-08-07,2020-03-23
CIF00000312,Lintang Pertiwi,1946-02-21,married,F,Jl. Lembong No. 47,Malang,Jawa Timur,ID,32393,3573016102464808,KTP,PERSONAL,lintang.pertiwi96@yahoo.com,+628160390667,MEDIUM,2022-05-11,2022-10-05
CIF00000313,Lee Kah Meng,1949-08-27,married,M,"No. 178, Jalan Klang Lama",Petaling Jaya,Selangor,MY,79725,490827-10-8079,MYKAD,PERSONAL,lee.kah971@hotmail.com,+60196873802,MEDIUM,2026-06-29,2026-08-24
CIF00000314,Catur Pranowo,1974-04-11,single,M,Gg. Pelajar Pejuang No. 9,Yogyakarta,DI Yogyakarta,ID,62022,3471011104742169,KTP,PERSONAL,catur.pranowo838@hotmail.com,+6288748096318,HIGH,2014-02-04,2024-01-05
CIF00000315,Sari Lailasari,1952-04-16,single,F,Jalan Pasirkoja No. 4,Bogor,Jawa Barat,ID,91838,3276015604523441,KTP,PERSONAL,sari.lailasari569@gmail.com,+62869331399,LOW,2023-02-23,2026-01-16
CIF00000316,Endra Haryanto,1978-11-15,married,M,Gg. M.T Haryono No. 2,Depok,Jawa Barat,ID,55923,3271011511782763,KTP,PERSONAL,endra.haryanto144@hotmail.com,+62849866067,LOW,2014-05-30,2018-03-30
CIF00000317,Baktiadi Firmansyah,1993-09-13,single,M,Jalan Ciumbuleuit No. 900,Bogor,Jawa Barat,ID,30291,3276011309939566,KTP,PERSONAL,baktiadi.firmansyah899@gmail.com,+628393902892,LOW,2021-03-03,2022-12-01
CIF00000318,PT Mitra Mandiri,1987-10-07,,,Jl. Soekarno Hatta No. 11,Denpasar,Bali,ID,36741,9811405788313,NIB,ORGANIZATION,pt.mitra720@yahoo.com,+62877134999,LOW,2012-12-18,2017-04-03
CIF00000319,Pillai Jun Hao,2002-07-30,married,M,Blk 196 Bedok North Rd #19-546,Singapore,Singapore,SG,108607,T0285205A,NRIC,PERSONAL,pillai.jun713@,+6597978270,LOW,2023-01-06,2026-09-04
CIF00000320,Pillai Jia Hui,2006-06-06,married,F,Blk 391 Bedok North Rd #19-228,Singapore,Singapore,SG,587493,T0688695G,NRIC,PERSONAL,pillai.jia854@gmail.com,+6581640118,HIGH,2023-10-27,2024-08-30
CIF00000321,Niyaga Saputra,1989-05-23,married,M,Jl. Rajawali Timur No. 05,Tangerang,Banten,ID,29320,3671012305899922,KTP,PERSONAL,niyaga.saputra958@mail.com,+628135396261,LOW,2013-05-31,2022-01-05
CIF00000322,Samiah Yolanda,1950-10-30,married,F,Gang Kutai No. 402,Jakarta Selatan,DKI Jakarta,ID,67459,3174017010505983,KTP,PERSONAL,samiah.yolanda372@hotmail.com,+628860395371,MEDIUM,2023-02-01,2025-09-10
CIF00000323,Yani Agustina,2003-11-07,married,F,Gang Suniaraja No. 456,Medan,Sumatera Utara,ID,49924,1271014711034561,KTP,PERSONAL,yani.agustina282@yahoo.com,+628899735030,LOW,2021-11-02,2026-01-09
CIF00000324,Tari Rahayu,1900-01-01,widowed,F,Jalan Dr. Djunjunan No. 502,Jakarta Selatan,DKI Jakarta,ID,49074,3174016901937247,KTP,PERORANGAN,tari.rahayu612@yahoo.com,+62811017253,MEDIUM,2021-03-18,2024-09-04
CIF00000325,Cemplunk Wahyudin,1990-10-27,married,M,Jl. Raya Ujungberung No. 5,Balikpapan,Kalimantan Timur,ID,66251,6471012710902234,KTP,PERSONAL,cemplunk.wahyudin954@mail.com,+628172203304,MEDIUM,2011-01-11,2023-08-26
CIF00000326,Zhi Hao Koh,2004-08-21,married,M,Blk 571 Pasir Ris Dr 6 #02-099,Singapore,Singapore,SG,126874,T0449856E,NRIC,PERSONAL,zhi.hao840@yahoo.com,+6594486444,LOW,2022-10-28,2024-07-31
CIF00000327,Zelaya Uyainah,1980-11-03,divorced,F,Jalan Raya Ujungberung No. 37,Palembang,Sumatera Selatan,ID,84194,1671014311802838,KTP,PERSONAL,zelaya.uyainah430@yahoo.com,+62885002594,LOW,2022-08-26,2023-11-30
CIF00001009,Jayadi Budiyanto,1984-07-19,married,M,Jl. Moch. Toha No. 310,Jakarta Barat,DKI Jakarta,ID,41772,3173011907846257,KTP,PERSONAL,jayadi.budiyanto167@mail.com,+6286362613157,HIGH,2013-01-08,2013-01-08
CIF00000328,Akarsana Suwarno,1992-07-14,married,M,Jl. Cikutra Timur No. 07,Tangerang,Banten,ID,44350,3671011407929205,KTP,PERSONAL,akarsana.suwarno655@hotmail.com,+6281804644792,LOW,2014-01-22,2014-06-20
CIF00000329,Najwa Hartati,2008-03-22,divorced,F,Jalan Dipatiukur No. 6,Medan,Sumatera Utara,ID,61046,1271016203082201,KTP,PERSONAL,najwa.hartati40@mail.com,+6287735513211,MEDIUM,2025-11-17,2026-04-15
CIF00000330,Jati Mustofa,1980-02-10,single,M,Jl. Kutai No. 14,Jakarta Pusat,DKI Jakarta,ID,34470,3174011002804291,KTP,PERSONAL,jati.mustofa751@outlook.com,+62824545271,LOW,2026-03-30,2026-04-16
CIF00000331,Humaira Uyainah,1949-02-13,divorced,F,Gang Ronggowarsito No. 8,Bandung,Jawa Barat,ID,73842,3275015302497002,KTP,PERSONAL,humaira.uyainah540@yahoo.com,+628160074600,LOW,2008-10-25,2018-08-16
CIF00000332,Aurora Hastuti,1941-01-15,married,F,Gang Rumah Sakit No. 7,Jakarta Pusat,DKI Jakarta,ID,39551,3171015501419833,KTP,PERSONAL,aurora.hastuti600@yahoo.com,+628191288649,MED,2015-09-24,2016-06-10
CIF00000333,Wei Jie Goh,1978-02-03,single,M,Blk 980 Ang Mo Kio Ave 3 #03-322,Singapore,Singapore,SG,495873,S7843163F,NRIC,PERSONAL,wei.jie192@outlook.com,+6582203863,HIGH,2017-01-11,2019-10-14
CIF00000334,Candrakanta Mahendra,1945-05-25,single,M,Jl. Medokan Ayu No. 5,Depok,Jawa Barat,ID,70492,3271012505455206,KTP,PERSONAL,candrakanta.mahendra577@outlook.com,+62859416392,LOW,2015-06-17,2019-09-26
CIF00000335,Dagel Gunarto,2004-07-11,married,M,Gang M.H Thamrin No. 669,Depok,Jawa Barat,ID,28892,3271011107047458,KTP,PERSONAL,dagel.gunarto591@hotmail.com,+6288479687776,LOW,2025-09-01,2026-06-29
CIF00000336,Surya Saputra,1997-01-22,married,M,Jalan W.R. Supratman No. 0,Malang,Jawa Timur,ID,46064,35780122019706,KTP,PERSONAL,surya.saputra25@yahoo.com,+62822614429,LOW,2019-05-20,2022-10-24
CIF00000337,Ismail Manullang,1953-09-14,single,M,Jl. Stasiun Wonokromo No. 237,Malang,Jawa Timur,ID,67677,3573011409534568,KTP,PERSONAL,ismail.manullang553@yahoo.com,+6289256228244,HIGH,2008-08-22,2026-01-16
CIF00000338,Drs. Janet Usamah,2002-10-04,single,F,Jalan Medokan Ayu No. 89,Medan,Sumatera Utara,ID,58353,1271014410023899,KTP,PERSONAL,janet.usamah564@outlook.com,+628575575154,LOW,2023-06-11,2026-05-16
CIF00000339,Rajesh Chua,1979-03-27,single,M,Blk 299 Tampines Ave 5 #08-273,Singapore,Singapore,SG,326355,S7972746A,NRIC,PERSONAL,rajesh.chua609@yahoo.com,+6581821466,LOW,2011-02-02,2020-11-15
CIF00000340,Prayitna Haryanto,1975-12-10,married,M,Jalan Moch. Toha No. 2,Bogor,Jawa Barat,ID,56564,3276011012756564,KTP,PERSONAL,prayitna.haryanto178@yahoo.com,+6286254195134,HIGH,2018-11-12,2026-06-13
CIF00000341,Dian Fujiati,1996-10-14,married,F,Jalan Moch. Toha No. 4,Surabaya,Jawa Timur,ID,98352,3578015410963371,KTP,PERSONAL,dian.fujiati894@mail.com,+62862574499,LOW,2016-05-17,2024-02-15
CIF00000342,Galur Budiyanto,1954-09-01,married,M,Gg. Pacuan Kuda No. 06,Jakarta Barat,DKI Jakarta,ID,45967,3173010109544588,KTP,PERSONAL,galur.budiyanto828@mail.com,+6281556915960,HIGH,2023/03/04,2023-01-15
CIF00000343,Gatra Saptono,2000-12-24,single,M,Jl. Abdul Muis No. 8,Semarang,Jawa Tengah,ID,86356,3374012412004379,KTP,PERSONAL,gatra.saptono985@hotmail.com,+62865429422,LOW,2025-05-19,2025-07-17
CIF00000344,Edi Nainggolan,1944-07-11,single,M,Gang Tubagus Ismail No. 578,Semarang,Jawa Tengah,ID,28230,3374011107447100,KTP,PERSONAL,edi.nainggolan315@yahoo.com,+628134658972,LOW,2011-07-01,2020-10-04
CIF00000345,Cakrabuana Saefullah,1984-06-12,single,M,Gang Monginsidi No. 742,Medan,Sumatera Utara,ID,48066,1271011206842779,KTP,PERSONAL,cakrabuana.saefullah137@hotmail.com,+6283270902643,LOW,2026-03-31,2026-05-29
CIF00000346,Tira Hasanah,1944-11-27,single,F,Gang Gardujati No. 4,Jakarta Pusat,DKI Jakarta,ID,71542,3171012711446746,KTP,PERSONAL,tira.hasanah243@gmail.com,+6287599392787,LOW,2018-03-30,2026-04-18
CIF00000347,Uda Napitupulu,1962-11-13,married,M,Jalan Surapati No. 10,Makassar,Sulawesi Selatan,ID,90278,7371011311621485,KTP,PERSONAL,uda.napitupulu275@outlook.com,+62841212197,LOW,2018-12-18,2021-04-27
CIF00000348,Yuliana Hastuti,1965-03-21,married,F,Jl. Kutisari Selatan No. 7,Jakarta Pusat,DKI Jakarta,ID,26490,3173016103656759,KTP,PERSONAL,yuliana.hastuti181@gmail.com,+628644337698,LOW,2010-03-15,2011-06-22
CIF00000349,Kayun Uwais,1977-05-23,single,M,Gg. Gedebage Selatan No. 350,Tangerang,Banten,ID,45271,3671012305776862,KTP,PERSONAL,kayun.uwais508@hotmail.com,+628664136663,LOW,2026-05-19,2026-07-24
CIF00000350,Drs. Humaira Padmasari,1943-02-11,married,F,Gang Jend. Sudirman No. 931,Depok,Jawa Barat,ID,53459,3276015102436030,KTP,PERSONAL,humaira.padmasari39@mail.com,+62866348405,LOW,2023-12-09,2026-05-29
CIF00000351,CV Sejahtera Teknologi,2007-07-01,,,Gg. Waringin No. 680,Surabaya,Jawa Timur,ID,22599,4094982066434,NIB,ORGANIZATION,cv.sejahtera43@hotmail.com,+62837617162,LOW,2021-07-20,2022-02-06
CIF00001006,Chloe Chua,1979-04-24,married,F,Blk 158 Tampines Ave 5 #15-159,Singapore,Singapore,SG,333097,S7958613G,NRIC,PERSONAL,chloe.chua913@hotmail.com,+6594218301,LOW,2010-09-25,2010-09-25
CIF00000352,Rachel Rahmawati,1984-04-04,single,F,Gg. Jamika No. 8,Yogyakarta,DI Yogyakarta,ID,20484,3471014404840446,KTP,PERSONAL,rachel.rahmawati954@hotmail.com,+628933069024,HIGH,2008-04-03,2021-11-16
CIF00000353,Dadi Ramadan,1993-09-25,single,M,Gang Pasteur No. 7,Surabaya,Jawa Timur,ID,65080,3578012509939061,KTP,PERSONAL,dadi.ramadan696@mail.com,+62898840776,LOW,2024-02-20,2024-09-05
CIF00000354,Ilsa Purwanti,1951-01-11,single,F,Gang Sadang Serang No. 52,Medan,Sumatera Utara,ID,20561,1271015101512312,KTP,PERSONAL,ilsa.purwanti619@outlook.com,+62835318537,LOW,2009-03-20,2010-02-14
CIF00000355,Melinda Aryani,1948-11-11,married,F,Gang Sukabumi No. 99,Bogor,Jawa Barat,ID,88682,3275015111481072,KTP,PERSONAL,melinda.aryani536@outlook.com,+62825577835,LOW,2008-08-24,2023-04-01
CIF00000356,Bakidin Prasasta,1959-03-04,married,M,Jl. M.H Thamrin No. 075,Jakarta Selatan,DKI Jakarta,ID,12747,3173010403597606,KTP,PERSONAL,bakidin.prasasta114@gmail.com,+6282273166320,LOW,2010-02-15,2014-07-23
CIF00000357,Queen Mandasari,1938-05-11,married,F,Gang Jend. A. Yani No. 11,Jakarta Selatan,DKI Jakarta,ID,47626,3174015105381759,KTP,PERSONAL,queen.mandasari82@mail.com,+6287674911816,LOW,2018-02-22,2025-09-07
CIF00000358,Malika Riyanti,1967-07-16,married,F,Gg. W.R. Supratman No. 31,Medan,Sumatera Utara,ID,75880,1271011607673391,KTP,PERSONAL,malika.riyanti651@hotmail.com,+628597594958,LOW,2012-01-31,2018-10-08
CIF00000359,Widya Fujiati,1936-11-01,single,F,Gang Rajawali Timur No. 038,Semarang,Jawa Tengah,ID,22784,3374014111363413,KTP,PERSONAL,widya.fujiati145@mail.com,+628770916201,HIGH,2018-12-31,2026-04-14
CIF00000360,PT Makmur Nusantara,1980-11-24,married,F,Jalan Peta No. 8,Malang,Jawa Timur,ID,13460,1122262768105,NIB,ORGANIZATION,pt.makmur350@gmail.com,+62841517437,LOW,2016-11-17,2026-09-12
CIF00000361,Elvina Mulyani,1958-11-07,married,F,Gg. Wonoayu No. 85,Jakarta Barat,DKI Jakarta,ID,44953,3174014711582938,KTP,PERSONAL,elvina.mulyani198@gmail.com,+6284746512709,LOW,2010-11-15,2018-08-25
CIF00000362,PT Cahaya Mega,2000-10-26,,,Gang Setiabudhi No. 087,Surabaya,Jawa Timur,ID,24263,4442811743702,NIB,corporate,pt.cahaya722@yahoo.com,+6288876363916,MEDIUM,2024-03-20,2025-04-22
CIF00000363,Kanda Sirait,1979-01-10,married,M,Gg. Gardujati No. 6,Bogor,Jawa Barat,Id,81436,3276011001796787,KTP,PERSONAL,kanda.sirait490@mail.com,+62855697286,LOW,2013-03-06,2015-11-07
CIF00000364,   ,1941-04-24,married,M,"No. 70, Jalan Tebrau",Shah Alam,Selangor,MY,71437,410424-10-7055,MYKAD,PERSONAL,muhammad.amir833@gmail.com,+601632434590,LOW,2019-12-08,2022-11-30
CIF00000365,PT Pacific Industri,1994-11-26,,,Gang Asia Afrika No. 187,Denpasar,Bali,ID,49978,4096952357021,NIB,ORGANIZATION,pt.pacific298@gmail.com,+62862211838,LOW,2011-11-01,2022-12-12
CIF00000366,Ajimat Tarihoran,2006-10-20,married,M,Jalan K.H. Wahid Hasyim No. 7,Surabaya,Jawa Timur,ID,53163,3573012010064860,KTP,PERORANGAN,ajimat.tarihoran251@mail.com,+62869107586,LOW,2025-09-24,2026-01-27
CIF00000367,Gangsar Hutagalung,1900-01-01,married,M,Gang Rumah Sakit No. 9,Denpasar,Bali,ID,13712,5171011311535713,KTP,PERSONAL,gangsar.hutagalung567@hotmail.com,+62842878271,LOW,2008-05-18,2012-12-31
CIF00000368,Kenzie Jailani,1942-09-22,married,M,Jl. Asia Afrika No. 559,Semarang,Jawa Tengah,ID,72856,3374012209429966,KTP,PERSONAL,kenzie.jailani752@outlook.com,+62849993721,LOW,2011-11-11,2025-05-01
CIF00000369,Vera Wulandari,1984-04-06,single,F,Gg. Pacuan Kuda No. 3,Tangerang,Banten,ID,82632,3671014604846630,KTP,PERSONAL,vera.wulandari610@mail.com,+62842966039,LOW,2025-09-04,2025-11-16
CIF00000370,Karen Wahyuni,1978-01-17,single,F,Gg. Medokan Ayu No. 3,Bogor,Jawa Barat,ID,26496,3276015701783531,KTP,PERSONAL,karen.wahyuni425@mail.com,+62892448312,LOW,2023-09-23,2023-12-12
CIF00000371,Indra Pranowo,2006-07-05,single,M,Gang Antapani Lama No. 7,Yogyakarta,DI Yogyakarta,ID,21258,3471014507065696,KTP,PERSONAL,indra.pranowo585@yahoo.com,+6286404513951,LOW,2023-12-11,2025-04-20
CIF00000372,Carla Pertiwi,1960-02-24,married,F,Gang Ahmad Dahlan No. 661,Jakarta Selatan,DKI Jakarta,ID,83320,3171016402606650,KTP,PERSONAL,carla.pertiwi529@yahoo.com,+628831626813,LOW,2012-01-30,2017-05-17
CIF00000373,Saiful Saefullah,1972-03-15,married,M,Gang Veteran No. 61,Bogor,Jawa Barat,ID,29160,3271011503729215,KTP,PERSONAL,saiful.saefullah90@yahoo.com,+628968378579,LOW,2021-02-22,2025-08-24
CIF00000374,PT Jaya Global,2006-11-11,,,Jl. Cikutra Barat No. 435,Depok,Jawa Barat,ID,71074,1466145204476,NIB,ORGANIZATION,pt.jaya953@mail.com,+62857027566,LOW,2015-08-21,2019-12-26
CIF00000375,Icha Permata,2009-02-13,married,F,Jl. Ciwastra No. 710,Palembang,Sumatera Selatan,ID,58358,1671015302098192,KTP,PERSONAL,icha.permata714@outlook.com,+628958769756,LOW,2026-03-21,2026-06-29
CIF00000376,Syafiq bin Ismail,1962-10-30,married,M,"No. 63, Jalan Klang Lama",George Town,Pulau Pinang,MY,34054,621030-07-8333,MYKAD,PERSONAL,syafiq.bin646@hotmail.com,+60125584223,LOW,2014-02-17,2016-08-24
CIF00000377,Lidya Namaga,1948-02-12,married,F,Jl. Pacuan Kuda No. 3,Surabaya,Jawa Timur,ID,62264,3578015202484015,KTP,PERSONAL,lidya.namaga680@mail.com,+628177804160,LOW,2025-07-29,2025-09-12
CIF00000378,"Ida Winarsih, S.E.",1999-05-12,married,F,Jalan Lembong No. 696,Bandung,Jawa Barat,ID,79640,,KTP,PERSONAL,,,HIGH,2025-10-24,2026-04-06
CIF00000379,Leo Tamba,2005-04-19,married,M,Jalan Joyoboyo No. 43,Bogor,Jawa Barat,ID,80783,3276011904054076,KTP,PERSONAL,leo.tamba691@outlook.com,+6286933130279,LOW,2022-05-07,2024-03-24
CIF00000380,Vicky Halimah,1998-01-17,married,F,Jl. Kebonjati No. 286,Jakarta Pusat,DKI Jakarta,ID,50556,3173015701983339,KTP,PERSONAL,vicky.halimah606@mail.com,+62881170269,LOW,2018-09-12,2026-01-23
CIF00000381,Prayitna Tarihoran,2001-09-01,married,M,Gg. Sentot Alibasa No. 17,Surabaya,Bali,ID,26122,3578010109012172,KTP,PERSONAL,prayitna.tarihoran96@outlook.com,+6288596838546,HIGH,2024-01-25,2026-09-22
CIF00000382,Danu Saragih,1960-01-22,single,M,Gang W.R. Supratman No. 229,Jakarta Selatan,DKI Jakarta,ID,85673,3171012201606627,KTP,PERSONAL,danu.saragih887@mail.com,+62853664350,LOW,2014-03-06,2017-06-10
CIF00000383,Ani Nasyidah,1977-04-10,married,F,Gg. Pasir Koja No. 8,Denpasar,Bali,ID,10229,5171015004775879,KTP,PERSONAL,ani.nasyidah307@hotmail.com,+62869518904,MEDIUM,2012-05-28,2013-12-24
CIF00000384,Nabila binti Ahmad,1983-12-17,single,F,"No. 38, Jalan Tebrau",Johor Bahru,Johor,Malaysia,54080,831217-01-1260,MYKAD,PERSONAL,nabila.binti419@hotmail.com,+60147679985,LOW,2013-01-18,2024-02-20
CIF00000385,CV Mega Sejahtera,2017-05-07,,,Gg. S. Parman No. 2,Jakarta Selatan,DKI Jakarta,ID,98862,5286205280609,NIB,ORGANIZATION,cv.mega753@hotmail.com,+628512902489,MEDIUM,2018-05-06,2021-01-12
CIF00000386,Hendri Najmudin,2020-09-27,single,M,Gang Soekarno Hatta No. 723,Bandung,Jawa Barat,ID,24312,3271012508576739,KTP,PERSONAL,hendri.najmudin33@outlook.com,+628799630604,LOW,2008-07-27,2020-08-10
CIF00000387,Amirul bin Ismail,1943-08-29,married,M,"No. 180, Jalan Kuching",Kuala Lumpur,Wilayah Persekutuan Kuala Lumpur,MY,86055,430829-14-9679,MYKAD,PERSONAL,amirul.bin757@mail.com,+60187660365,LOW,2022-05-03,2026-04-16
CIF00000388,,1978-04-10,married,F,Gang Joyoboyo No. 23,Palembang,Sumatera Selatan,ID,38345,1671015004786255,KTP,PERSONAL,kamaria.lailasari890@hotmail.com,+628236188190,LOW,2010-05-28,2016-11-24
CIF00000389,Amelia Puspita,1981-06-26,married,F,Jl. Astana Anyar No. 167,Medan,Sumatera Utara,ID,25524,1271016606817779,KTP,PERSONAL,amelia.puspita658@mail.com,+6284240195610,LOW,2015-05-15,2015-10-22
CIF00000390,Darijan Ramadan,1983-02-10,married,M,Jl. M.T Haryono No. 9,Jakarta Barat,DKI Jakarta,ID,44021,3173011002832362,KTP,PERSONAL,darijan.ramadan17@yahoo.com,+62816672838,LOW,2014-08-21,2018-11-08
CIF00000391,Harto Januar,1954-07-25,married,M,Jalan Surapati No. 276,Denpasar,Bali,ID,86269,5171012507544662,KTP,PERSONAL,harto.januar514@outlook.com,+6282948342908,LOW,2009-10-06,2017-09-25
CIF00000392,Global Bintang Pte. Ltd.,1994-10-10,,,Blk 543 Tampines Ave 5 #22-650,Singapore,Singapore,SG,773789,199479229D,UEN,ORGANIZATION,global.bintang321@mail.com,+6595409635,LOW,2025-03-28,2026-01-21
CIF00000393,Hardi Natsir,1989-10-13,married,M,Gg. Ahmad Yani No. 70,Malang,Jawa Timur,ID,96009,3578011310895003,KTP,PERSONAL,hardi.natsir737@hotmail.com,+6288940215741,MEDIUM,2022-08-19,2025-09-28
CIF00000394,CV Cahaya Mandiri,2007-01-31,,,Gg. Moch. Toha No. 4,Balikpapan,Kalimantan Timur,ID,59479,2871290530888,NIB,ORGANIZATION,cv.cahaya717@gmail.com,+6282901790698,LOW,2018-10-18,2019-04-19
CIF00000395,Ahmad Faiz bin Ismail,1945-06-26,single,M,"No. 58, Jalan Klang Lama",Shah Alam,Selangor,MY,89739,450626-10-1469,MYKAD,PERSONAL,ahmad.faiz597@gmail.com,+60129596380,LOW,2017-07-04,2021-11-15
CIF00000396,Caraka Samosir,1997-12-07,married,M,Jalan Siliwangi No. 8,Denpasar,Bali,ID,47290,51710107129779737,KTP,PERSONAL,caraka.samosir379@hotmail.com,+628850013768,MEDIUM,2017-04-08,2024-03-24
CIF00000397,Prof. Ika Maryati,1947-02-18,single,F,Gg. Kutisari Selatan No. 405,Depok,Jawa Barat,ID,48332,3271015802472538,KTP,PERSONAL,ika.maryati236@yahoo.com,+628729861143,LOW,2025-07-08,2026-02-20
CIF00000398,Simon Wasita,1900-01-01,single,M,Gang Kutisari Selatan No. 372,Bandung,Jawa Barat,ID,93786,3276011603939454,KTP,PERSONAL,,,LOW,2020-12-19,2023-02-05
CIF00000399,Cahyono Mandala,,single,M,Jl. Cikutra Timur No. 9,Medan,Jawa Timur,ID,66025,1271010702389131,KTP,PERSONAL,cahyono.mandala280@gmail.com,+628635921610,LOW,2016-08-15,2021-06-10
CIF00000400,Maman Wijaya,2001-04-06,married,M,Gang Erlangga No. 77,Surabaya,Jawa Timur,ID,43611,3578010604017564,KTP,PERSONAL,maman.wijaya480@outlook.com,+6283977306033,LOW,2024-04-17,2026-07-28
CIF00000401,Jaga Gunawan,1938-12-16,married,M,Gang Kebonjati No. 16,Tangerang,Banten,ID,91249,3671011612387128,KTP,PERSONAL,jaga.gunawan36@yahoo.com,+628685305218,LOW,2021-09-09,2022-08-11
CIF00000402,Rachel Wahyuni,1970-01-08,married,F,Jl. Soekarno Hatta No. 3,Malang,Jawa Timur,ID,62521,3578014801708501,KTP,PERSONAL,rachel.wahyuni248@yahoo.com,+62837081480,LOW,2025-07-15,2026-03-23
CIF00000403,Elma Padmasari,19731203,married,F,Gg. Sadang Serang No. 527,Surabaya,Jawa Timur,ID,80822,3573014312734255,KTP,PERSONAL,elma.padmasari194@yahoo.com,+62822543255,LOW,2018-11-05,2021-07-09
CIF00000404,Cakrajiya Najmudin,1980-04-22,married,M,Gang Dr. Djunjunan No. 4,Tangerang,Banten,ID,11790,3671012204801328,KTP,PERSONAL,cakrajiya.najmudin940@hotmail.com,+628948904694,MEDIUM,2023-01-18,2025-11-11
CIF00000405,Candra Rajasa,1957-11-25,single,M,Gang Gardujati No. 565,Jakarta Pusat,DKI Jakarta,ID,92360,3173012511572428,KTP,PERSONAL,candra.rajasa26@hotmail.com,+62815252773,LOW,2014-10-28,2016-11-15
CIF00000406,Bakiadi Adriansyah,1978-08-10,single,M,Jl. Gedebage Selatan No. 27,Tangerang,Banten,ID,20906,,KTP,PERSONAL,bakiadi.adriansyah381@hotmail.com,+6288834714171,MEDIUM,2016-02-03,2018-06-29
CIF00000407,Jamil Simanjuntak,1997-03-31,married,M,Gang Ronggowarsito No. 0,Malang,Jawa Timur,ID,33125,3578013103975168,KTP,PERSONAL,jamil.simanjuntak925@gmail.com,+6285810449799,HIGH,2025-08-18,2020-07-20
CIF00000408,Muhammad Hafiz Ong,1947-01-28,married,M,Blk 368 Pasir Ris Dr 6 #05-594,Singapore,Singapore,SG,233691,S4716205Z,NRIC,PERSONAL,muhammad.hafiz694@yahoo.com,+6592941914,MEDIUM,2020-08-29,2022-01-02
CIF00000409,Chong Hui Wen,1900-01-01,married,F,"No. 4, Jalan SS2/24",Kuala Lumpur,Wilayah Persekutuan Kuala Lumpur,MY,ABCDE,651111-14-1518,MYKAD,PERSONAL,chong.hui390@mail.com,+601315021084,LOW,2019-11-24,2025-09-09
CIF00000410,Vero Dabukke,19550911,married,M,Gang Rungkut Industri No. 772,Balikpapan,Kalimantan Timur,ID,72871,6471011109553182,KTP,PERSONAL,vero.dabukke736@mail.com,+6288289840760,LOW,2010-10-06,2016-02-10
CIF00000411,CV Abadi Jaya,1989-12-14,,,Jl. Sukabumi No. 757,Medan,Sumatera Utara,ID,13513,7633832235633,NIB,ORGANIZATION,cv.abadi971@mail.com,+628711028750,HIGH,2016-01-10,2026-03-28
CIF00000412,Hairyanto Waskita,1996-05-12,married,M,Gang Otto Iskandardinata No. 575,Bekasi,Jawa Barat,ID,73583,3271011205967395,KTP,PERSONAL,hairyanto.waskita314@gmail.com,+628494752489,LOW,2018-08-24,2019-09-19
CIF00000892,Faizah Sudiati,1957-08-02,married,F,Gg. Indragiri No. 98,Jakarta Selatan,DKI Jakarta,ID,97857,3171014208576214,KTP,PERSONAL,faizah.sudiati118@yahoo.com,+628932324300,LOW,2021-05-06,2025-03-05
CIF00000413,"Lembah Kusumo, M.Pd",1968-08-20,married,M,Gang Cempaka No. 008,Bandung,Jawa Barat,ID,56385,3273012008686117,KTP,PERSONAL,lembah.kusumo558@yahoo.com,+62811812635,LOW,2010-06-26,2013-09-07
CIF00000414,Nur Aisyah Goh,1943-01-01,married,F,Blk 86 Pasir Ris Dr 6 #13-970,Singapore,Singapore,SG,229939,S4382891F,NRIC,PERSONAL,nur.aisyah149@yahoo.com,+6587288183,LOW,2008-06-21,2010-05-19
CIF00000415,Wawan Dabukke,2000-11-30,widowed,M,Jl. Ahmad Dahlan No. 995,Palembang,Sumatera Selatan,ID,13354,1671013011007079,KTP,PERSONAL,wawan.dabukke250@gmail.com,+628246121863,LOW,2022-12-24,2026-01-10
CIF00000416,Kamaria Aryani,1965-07-05,married,F,Gg. Sukabumi No. 769,Jakarta Selatan,DKI Jakarta,ID,85820,3171014507653903,KTP,PERSONAL,kamaria.aryani770@gmail.com,+628743948503,LOW,2014-04-26,2022-07-16
CIF00000417,PT Mandiri Digital,2010-04-04,,,Jl. Monginsidi No. 62,Bekasi,Jawa Barat,ID,12420,6841750929200,NIB,ORGANIZATION,pt.mandiri329@outlook.com,+62845825097,LOW,2016-03-09,2016-10-17
CIF00000418,Pardi Nababan,1968-07-12,married,M,Jl. Otto Iskandardinata No. 48,Jakarta Selatan,DKI Jakarta,ID,77055,3174011207688753,KTP,PERSONAL,pardi.nababan703@hotmail.com,+6289349557930,MEDIUM,2014-12-27,2026-07-14
CIF00000419,Halima Halimah,1988-04-12,single,F,Gang Ciwastra No. 877,Balikpapan,Kalimantan Timur,ID,54320,64710152048815,KTP,PERSONAL,halima.halimah29@yahoo.com,+6286852583256,LOW,2017-01-14,2022-09-05
CIF00000420,Cemplunk Najmudin,2006-07-14,widowed,M,Jl. Sukajadi No. 018,Balikpapan,Kalimantan Timur,ID,80871,6471011407069522,KTP,PERSONAL,cemplunk.najmudin962@outlook.com,+628590395227,HIGH,2026-06-25,2026-09-02
CIF00000421,Mei Ling Lee,1966-11-14,single,F,Blk 563 Ang Mo Kio Ave 3 #16-231,Singapore,Singapore,SG,190541,S6667574B,NRIC,PERSONAL,mei.ling193@hotmail.com,+6582634921,LOW,2015-09-28,2016-05-01
CIF00000422,Salwa Pratiwi,1954-05-29,married,F,Jalan Sadang Serang No. 373,Jakarta Selatan,DKI Jakarta,ID,71922,3171016905547697,KTP,PERSONAL,salwa.pratiwi438@mail.com,+6283343330428,MEDIUM,2016-09-12,2019-08-15
CIF00000423,Fitria Fujiati,1947-04-27,married,F,Jl. Kebonjati No. 2,Bogor,Jawa Barat,ID,91551,3271016704479497,KTP,PERSONAL,fitria.fujiati613@yahoo.com,+628683322047,LOW,2024-09-25,2025-10-21
CIF00000424,Yessi Permata,2002-08-09,married,F,Jalan Joyoboyo No. 5,Tangerang,Banten,ID ,98283,3671014908023261,KTP,PERSONAL,yessi.permata463@gmail.com,+62894000805,LOW,2024-06-15,2025-03-05
CIF00000425,Kayla Wahyuni,2002-01-17,married,F,Jl. Rajiman No. 705,Depok,Jawa Barat,ID,59407,3276015702026731,KTP,PERSONAL,kayla.wahyuni765@hotmail.com,+62896537275,LOW,2019-12-19,2021-01-03
CIF00000426,Jaya Digital Sdn. Bhd.,2013-02-24,,,"No. 2, Jalan Tun Razak",George Town,Pulau Pinang,MY,21068,201301259647,SSM,ORGANIZATION,jaya.digital66@yahoo.com,+601554534141,MEDIUM,2018-12-15,2022-12-03
CIF00000427,Chong Hui Wen,20020601,single,F,"No. 76, Jalan Tebrau",Shah Alam,Selangor,MY,31700,020601-10-3080,MYKAD,PERSONAL,chong.hui456@hotmail.com,+60196431657,LOW,2025-10-26,2026-04-04
CIF00000428,Jail Saefullah,1993-09-16,married,M,Gang Moch. Toha No. 2,Denpasar,Bali,ID,84597,5171011609936091,KTP,PERSONAL,jail.saefullah376@hotmail.com,8238062299,LOW,2012-12-07,2025-06-23
CIF00000429,Okta Mangunsong,1960-02-06,married,M,Jalan Ahmad Yani No. 02,Jakarta Barat,DKI Jakarta,ID,20503,3174010602600186,KTP,PERSONAL,okta.mangunsong888@outlook.com,+62844637079,LOW,2021-08-25,2022-02-15
CIF00001001,Tasnim Mansur,1942-10-25,married,M,Jalan Ciwastra No. 484,Depok,Jawa Barat,ID,46384,3273012510427241,KTP,PERSONAL,tasnim.mansur138@gmail.com,+6286473913094,LOW,2023-08-11,2023-08-11
CIF00000430,Balidin Hardiansyah,1983-03-16,married,M,Gg. Medokan Ayu No. 572,Bandung,Jawa Tengah,ID,77343,3271011603839881,KTP,PERSONAL,balidin.hardiansyah827@outlook.com,+6288251794556,LOW,2020-10-07,2022-03-07
CIF00000431,Kezia Purwanti,1937-10-28,married,F,Gang Monginsidi No. 50,Balikpapan,Kalimantan Timur,ID,21246,6471016810377087,KTP,PERSONAL,kezia.purwanti797@gmail.com,+6281974720407,HIGH,2009-01-09,2026-07-27
CIF00000626,"Kariman Tamba, S.Kom",1999-12-03,married,M,Gang Rungkut Industri No. 2,Surabaya,Jawa Timur,ID,50388,3578010312996432,KTP,PERSONAL,kariman.tamba978@outlook.com,+628417466313,LOW,2017-01-29,2019-11-07
CIF00000432,Umar Marbun,1942-11-27,divorced,M,Gg. R.E Martadinata No. 525,Makassar,Sulawesi Selatan,ID,84528,7371012711426644,KTP,PERSONAL,umar.marbun506@hotmail.com,+62859047642,HIGH,2024-06-08,2026-09-11
CIF00000433,Malika Pudjiastuti,1988-01-31,married,F,Jl. Abdul Muis No. 9,Jakarta Selatan,DKI Jakarta,ID,53188,3173017101884634,KTP,PERSONAL,malika.pudjiastuti604@gmail.com,+6287165008808,LOW,2011-03-05,2025-03-23
CIF00000434,Candra Firgantoro,1961-12-18,single,M,Gg. Cihampelas No. 441,Bandung,Jawa Barat,ID,83282,3275011812611943,KTP,PERSONAL,candra.firgantoro501@mail.com,+62881612567,LOW,2025-07-02,2026-06-05
CIF00000435,Rahayu Hassanah,2007-10-23,married,F,Jl. Dr. Djunjunan No. 73,Bandung,Jawa Barat,ID,93737,3276016310075630,KTP,PERSONAL,rahayu.hassanah439@mail.com,+628362974330,MEDIUM,2025-04-14,2025-09-05
CIF00000436,PT Cahaya Nusantara,1992-08-01,,,Gg. Suniaraja No. 99,Medan,Sumatera Utara,ID,51863,4154543534778,NIB,ORGANIZATION,pt.cahaya138@outlook.com,+6289740134450,LOW,2023-08-32,2025-06-25
CIF00000437,Oliva Halimah,1937-04-07,married,F,Jalan Yos Sudarso No. 992,Yogyakarta,DI Yogyakarta,ID,72033,3471014704374369,KTP,PERSONAL,oliva.halimah99@mail.com,+62861011117,LOW,2024-03-13,2024-11-24
CIF00000438,Baktiono Mandala,1958-12-12,married,M,Gg. Kutai No. 1,Jakarta Pusat,DKI Jakarta,ID,87912,3171011212583438,KTP,PERSONAL,baktiono.mandala873@gmail.com,+628220513000,LOW,2011-01-07,2025-07-15
CIF00000439,Gasti Mandasari,1986-10-14,single,F,Jalan Wonoayu No. 39,Palembang,Sumatera Selatan,ID,54466,1671015410861354,KTP,PERSONAL,gasti.mandasari515@gmail.com,+628347104447,HIGH,2011-12-09,2026-05-11
CIF00000440,Qori Kuswandari,1995-08-09,married,F,Gg. Jend. Sudirman No. 11,Yogyakarta,DI Yogyakarta,ID,67917,3471014908952624,KTP,PERSONAL,qori.kuswandari870@hotmail.com,+62888482271,MEDIUM,2018-05-04,2022-01-14
CIF00000441,Lim Chong Wei,1952-01-26,single,M,"No. 76, Jalan Tun Razak",George Town,Pulau Pinang,MY,31163,520126-07-7533,MYKAD,PERSONAL,lim.chong3@outlook.com,+60143112562,MEDIUM,2023-11-28,2025-04-09
CIF00000442,Halima Pertiwi,1981-07-14,married,F,Gang Ahmad Yani No. 4,Jakarta Selatan,DKI Jakarta,ID,10188,3174015407817042,KTP,PERSONAL,halima.pertiwi302@mail.com,+628738580761,LOW,2022-04-04,2026-06-10
CIF00000443,Eva Andriani,1966-02-25,married,F,Jalan Kutai No. 2,Tangerang,Banten,ID,65630,3671016502665792,KTP,PERSONAL,eva.andriani242@hotmail.com,+62867558048,LOW,2022-04-15,2024-08-20
CIF00000444,PT Jaya Industri,2009-01-26,,,Jalan Dipatiukur No. 080,Makassar,Sulawesi Selatan,ID,59592,7475253594258,NIB,ORGANIZATION,pt.jaya524@hotmail.com,+6281599799198,MEDIUM,2020-05-09,2023-11-26
CIF00000445,Maryanto Budiman,1985-07-21,married,M,Gg. H.J Maemunah No. 3,Jakarta Pusat,DKI Jakarta,ID,13260,3171012107859008,KTP,PERSONAL,maryanto.budiman911@outlook.com,+62829137999,LOW,2024-12-01,2025-08-01
CIF00000446,Jia Hui Ng,1979-08-20,married,F,Blk 888 Toa Payoh Lor 1 #25-130,Singapore,Singapore,SG,324153,S7947541F,NRIC,PERSONAL,jia.hui890@mail.com,+6583279908,LOW,2020-01-06,2025-08-15
CIF00000447,Almira Hassanah,,married,F,Gang Ciwastra No. 00,Tangerang,Banten,ID,65204,3671014508659633,KTP,PERSONAL,almira.hassanah387@outlook.com,+62883438133,LOW,2021-09-18,2024-10-14
CIF00000448,Maya Laksita,2005-02-05,married,F,Jl. Pasir Koja No. 8,Malang,Jawa Timur,ID,72879,3578014502058691,KTP,PERSONAL,maya.laksita914@outlook.com,+628996870495,LOW,20240213,2026-07-15
CIF00000449,PT Maju Abadi,1977-09-28,,,Jl. S. Parman No. 14,Palembang,Sumatera Selatan,ID,45040,1951390518172,KTP,ORGANIZATION,pt.maju707@gmail.com,+628942510907,MEDIUM,2022-10-13,2024-01-01
CIF00000450,Vivi Nuraini,1951-08-24,married,F,Gang Erlangga No. 83,Surabaya,Jawa Timur,ID,56782,3578016408514735,KTP,PERSONAL,vivi.nuraini87@mail.com,+6283939480598,MEDIUM,2023-09-07,2024-11-18
CIF00000451,Jaya Pradipta,1955-11-25,single,M,Gg. PHH. Mustofa No. 90,Jakarta Pusat,DKI Jakarta,ID,26603,3174012511552566,KTP,PERSONAL,jaya.pradipta312@yahoo.com,+628542981807,LOW,2020-04-09,2021-11-24
CIF00000452,Kiandra Wahyuni,1951-04-01,married,F,Gg. Kutisari Selatan No. 443,Makassar,Sulawesi Selatan,ID,58724,7371014104519530,KTP,PERSONAL,kiandra.wahyuni640@mail.com,+628568525901,LOW,2024-10-14,2026-07-13
CIF00000453,Xin Yi Teo,1993-11-12,married,F,Blk 996 Woodlands Dr 14 #04-587,Singapore,Singapore,SG,125015,S9375939G,NRIC,PERSONAL,xin.yi794@outlook.com,+6588960982,LOW,2024-07-24,2026-08-19
CIF00000454,Sarah Lestari,1983-10-21,single,F,Jl. KH Amin Jasuta No. 068,Tangerang,Banten,ID,772830,3671016110835105,KTP,PERSONAL,sarah.lestari532@gmail.com,+628392722609,HIGH,2008-10-02,2023-06-12
CIF00000455,Bintang Cahaya Pte. Ltd.,2014-12-02,,,Blk 992 Pasir Ris Dr 6 #13-060,Singapore,Singapore,SG,500755,201407561W,UEN,ORGANIZATION,bintang.cahaya515@yahoo.com,+6592542314,LOW,2022-08-09,2024-11-20
CIF00000456,Irsad Zulkarnain,1947-01-09,married,M,Jl. Moch. Ramdan No. 3,Denpasar,Bali,ID,79646,5171010901470014,KTP,PERSONAL,irsad.zulkarnain432@outlook.com,+628287414747,MEDIUM,2008-01-08,2016-07-23
CIF00000457,Titin Mulyani,1940-11-13,married,F,Jl. Ciwastra No. 522,Yogyakarta,DI Yogyakarta,ID,45776,3471015311402128,KTP,PERSONAL,titin.mulyani682@mail.com,+628437023424,LOW,2024-05-24,2024-10-27
CIF00000458,Satya Pratama,1971-04-25,widowed,M,Gang Cikapayang No. 7,Bogor,Jawa Barat,ID,73751,3273012505717881,KTP,PERSONAL,satya.pratama301@outlook.com,+628952406591,LOW,2008-12-19,2015-01-03
CIF00000459,Mahfud Uwais,1959-10-11,single,M,Jalan Cikapayang No. 564,Balikpapan,Kalimantan Timur,ID,30739,6471011110599471,KTP,PERSONAL,mahfud.uwais140@gmail.com,+62897515763,MEDIUM,2015-07-29,2022-04-21
CIF00000460,Siti Aisyah Pillai,1974-05-14,married,F,Blk 40 Pasir Ris Dr 6 #05-837,Singapore,Singapore,SG,245565,S7492655Z,KTP,PERSONAL,siti.aisyah268@mail.com,+6599259791,LOW,2021-10-23,2024-11-29
CIF00000461,Septi Aryani,2004-05-18,married,F,Gang Cihampelas No. 42,Jakarta Selatan,DKI Jakarta,ID,75417,3174015805045805,KTP,PERSONAL,septi.aryani666@gmail.com,+628768113086,LOW,2021-06-02,2025-01-05
CIF00000462,Langgeng Simanjuntak,1959-07-31,married,M,Gg. Tubagus Ismail No. 6,Medan,Sumatera Utara,ID,86095,12710O3107599687,KTP,PERSONAL,langgeng.simanjuntak345@hotmail.com,+62839097589,LOW,2008-08-06,2014-06-05
CIF00000463,Gamani Siregar,1948-08-27,married,M,Gg. Rajawali Timur No. 895,Jakarta Selatan,DKI Jakarta,ID,23568,3173012708487514,KTP,PERSONAL,gamani.siregar916@yahoo.com,+628162399823,LOW,2008-08-27,2014-01-14
CIF00000464,Rachel Tan,1944-05-03,single,F,Blk 714 Pasir Ris Dr 6 #20-287,Singapore,Singapore,SG,324328,S4424722D,NRIC,PERSONAL,rachel.tan136@yahoo.com,+6587207233,LOW,2022-08-21,2023-06-09
CIF00000465,CV Sinar Asia,1975-01-18,married,F,Gg. Jayawijaya No. 5,Malang,Jawa Timur,ID,84431,5808337492430,NIB,ORGANIZATION,cv.sinar596@gmail.com,+62895398166,LOW,2025-07-30,2026-08-10
CIF00000466,Wei Jie Lim,1973-04-27,married,M,Blk 800 Orchard Road #03-493,Singapore,Singapore,SG,221218,S7353539E,NRIC,PERSONAL,wei.jie829@mail.com,+6588325461,MEDIUM,2008-11-05,2015-06-29
CIF00000467,Purwa Tarihoran,2003-06-08,married,M,Gang Pelajar Pejuang No. 6,Depok,Jawa Barat,ID,79548,3273010806036921,KTP,PERSONAL,purwa.tarihoran992@yahoo.com,+62859132327,LOW,2021-06-02,2025-03-12
CIF00000468,Martaka Januar,1983-06-30,married,M,Gg. Gegerkalong Hilir No. 1,Medan,Sumatera Utara,ID,36463,1271013006831372,KTP,PERSONAL,martaka.januar923@outlook.com,+6287505652319,MEDIUM,2023-12-23,2025-03-17
CIF00000469,Gaman Wijaya,1949-03-08,married,M,Gg. Lembong No. 1,Medan,Sumatera Utara,ID,17079,1271010803498657,KTP,PERSONAL,gaman.wijaya75@gmail.com,+628948699133,LOW,2019-06-19,2025-08-19
CIF00000470,Aiman bin Ismail,1937-06-22,married,M,"No. 94, Lebuh Chulia",George Town,Pulau Pinang,MY,93809,370622-07-6593,MYKAD,PERSONAL,aiman.bin690@yahoo.com,+60116780864,MEDIUM,2019-11-24,2022-01-31
CIF00000471,Jamalia Hariyah,1937-01-12,married,F,Gang Merdeka No. 04,Bandung,Jawa Barat,ID,13060,3273015201374932,KTP,PERSONAL,jamalia.hariyah666@hotmail.com,+62896269183,LOW,2009-11-13,2023-05-16
CIF00000472,Rangga Hakim,2001-11-05,single,M,Gang Pasteur No. 2,Jakarta Pusat,DKI Jakarta,ID,10689,3173010511017125,KTP,PERSONAL,rangga.hakim802@outlook.com,+6285868467952,LOW,2025-11-02,2026-08-28
CIF00000473,"Farah Mulyani, M.M.",1945-03-08,single,F,Gg. Rajawali Timur No. 225,Malang,Jawa Timur,ID,54083,3578014803451163,KTP,PERSONAL,farah.mulyani102@hotmail.com,+628942445128,MEDIUM,2024-01-25,2025-03-31
CIF00000864,Chloe Teo,2004-06-14,married,F,Blk 842 Clementi Ave 2 #18-803,Singapore,Singapore,SG,522033,T0460690B,NRIC,PERSONAL,chloe.teo232@hotmail.com,+6595999599,LOW,2022-09-20,2025-04-20
CIF00000474,Sidiq Sinaga,1999-04-09,single,M,Gg. Laswi No. 202,Makassar,Sulawesi Selatan,ID,52559,7371010904994896,KTP,PERSONAL,sidiq.sinaga23@yahoo.com,+6285826218840,LOW,2017-05-17,2017-06-18
CIF00000475,Jaya Prima Pte. Ltd.,1987-12-26,,,Blk 300 Orchard Road #13-604,Singapore,Singapore,SG,673111,198760107F,UEN,ORGANIZATION,jaya.prima449@outlook.com,+6587365754,LOW,2020-11-12,2025-06-04
CIF00000476,Kartika Mardhiyah,1940-07-05,single,F,Gg. Laswi No. 44,Palembang,Sumatera Selatan,ID,29321,1671014507403110,KTP,PERSONAL,kartika.mardhiyah253@gmail.com,+62857638233,MEDIUM,2015-08-07,2023-06-30
CIF00000477,Manah Sitorus,1986-05-10,married,M,Jalan Pelajar Pejuang No. 5,Denpasar,Bali,ID,72825,5171011005865447,KTP,PERSONAL,manah.sitorus973@yahoo.com,+62878463297,HIGH,2010-05-30,2023-11-18
CIF00000478,Paiman Pratama,2001-08-26,single,M,Gang W.R. Supratman No. 007,Depok,Jawa Barat,ID,62276,3271012608015543,KTP,PERSONAL,paiman.pratama891@gmail,+62889973600,LOW,2023-10-18,2023-11-07
CIF00000479,Damu Jailani,1996-07-13,married,M,Gang Wonoayu No. 91,Bogor,Jawa Barat,ID,80256,3273015307960176,KTP,PERSONAL,damu.jailani995@mail.com,+6288632483537,HIGH,2023-12-29,2025-11-29
CIF00000480,Rusman Adriansyah,1989-12-23,single,M,Jl. Antapani Lama No. 563,Medan,Sumatera Utara,ID,30027,1271012312896665,KTP,PERSONAL,rusman.adriansyah463@mail.com,+62838457170,LOW,2021-06-27,2026-07-21
CIF00000481,Makuta Marpaung,2002-11-03,single,M,Jl. Ahmad Dahlan No. 5,Tangerang,Banten,ID,32216,3671010311021416,KTP,PERSONAL,makuta.marpaung801@mail.com,+628548582145,MEDIUM,2020-03-30,2022-06-14
CIF00000482,Rachel Lim,1994-09-06,married,F,Blk 837 Toa Payoh Lor 1 #13-264,Singapore,Singapore,SG,768380,S9411872G,NRIC,PERSONAL,rachel.lim108@hotmail.com,+6595743583,LOW,2021-07-09,2025-08-10
CIF00000483,Ajiman Marbun,1870-03-14,married,M,Gg. Rajawali Timur No. 609,Jakarta Barat,DKI Jakarta,ID,37445,3174010104046023,KTP,PERSONAL,ajiman.marbun363@yahoo.com,+628551995652,LOW,2022-04-22,2023-07-27
CIF00000484,Rahayu Yulianti,1967-07-01,single,F,Gg. Moch. Toha No. 941,Jakarta Barat,DKI Jakarta,ID,72073,3173014107672170,KTP,PERSONAL,rahayu.yulianti73@hotmail.com,+62855790340,LOW,2016-12-09,2021-09-28
CIF00000485,PT Makmur Sejahtera,2016-08-19,,,Jalan Asia Afrika No. 35,Medan,Sumatera Utara,ID,91647,6344964330592,NIB,ORGANIZATION,pt.makmur131@outlook.com,+628445476390,LOW,2018-07-29,2022-06-26
CIF00000486,Tri Hutasoit,1996-08-04,married,M,Jl. Pasirkoja No. 188,Makassar,Sulawesi Selatan,ID,10925,7371010408967985,KTP,PERSONAL,tri.hutasoit540@yahoo.com,+628882296151,LOW,2019-05-25,2022-01-24
CIF00000487,Hilda Wulandari,1958-08-17,married,F,Jl. Surapati No. 85,Malang,Jawa Timur,ID,91570,3573015708585009,KTP,PERSONAL,hilda.wulandari626@hotmail.com,+6289562643811,LOW,2021-02-25,2024-05-15
CIF00000488,Ayu Pudjiastuti,1970-02-11,married,F,Jl. Laswi No. 163,Balikpapan City,Kalimantan Timur,ID,21925,6471015102705205,KTP,PERSONAL,ayu.pudjiastuti337@hotmail.com,+62874163020,LOW,2009-03-11,2025-11-07
CIF00000489,Victoria Novitasari,1954-05-06,married,F,Jalan Ir. H. Djuanda No. 471,Jakarta Pusat,DKI Jakarta,ID,23841,3174014605548086,KTP,PERSONAL,victoria.novitasari462@gmail.com,+6287598137239,LOW,2013-10-01,2017-07-18
CIF00000490,Viman Mustofa,1972-06-16,single,M,Gg. Moch. Ramdan No. 5,Bekasi,Jawa Barat,ID,34974,3275011606723463,KTP,PERSONAL,viman.mustofa146@gmail.com,+628548914181,LOW,2009-04-22,2019-02-26
CIF00000491,Hardi Waskita,1993-06-19,married,M,Jl. Ahmad Dahlan No. 69,Semarang,Jawa Tengah,ID,15231,3374011906938225,KTP,PERSONAL,hardi.waskita823@hotmail.com,+6289758913095,LOW,2015-02-23,2021-06-25
CIF00000492,Sinar Sentosa Sdn. Bhd.,1980-11-28,,,"No. 47, Jalan Bukit Bintang",George Town,Pulau Pinang,MY,58208,198001675993,SSM,ORGANIZATION,sinar.sentosa291@gmail.com,+601471631700,MED,2024-03-23,2024-03-30
CIF00000493,Hasta Situmorang,1948-01-30,married,M,Gg. Tebet Barat Dalam No. 45,Balikpapan,Kalimantan Timur,ID,69550,6471013001488728,KTP,PERSONAL,hasta.situmorang308@mail.com,+62896229673,MEDIUM,2012-07-10,2026-02-26
CIF00000494,PT Abadi Cahaya,2012-07-04,,,Gang Kendalsari No. 4,Surabaya,Jawa Timur,ID,58363,1062142734232,NIB,ORGANIZATION,pt.abadi824@outlook.com,+62875331382,MEDIUM,2025-04-19,2026-02-05
CIF00000495,Prabawa Firgantoro,1945-05-31,single,M,Jalan Yos Sudarso No. 9,Tangerang,Banten,ID,87329,3671013105458194,KTP,PERSONAL,,,HIGH,2025-09-17,2019-03-12
CIF00000496,Rachel Farida,1943-03-04,single,F,Gg. Jend. Sudirman No. 77,Medan,Sumatera Utara,ID,89168,1271014403433080,KTP,PERSONAL,rachel.farida507@mail.com,+628833326895,LOW,2009-10-16,2015-03-22
CIF00000497,Zelaya Melani,1950-08-22,married,F,Gg. Gegerkalong Hilir No. 9,Depok,Jawa Barat,ID,88841,3276016208503177,KTP,PERSONAL,zelaya.melani468@yahoo.com,+6283215834769,LOW,2023-02-07,2025-01-16
CIF00000498,Vega Prasasta,1858-04-14,married,M,Gg. Sukabumi No. 786,Surabaya,Jawa Timur,ID,91397,3573011704442357,KTP,PERSONAL,vega.prasasta766@gmail.com,+6283863746528,LOW,2026-01-07,2026-08-10
CIF00000499,Anita Permata,1994-12-16,married,F,Jl. Erlangga No. 078,Medan,Sumatera Utara,ID,92591,1271015612941999,KTP,PERSONAL,anita.permata727@yahoo.com,+628840345131,MEDIUM,2025-06-14,2025-12-16
CIF00000500,PT Asia Sejahtera,1979-12-18,,,Gg. Pacuan Kuda No. 51,Medan,Sumatera Utara,ID,71946,1858346806370,NIB,ORGANIZATION,pt.asia357@outlook.com,+62847255010,LOW,2014-02-13,2024-02-13
CIF00000501,PT Prima Sinar,2002-09-27,,,Gang Otto Iskandardinata No. 32,Makassar,Sulawesi Selatan,ID,90395,1156533924841,NIB,ORGANIZATION,pt.prima227@yahoo.com,+62859063606,LOW,2011-02-25,2013-11-17
CIF00000502,Ghaliyati Zulaika,1974-10-22,single,F,Jalan Ahmad Dahlan No. 298,Denpasar,Bali,ID,86343,5171016210749295,KTP,PERSONAL,ghaliyati.zulaika279@yahoo.com,+628371890391,LOW,2010-07-16,2023-12-27
CIF00000503,Muhammad Amir bin Abdullah,1967-11-27,married,M,"No. 96, Jalan Tun Razak",Shah Alam,Selangor,MY,89225,671127-10-4887,MYKAD,PERSONAL,muhammad.amir411@yahoo.com,+601130497753,LOW,2019-03-24,2019-07-19
CIF00000504,Zhi Hao Ng,1945-07-01,single,M,Blk 89 Ang Mo Kio Ave 3 #17-753,Singapore,Singapore,SG,484496,S4598167C,NRIC,PERSONAL,zhi.hao774@mail.com,+6598559353,MEDIUM,2013-03-31,2015-08-17
CIF00000505,Purwa Latupono,1980-06-27,divorced,M,Jalan Pelajar Pejuang No. 2,Bandung,Jawa Barat,ID,59412,3276012706809000,KTP,PERSONAL,purwa.latupono628@gmail.com,+62832879015,LOW,2019-03-15,2025-09-13
CIF00000506,Abyasa Sinaga,1986-07-02,married,M,Gg. Merdeka No. 6,Semarang,Jawa Tengah,ID,82945,3374010207864526,KTP,PERSONAL,abyasa.sinaga219@gmail.com,+6285655003127,LOW,2010-06-01,2010-11-08
CIF00000507,Hani Zulaika,1949-04-02,married,F,Jalan Sukajadi No. 45,Bogor,Jawa Barat,ID,38587,3276014204494295,KTP,PERSONAL,hani.zulaika595@mail.com,+62825475262,LOW,2025-04-08,2025-08-06
CIF00000508,PT Karya Bintang,1994-11-22,,,Jalan Cikutra Timur No. 19,Palembang,Sumatera Selatan,ID,89729,9851689193028,NIB,ORGANIZATION,pt.karya933@hotmail.com,+62876390819,MEDIUM,2010-02-09,2022-05-27
CIF00000509,Yahya Gunarto,1979-08-07,widowed,M,Gg. Rajawali Barat No. 5,Medan,Sumatera Utara,ID,85812,1271010708792206,KTP,PERSONAL,yahya.gunarto839@hotmail.com,+62824661188,LOW,2026-07-04,2026-08-16
CIF00000510,Harjasa Wahyudin,1989-07-20,single,M,Gang Cempaka No. 9,Malang,Jawa Timur,ID,65602,3578012007893065,KTP,PERSONAL,harjasa.wahyudin922@mail.com,+628785417746,LOW,2012-02-23,2023-12-20
CIF00000511,Edward Haryanto,1974-02-23,single,M,Gg. Cikutra Barat No. 42,Bekasi,Jawa Barat,ID,16934,3273012302741505,KTP,PERSONAL,edward.haryanto726@yahoo.com,+6286872167658,LOW,2010-06-03,2014-09-04
CIF00000512,Chong Pei Shan,1984-02-06,married,F,"No. 140, Persiaran Kayangan",Petaling Jaya,Selangor,MY,91961,840206-10-1642,MYKAD,PERSONAL,chong.pei739@hotmail.com,+60128293392,MEDIUM,2015-05-20,2018-08-31
CIF00000513,Abyasa Suwarno,2000-04-12,divorced,M,Gang Kutai No. 636,Bandung,Jawa Barat,ID,9394,3273011204003406,KTP,PERSONAL,abyasa.suwarno767@mail.com,+628185939695,MEDIUM,2025-11-03,2026-07-25
CIF00000514,PT Abadi Teknologi,1979-05-14,,,Jl. Cikapayang No. 9,Tangerang,Banten,ID,82520,7451109485047,NIB,ORGANIZATION,pt.abadi91@mail.com,+6287407822186,LOW,2013-08-22,2020-02-26
CIF00000515,Nalar Saptono,1962-07-10,single,M,Jalan Surapati No. 152,Jakarta Selatan,DKI Jakarta,ID,11027,3174011007622307,KTP,PERSONAL,nalar.saptono588@hotmail.com,+628421622223,LOW,2011-11-20,2012-11-11
CIF00000516,Salimah Oktaviani,1981-08-13,married,F,Gang KH Amin Jasuta No. 449,Malang,Jawa Timur,ID,26873,3573015308813658,KTP,PERSONAL,salimah.oktaviani229@yahoo.com,+62831765533,HIGH,2016-02-03,2025-11-26
CIF00000517,Balijan Saptono,1993-01-01,single,M,Gang Monginsidi No. 791,Bekasi,Jawa Barat,ID,59525,3271010101934777,KTP,PERSONAL,balijan.saptono561@mail.com,+6285333636159,MEDIUM,2020-10-17,2022-05-14
CIF00000518,Gatot Nainggolan,1947-05-28,married,M,Gang KH Amin Jasuta No. 828,Balikpapan,Kalimantan Timur,ID,60699,6471012805473583,KTP,PERSONAL,gatot.nainggolan309@mail.com,+628974855556,MEDIUM,2010-10-18,2015-02-23
CIF00000519,Cager Waskita,1952-04-27,married,M,Jalan Siliwangi No. 468,Jakarta Barat,DKI Jakarta,ID,49796,3174012704526542,KTP,PERSONAL,cager.waskita968@gmail.com,+628850189639,MEDIUM,2024-11-02,2025-07-04
CIF00000520,Farah binti Ahmad,1992-01-16,married,F,"No. 190, Jalan Sultan Ismail",George Town,Pulau Pinang,MY,21270,920116-07-7798,MYKAD,PERSONAL,farah.binti37@outlook.com,+60168801769,LOW,2025-07-12,2025-06-01
CIF00000521,Candra Pranowo,1999-03-28,divorced,M,Jl. Jamika No. 633,Bandung,Jawa Barat,ID,36201,3273012803998429,KTP,PERSONAL,candra.pranowo616@yahoo.com,+6281342725745,HIGH,2026-07-15,2026-07-22
CIF00000522,Yahya Wijaya,1998-12-24,married,M,Gang Suryakencana No. 05,Bogor,Jawa Barat,ID,32810,3271012412981636,KTP,PERSONAL,yahya.wijaya502@mail.com,+6288221945276,LOW,2021-03-24,2022-10-09
CIF00000523,Xin Yi Rahman,1993-05-21,married,F,Blk 149 Woodlands Dr 14 #07-158,Singapore,Singapore,SG,467367,S9353908G,NRIC,PERSONAL,xin.yi660@outlook.com,+6587385501,LOW,2013-02-02,2017-01-03
CIF00000524,Ifa Lestari,2000-10-19,single,F,Gg. Pacuan Kuda No. 870,Tangerang,Banten,ID,36247,3671015910000529,KTP,PERSONAL,ifa.lestari689@outlook.com,+62817291008,HIGH,2021-11-09,2026-06-09
CIF00000525,Wakiman Megantara,1987-06-13,married,M,Gang BKR No. 4,Jakarta Barat,DKI Jakarta,ID,44147,3173011306873694,KTP,PERSONAL,wakiman.megantara11@outlook.com,+6289125171288,LOW,2014-04-01,2016-03-14
CIF00000526,dr. Vera Yuliarti,1949-07-18,married,F,Gang Siliwangi No. 2,Bogor,Jawa Barat,ID,59532,3275015807490185,KTP,PERSONAL,vera.yuliarti361@gmail.com,+62835084259,LOW,2019-01-25,2019-08-19
CIF00000527,Liman Wacana,,divorced,M,Gg. Moch. Ramdan No. 8,Malang,Jawa Timur,ID,96542,3573011406836004,KTP,PERSONAL,liman.wacana41@mail.com,+628133662364,LOW,2018-01-05,2021-11-09
CIF00000528,Wong Xin Yi,1988-11-08,married,F,"No. 190, Jalan Klang Lama",Kuala Lumpur,Wilayah Persekutuan Kuala Lumpur,MY,99744,881108-14-4960,MYKAD,PERSONAL,wong.xin250@outlook.com,+601185923724,MEDIUM,2012-04-28,2017-08-14
CIF00000529,Citra Handayani,1949-07-29,married,F,Gang Gegerkalong Hilir No. 5,Balikpapan,Kalimantan Timur,ID,56783,6471016907494896,KTP,PERSONAL,citra.handayani491@gmail.com,+62859095576,LOW,2024-05-02,2026-03-04
CIF00000530,Karsa Ramadan,1972-07-22,single,M,Jalan Antapani Lama No. 8,Jakarta Selatan,DKI Jakarta,ID,35946,3173012207720683,KTP,PERSONAL,karsa.ramadan804@mail.com,+6288987640740,HIGH,2020-12-26,2026-03-04
CIF00000531,PT Karya Jaya,2013-01-06,,,Gang Siliwangi No. 612,Semarang,Jawa Tengah,ID,51055,8302949248321,NIB,ORGANIZATION,pt.karya741@gmail.com,+62871423156,LOW,2015-12-24,2022-06-21
CIF00000532,Bajragin Siregar,1949-12-08,married,M,Gg. Medokan Ayu No. 34,Bekasi,Jawa Barat,ID,72113,3273010812493877,KTP,PERSONAL,bajragin.siregar182@outlook.com,+628715678428,LOW,2021-10-04,2022-03-11
CIF00000533,Hartana Saputra,1965-10-11,married,M,Gang S. Parman No. 809,Denpasar,Bali,ID,33647,5171011110655766,KTP,PERSONAL,hartana.saputra463@mail.com,+62846966602,MEDIUM,2017-06-22,2024-05-17
CIF00000534,,1986-03-03,married,M,Gang Kutisari Selatan No. 24,Surabaya,Jawa Timur,ID,51487,3578010303865608,KTP,PERSONAL,cahya.napitupulu120@hotmail.com,+628245848101,LOW,2016-02-22,2016-10-28
CIF00000535,Kanda Waskita,2007-03-22,married,M,Jl. Moch. Ramdan No. 6,Jakarta Pusat,DKI Jakarta,ID,91373,3174012203070195,KTP,PERSONAL,kanda.waskita597@mail.com,+6286807461183,LOW,2025-03-20,2026-08-25
CIF00000536,"Enteng Samosir, S.H.",1949-12-10,married,M,Gg. Ronggowarsito No. 298,Denpasar,Bali,ID,42139,5171011012491473,KTP,PERSONAL,enteng.samosir526@hotmail.com,+62842529876,LOW,2026-04-21,2026-08-18
CIF00000537,"Ophelia Nasyidah, S.T.",1998-10-13,married,F,Jl. Pasir Koja No. 051,Bogor,Jawa Barat,ID,25909,3276015310989387,KTP,PERSONAL,ophelia.nasyidah321@outlook.com,+62871180339,LOW,2016-10-07,2025-03-01
CIF00000538,Kamaria Rahayu,1998-05-02,married,F,Gg. Cikapayang No. 239,Jakarta Pusat,DKI Jakarta,ID,54007,3173014205988214,KTP,PERSONAL,kamaria.rahayu940@gmail.com,+62875947779,LOW,2016-01-11,2019-05-07
CIF00000539,Amirul bin Hassan,1962-05-17,married,M,"No. 171, Lebuh Chulia",George Town,Pulau Pinang,MY,45450,620517-07-7509,MYKAD,PERSONAL,amirul.bin982@outlook.com,+60167402486,LOW,2009-06-06,2015-11-19
CIF00000540,Kajen Sinaga,1942-02-18,married,M,Jl. Yos Sudarso No. 2,Palembang,Sumatera Selatan,ID,17186,1671011802423335,KTP,PERSONAL,kajen.sinaga115@gmail.com,+62879684156,HIGH,2010-12-07,2022-02-16
CIF00000541,   ,1982-02-27,,,Jl. Gedebage Selatan No. 859,Denpasar,Bali,ID,97790,7726971539089,NIB,ORGANIZATION,pt.karya751@outlook.com,+628435654870,LOW,2012-01-13,2023-03-29
CIF00000542,Elon Maulana,1962-04-19,married,M,Gg. Ahmad Dahlan No. 402,Semarang,Jawa Tengah,ID,71239,3374011904624436,KTP,PERSONAL,elon.maulana230@gmail.com,+628415471098,LOW,2023-03-25,2025-10-25
CIF00000543,Ami Melani,1988-05-09,single,F,Jalan Sukajadi No. 02,Tangerang,Banten,ID,63004,3671014905882783,KTP,PERSONAL,ami.melani456@mail.com,+6287199466949,HIGH,2021-10-07,2026-08-22
CIF00000544,Nova Yulianti,,single,F,Jl. Lembong No. 1,Semarang,Jawa Tengah,ID,77412,3374016705954464,KTP,PERSONAL,nova.yulianti851@outlook.com,+628921557057,LOW,2013-04-28,2015-07-09
CIF00000545,PT Maju Harapan,1978-05-12,,,Jl. Asia Afrika No. 4,Bandung,Jawa Barat,ID,24268,1161972295839,NIB,ORGANIZATION,,,LOW,2026-05-21,2026-09-10
CIF00000546,Titi Laksita,1945-07-30,single,F,Gang Pacuan Kuda No. 81,Bandung,Jawa Barat,ID,28481,,KTP,PERSONAL,titi.laksita8@yahoo.com,+62876615583,LOW,2016-12-30,2018-07-14
CIF00000547,Kurnia Firmansyah,1952-11-14,single,M,Gg. Antapani Lama No. 1,Yogyakarta,DI Yogyakarta,ID,71734,3471011411529227,KTP,PERSONAL,kurnia.firmansyah16@mail.com,+62892887555,LOW,2022-06-02,2024-01-08
CIF00000548,Cinthia Fujiati,2004-09-05,married,F,Gang W.R. Supratman No. 02,Jakarta Barat,DKI Jakarta,ID,63708,3171014509046200,KTP,PERSONAL,cinthia.fujiati302@yahoo.com,+62865080062,MEDIUM,2026-02-23,2026-07-14
CIF00000549,Violet Pertiwi,1959-03-11,married,F,Gg. Kendalsari No. 029,Denpasar,Bali,ID,74029,5171015103592150,KTP,PERSONAL,violet.pertiwi527@gmail.com,+628124316279,HIGH,2019-06-24,2025-11-01
CIF00000550,Pangeran Siregar,1977-03-19,single,M,Gg. Indragiri No. 602,Palembang,Sumatera Selatan,ID,51712,1671011903773550,KTP,PERSONAL,pangeran.siregar678@hotmail.com,+628218444733,LOW,2023-05-11,2026-09-12
CIF00000551,Drs. Prayoga Gunawan,2002-08-27,married,M,Jalan Cikutra Barat No. 47,Malang,Jawa Timur,ID,68194,3573012708027771,KTP,PERSONAL,prayoga.gunawan441@mail.com,+6285734890526,MEDIUM,2025-12-04,2026-06-15
CIF00000552,Gabriella Nuraini,1986-04-29,married,F,Gg. S. Parman No. 2,Semarang,Jawa Tengah,ID,77794,3374016904861784,KTP,PERSONAL,gabriella.nuraini463@outlook.com,+62891579144,LOW,2011-05-27,2016-08-29
CIF00000553,CV Bintang Nusantara,1992-09-03,,,Gang Ahmad Dahlan No. 5,Jakarta Selatan,DKI Jakarta,ID,27450,4999628183018,NIB,ORGANIZATION,cv.bintang371@hotmail.com,+628324031118,MEDIUM,2013-02-18,2023-05-08
CIF00000554,Olivia Anggraini,1972-08-13,married,F,Gang Gardujati No. 02,Malang,Jawa Timur,ID,59052,3578015308728676,KTP,PERSONAL,olivia.anggraini933@mail.com,+6286669947849,LOW,2011-01-03,2017-06-14
CIF00000555,Lanang Wibisono,1976-11-02,single,M,Jl. Surapati No. 38,Bandung,Jawa Barat,ID,13620,3273010211765827,KTP,PERSONAL,lanang.wibisono506@hotmail.com,+6283753059806,LOW,2013-04-04,2019-11-19
CIF00000556,Dacin Santoso,1971-05-08,single,M,Jl. Rungkut Industri No. 9,Palembang,Sumatera Selatan,ID,31145,1671010805711214,KTP,PERSONAL,dacin.santoso10@gmail.com,+628188373268,LOW,2023-09-07,2026-09-14
CIF00000557,PT Asia Makmur,2007-12-08,,,Gg. Raya Ujungberung No. 94,Denpasar,Bali,ID,17020,9407578999398,NIB,ORGANIZATION,pt.asia963@outlook.com,+62844452032,LOW,2013-02-13,2021-03-21
CIF00000558,Najam Wahyudin,2005-03-28,married,M,Jl. Raya Setiabudhi No. 801,Semarang,Jawa Tengah,ID,28568,3374012803050049,KTP,PERSONAL,najam.wahyudin628@mail.com,+62884399308,LOW,2025-12-10,2026-05-18
CIF00000559,Karimah Fujiati,1960-09-06,single,F,Gg. Rajawali Timur No. 3,Jakarta Barat,DKI Jakarta,ID ,12386,3174014609606904,KTP,PERSONAL,karimah.fujiati748@mail.com,+6286615348850,LOW,2016-01-15,2017-11-05
CIF00000560,Luluh Nashiruddin,1971-08-15,divorced,M,Gg. W.R. Supratman No. 068,Surabaya,Jawa Timur,ID,29591,3573011508714696,KTP,PERSONAL,luluh.nashiruddin656@gmail.com,+628234109554,HIGH,2014-09-13,2026-07-31
CIF00000561,Darsirah Santoso,1974-11-28,married,M,Gg. Pacuan Kuda No. 7,Bandung,Jawa Barat,ID,16191,3273012811749844,KTP,PERSONAL,darsirah.santoso911@mail.com,+62834312283,MEDIUM,2021-09-05,2022-12-23
CIF00000562,Nasim Tamba,1946-03-15,single,M,Gang Pasir Koja No. 5,Yogyakarta,DI Yogyakarta,ID,88577,3471011503464354,KTP,PERSONAL,nasim.tamba619@hotmail.com,+6289713263004,LOW,2018-06-09,2026-02-02
CIF00000563,Nadia Handayani,1991-09-14,single,F,Gang Moch. Ramdan No. 223,Bandung,Jawa Barat,ID,30268,3271015409913935,KTP,PERSONAL,nadia.handayani183@gmail.com,+6286989659281,LOW,2024-12-17,2026-01-07
CIF00000564,Sarah Laksmiwati,1972-01-16,married,F,Jalan Kutisari Selatan No. 2,Yogyakarta,Jawa Tengah,ID,88787,3471015601725513,KTP,PERSONAL,sarah.laksmiwati600@hotmail.com,+628875848308,LOW,2021-08-29,2023-08-24
CIF00000881,PT Bintang Logistik,1990-06-11,,,Gg. Joyoboyo No. 10,Jakarta Barat,DKI Jakarta,ID,44427,5893916442622,NIB,ORGANIZATION,pt.bintang22@gmail.com,+62831263517,LOW,2022-03-20,2024-12-13
CIF00000565,Mutia Palastri,1958-08-06,married,F,Jalan Rungkut Industri No. 40,Depok,Jawa Barat,ID,29426,3275014608583591,KTP,PERSONAL,mutia.palastri685@mail.com,+628787926327,LOW,2008-08-08,2022-07-27
CIF00000566,Galur Sirait,1991-12-05,single,M,Jalan Bangka Raya No. 3,Jakarta Selatan,DKI Jakarta,ID,84765,3173010512911117,KTP,PERSONAL,galur.sirait241@outlook.com,+6282689633512,MEDIUM,2018-08-15,2022-05-10
CIF00000567,Cornelia Hastuti,2005-01-02,married,F,Gg. Suryakencana No. 745,Denpasar,Bali,ID,58037,5171014201054233,KTP,PERSONAL,cornelia.hastuti43@yahoo.com,+62876077373,LOW,2024-01-10,2026-06-22
CIF00000568,CV Sinar Jaya,1975-12-31,,,Gg. Stasiun Wonokromo No. 65,Denpasar,Bali,ID,87823,6418928237018,NIB,ORGANIZATION,cv.sinar253@yahoo.com,+62842358949,LOW,2024-10-13,2025-06-30
CIF00000569,Putu Rajata,1990-02-12,married,M,Jalan KH Amin Jasuta No. 2,Jakarta Selatan,DKI Jakarta,ID,32061,3173011202908107,KTP,PERSONAL,putu.rajata797@gmail.com,+628416359244,LOW,2011-03-25,2020-04-01
CIF00000570,Asmadi Winarno,1998-10-12,single,M,Gg. Kutai No. 121,Semarang,Jawa Tengah,ID,70532,3374011210982612,KTP,PERSONAL,asmadi.winarno41@outlook.com,+628523824805,LOW,2016-06-12,2021-05-22
CIF00000571,Laras Mulyani,1942-07-13,married,F,Jl. Sukajadi No. 963,Surabaya,Jawa Timur,ID,10586,3573015307422244,KTP,PERSONAL,laras.mulyani788@outlook.com,+6287194465084,LOW,2010-06-28,2021-06-05
CIF00000572,Farah Oktaviani,1962-12-05,widowed,F,Jalan Rumah Sakit No. 6,Bandung,Jawa Barat,ID,55514,3275014512620466,KTP,PERSONAL,farah.oktaviani200@yahoo.com,+6281463642264,LOW,2017-08-24,2018-05-24
CIF00000573,Rahman Rajasa,1942-12-01,married,M,Jl. Ciwastra No. 392,Palembang,Sumatera Selatan,ID,64909,1671010112421876,KTP,PERSONAL,rahman.rajasa433@hotmail.com,+628122985140,LOW,2024-07-24,2025-01-05
CIF00000574,Dalimin Hutasoit,1975-04-08,widowed,M,Jalan Jayawijaya No. 19,Bekasi,Jawa Barat,ID,16491,3275010804750504,KTP,PERSONAL,dalimin.hutasoit396@outlook.com,+6288843527560,LOW,2024-04-13,2025-12-14
CIF00000575,PT Makmur Industri,2021-06-08,,,Gg. R.E Martadinata No. 01,Malang,Jawa Timur,ID,23345,3449892992221,NIB,ORGANIZATION,pt.makmur310@,+6289823629867,MEDIUM,2025-06-02,2026-05-10
CIF00000576,Natalia Utami,1992-03-22,married,F,Gg. Monginsidi No. 5,Surabaya,Jawa Timur,ID,15635,3578016203927748,KTP,PERSONAL,natalia.utami868@mail.com,+628627338139,LOW,2015-03-05,2014-02-04
CIF00000577,Cecep Wacana,1944-08-05,single,M,Gg. Moch. Toha No. 67,Palembang,Sumatera Selatan,ID,80590,1671014508440319,KTP,PERSONAL,cecep.wacana952@outlook.com,+62818370402,LOW,2010-06-07,2024-05-07
CIF00000578,Hani binti Yusof,1953-06-17,single,F,"No. 101, Jalan Kuching",Johor Bahru,Johor,MY,25795,530617-01-6288,MYKAD,PERSONAL,hani.binti929@outlook.com,+601213342642,LOW,2013-06-09,2025-02-10
CIF00000579,Lasmono Pradipta,2007-08-14,married,M,Jl. Wonoayu No. 575,Makassar,Sulawesi Selatan,ID,22741,7371011408079178,KTP,PERSONAL,lasmono.pradipta689@outlook.com,+62882275455,MEDIUM,2024-10-06,2025-08-24
CIF00000580,Ina Puspita,1958-02-24,single,F,Jalan KH Amin Jasuta No. 07,Surabaya,Jawa Timur,ID,46394,3573016402589877,KTP,PERSONAL,ina.puspita774@outlook.com,+62839984452,LOW,2024-07-17,2024-10-16
CIF00000581,Jabal Saragih,1937-12-14,married,M,Jl. Ciumbuleuit No. 0,Bekasi,Jawa Barat,ID,56173,3276011412377961,KTP,PERSONAL,jabal.saragih437@outlook.com,+6283750764282,MEDIUM,2015-04-18,2015-07-19
CIF00000582,Emong Situmorang,1979-07-01,married,M,Gang H.J Maemunah No. 83,Semarang,Jawa Tengah,ID,55852,3374010107797598,KTP,PERSONAL,emong.situmorang441@yahoo.com,+628828899011,LOW,2008-06-26,2019-04-13
CIF00000583,Chloe Pillai,1998-11-17,married,F,Blk 505 Serangoon Central #20-656,Singapore,Singapore,SG,711196,S9870192C,NRIC,PERSONAL,chloe.pillai644@mail.com,+6581004789,LOW,2018-01-22,2026-09-27
CIF00000584,Vicky Pertiwi,2005-04-18,married,F,Jalan Otto Iskandardinata No. 745,Jakarta Pusat,DKI Jakarta,ID,14822,3173015804058244,KTP,PERSONAL,vicky.pertiwi707@hotmail.com,+62856454426,LOW,2022-08-22,2025-07-10
CIF00000585,Hui Min Tan,1981-10-01,married,F,Blk 818 Clementi Ave 2 #07-358,Singapore,Singapore,SG,445651,S8144171E,NRIC,PERSONAL,hui.min380@yahoo.com,+6596917975,LOW,2008-08-26,2022-04-26
CIF00000586,Mariadi Firgantoro,1948-09-19,married,M,Jalan R.E Martadinata No. 4,Surabaya,Sumatera Utara,ID,26059,3578011909485792,KTP,PERSONAL,mariadi.firgantoro287@outlook.com,+628612792541,LOW,2021-01-06,2022-09-07
CIF00000587,Dr. Cakrajiya Nugroho,1976-11-07,single,M,Jalan Kendalsari No. 5,Bekasi City,Jawa Barat,ID,63568,3275010711765956,KTP,PERSONAL,cakrajiya.nugroho457@outlook.com,+628841075353,MEDIUM,2022-09-05,2025-02-24
CIF00000588,Jaya Karya Pte. Ltd.,2001-10-06,,,Blk 513 Woodlands Dr 14 #12-479,Singapore,Singapore,SG,735084,200130245F,UEN,ORGANIZATION,jaya.karya576@yahoo.com,+6596abc326,LOW,2008-08-08,2009-11-04
CIF00000589,Humaira Namaga,1995-05-19,married,F,Jl. Rajiman No. 395,Surabaya,Jawa Timur,ID,95932,3573015905951634,KTP,PERSONAL,humaira.namaga789@gmail.com,+6282671108816,LOW,2022-11-03,2025-04-16
CIF00000590,Nurul Huda binti Yusof,2005-01-21,married,F,"No. 190, Jalan Tun Razak",Petaling Jaya,Selangor,Malaysia,48437,050121-10-5526,MYKAD,PERSONAL,nurul.huda786@yahoo.com,+601541530584,MEDIUM,2025-12-31,2026-06-23
CIF00000591,Chloe Koh,1950-04-28,married,F,Blk 285 Bedok North Rd #21-610,Singapore,Singapore,SG,601577,S5085092G,NRIC,PERSONAL,chloe.koh596@yahoo.com,+6591650820,LOW,2010-04-25,2011-01-12
CIF00000592,Ian Hutasoit,1991-08-15,divorced,M,Jalan Cihampelas No. 89,Balikpapan,Kalimantan Timur,ID,43795,6471011508911657,KTP,PERSONAL,ian.hutasoit134@yahoo.com,+628989432677,HIGH,2016-02-25,2022-05-06
CIF00000593,Lukita Hutagalung,2006-11-21,married,M,Gg. Jayawijaya No. 467,Denpasar,Bali,ID,94966,5171012111066611,KTP,PERSONAL,lukita.hutagalung470@mail.com,+628550050386,LOW,20240303,2024-11-08
CIF00000594,Daniel Rahman,1993-11-16,single,M,Blk 257 Tampines Ave 5 #13-612,Singapore,Singapore,SG,402683,S9384117D,NRIC,PERSONAL,daniel.rahman162@outlook.com,+6587962090,LOW,2017-01-13,2018-10-27
CIF00000595,Salimah Uyainah,1990-05-05,single,F,Gang Ronggowarsito No. 189,Malang,Jawa Timur,ID,18309,3573014505903578,KTP,PERSONAL,salimah.uyainah999@gmail.com,+628335754825,MEDIUM,2011-04-16,2020-01-28
CIF00000596,Kani Rahayu,2008-07-12,single,F,Jl. Asia Afrika No. 0,Denpasar,Bali,ID,57391,5171015207080351,KTP,PERSONAL,kani.rahayu946@hotmail.com,+628865832669,LOW,2026-01-10,2026-09-27
CIF00000597,Asia Mega Pte. Ltd.,2004-05-02,,,Blk 449 Bedok North Rd #17-654,Singapore,Singapore,SG,164153,200493906C,UEN,ORGANIZATION,asia.mega115@outlook.com,+6594192476,LOW,2025-11-26,2025-11-26
CIF00000598,Setya Zulkarnain,2005-06-27,married,M,Gang Waringin No. 8,Balikpapan,Kalimantan Timur,ID,67030,6471012706058673,KTP,PERSONAL,setya.zulkarnain588@mail.com,+628760350168,HIGH,2024-05-14,2026-01-18
CIF00000599,Virman Zulkarnain,2002-03-25,single,M,Jl. Sukajadi No. 31,Medan,Sumatera Utara,ID,19337,1271012503024376,KTP,PERSONAL,virman.zulkarnain907@mail.com,+62869217114,MEDIUM,2026-01-29,2026-07-06
CIF00000600,Rachel Lim,1896-08-14,married,F,Blk 960 Serangoon Central #06-009,Singapore,Singapore,SG,666205,S9832450Z,NRIC,PERSONAL,rachel.lim928@yahoo.com,+6586287631,LOW,2017-01-12,2016-04-03
CIF00000601,Yunita Andriani,1995-10-04,single,F,Jalan Suryakencana No. 92,Tangerang,Banten,ID,85565,3671014410951169,KTP,PERSONAL,yunita.andriani499@yahoo.com,+628522695996,LOW,2014-01-09,2020-04-19
CIF00000602,PT Sinar Konstruksi,2023-07-05,,,Gg. Pacuan Kuda No. 411,Semarang,Jawa Tengah,ID,22304,6972239559097,NIB,ORGANIZATION,pt.sinar351@outlook.com,+628186208026,LOW,2024-11-26,2026-07-18
CIF00000603,Julia Hastuti,1965-12-23,married,F,Gang W.R. Supratman No. 9,Bandung,Jawa Barat,ID,17567,3271016312654530,KTP,PERSONAL,julia.hastuti45@yahoo.com,+6286162323104,LOW,2015-07-23,2016-12-16
CIF00000604,Michelle Prastuti,1950-01-28,divorced,F,Jalan Ahmad Yani No. 857,Semarang,Jawa Tengah,ID,99492,3374016801507758,KTP,PERSONAL,michelle.prastuti281@yahoo.com,+62847607173,LOW,2018-02-23,2020-09-23
CIF00000605,Jaya Teknologi Sdn. Bhd.,1988-09-26,,,"No. 161, Jalan Ampang",Johor Bahru,Johor,MY,50677,198801477979,SSM,ORGANIZATION,jaya.teknologi415@gmail.com,+60198979601,LOW,2014-03-25,2017-03-04
CIF00000606,Puji Hasanah,2001-01-02,married,F,Jalan Ciumbuleuit No. 187,Surabaya,Jawa Timur,ID,62770,3573014201019648,KTP,PERSONAL,puji.hasanah40@yahoo.com,+62854422260,MEDIUM,2025-01-31,2025-03-05
CIF00000607,Laila Riyanti,1947-04-05,married,F,Gg. Cihampelas No. 042,Semarang,Jawa Tengah,ID,61221,3374014504475756,KTP,PERSONAL,laila.riyanti887@yahoo.com,+6288408482099,LOW,2019-01-30,2023-02-17
CIF00000608,Eka Pratiwi,2002-06-16,married,F,Gg. Pasirkoja No. 421,Bogor,Jawa Barat,ID,42503,3273015606029483,KTP,PERSONAL,eka.pratiwi427@hotmail.com,+62839470934,LOW,2022-04-17,2023-12-27
CIF00000609,Lim Jun Kit,1951-01-29,married,M,"No. 52, Jalan Tebrau",George Town,Pulau Pinang,MY,95183,510129-07-2093,MYKAD,PERSONAL,lim.jun567@hotmail.com,+60156538106,LOW,2022-02-01,2025-07-31
CIF00000610,Cemplunk Adriansyah,1981-03-21,married,M,Gang M.T Haryono No. 8,Jakarta Barat,DKI Jakarta,ID,59357,3174012103814088,KTP,PERSONAL,cemplunk.adriansyah848@hotmail.com,+6284753943924,LOW,2016-06-09,2020-08-27
CIF00000611,Tasnim Prasetyo,2000-03-11,widowed,M,Gg. Ahmad Dahlan No. 2,Surabaya,Jawa Timur,ID,64675,3573011103005458,KTP,PERSONAL,tasnim.prasetyo86@yahoo.com,+628310578226,MEDIUM,2024-11-14,2026-07-30
CIF00000612,Jinawi Pradipta,1989-10-01,married,M,Gang Monginsidi No. 8,Medan,Sumatera Utara,ID,74120,1271010110895206,KTP,PERSONAL,jinawi.pradipta232@outlook.com,+628872617675,MEDIUM,2026-05-04,2026-07-30
CIF00000613,Prakosa Rajasa,1970-06-02,widowed,M,Jl. Stasiun Wonokromo No. 490,Yogyakarta,DI Yogyakarta,ID,76666,3471010206708616,KTP,PERSONAL,prakosa.rajasa826@mail.com,+628643209872,LOW,2018-03-16,2025-08-30
CIF00000614,Chloe Chua,1979-04-24,married,F,Blk 158 Tampines Ave 5 #15-159,Singapore,Singapore,SG,333097,S7958613G,NRIC,PERSONAL,chloe.chua913@hotmail.com,+6584052122,LOW,2009-10-12,2010-04-09
CIF00000615,Maria Wulandari,1996-05-02,divorced,F,Gang W.R. Supratman No. 844,Jakarta Barat,DKI Jakarta,ID,30605,3171014205962991,KTP,PERSONAL,maria.wulandari543@outlook.com,+6287730985149,MEDIUM,2014-12-07,2024-12-04
CIF00000616,Nyana Permadi,2004-08-01,married,M,Jalan Cempaka No. 7,Bekasi,Jawa Barat,ID,93101,3276010108042479,KTP,PERSONAL,nyana.permadi656@mail.com,+6283458380285,LOW,2023-10-27,2025-10-31
CIF00000617,PT Asia Global,1995-08-21,,,Gang Kiaracondong No. 68,Denpasar,Bali,ID,89864,4505023565362,NIB,ORGANIZATION,pt.asia365@hotmail.com,+62821335390,LOW,2025-08-10,2025-10-27
CIF00000618,PT Bintang Prima,2022-01-13,,,Gg. Lembong No. 11,Medan,Sumatera Utara,ID,17172,4955221578489,NIB,ORGANIZATION,pt.bintang810@hotmail.com,+62848739231,LOW,2026-03-28,2026-04-19
CIF00000619,PT Sentosa Sinar,1985-07-06,,,Gang Siliwangi No. 06,Malang,Jawa Timur,ID,88655,6168484998720,NIB,ORGANIZATION,pt.sentosa489@gmail.com,+6288734954305,LOW,2022-07-13,2024-12-23
CIF00000620,Tugiman Mandala,1940-06-20,married,M,Jl. Cihampelas No. 79,Tangerang,Banten,ID,14765,3671012006403585,KTP,PERSONAL,tugiman.mandala941@outlook.com,+62872275295,LOW,2008-02-15,2012-03-18
CIF00000621,Karma Nainggolan,1986-06-13,single,M,Gang Cempaka No. 306,Jakarta Barat,DKI Jakarta,ID,92585,3173011306860873,KTP,PERSONAL,karma.nainggolan405@gmail.com,+628585889022,MEDIUM,2020-09-18,2023-06-19
CIF00000622,Restu Hariyah,1970-06-19,married,F,Jl. Jayawijaya No. 51,Bogor,Jawa Barat,ID,70713,3275015906702494,KTP,PERSONAL,restu.hariyah683@hotmail.com,+628382422482,LOW,2024-06-13,2025-07-28
CIF00000623,PT Maju Asia,2000-01-06,,,Gang Waringin No. 4,Semarang,Jawa Tengah,ID,19201,4661730074902,NIB,ORGANIZATION,pt.maju793@mail.com,+6284183455169,MEDIUM,2014-01-04,2017-02-07
CIF00000624,Zulaikha Nuraini,1938-11-21,single,F,Gg. BKR No. 503,Jakarta Pusat,DKI Jakarta,ID,20335,3174016111387155,KTP,PERSONAL,zulaikha.nuraini161@hotmail.com,+628366880582,LOW,2024-05-19,2026-08-22
CIF00000625,Muhammad Amir bin Abdullah,2000-08-21,married,M,"No. 56, Persiaran Kayangan", George Town ,Pulau Pinang,MY,39117,000821-07-5537,MYKAD,PERSONAL,muhammad.amir904@gmail.com,+60199553261,MEDIUM,2019/06/07,2021-04-24
CIF00000626,"Kariman Tamba, S.Kom",1999-12-03,married,M,Gang Rungkut Industri No. 2,Surabaya,Jawa Timur,ID,50388,3578010312996432,KTP,PERSONAL,kariman.tamba978@outlook.com,+628417466313,LOW,2017-01-29,2019-11-07
CIF00000627,Asia Sentosa Pte. Ltd.,1982-09-12,,,Blk 1 Bedok North Rd #25-268,Singapore,Singapore,SG,400735,198249686J,UEN,ORGANIZATION,asia.sentosa864@hotmail.com,+6591305753,LOW,2010-03-12,2012-12-31
CIF00000628,Pangeran Setiawan,1999-12-28,divorced,M,Gang Cikutra Barat No. 065,Balikpapan,Kalimantan Timur,ID,91351,6471012812999557,KTP,PERSONAL,pangeran.setiawan54@gmail.com,+62838806079,LOW,2022-03-07,2026-01-02
CIF00000629,Luwar Sitompul,1949-12-23,single,M,Gang Rumah Sakit No. 9,Medan,Sumatera Utara,ID,99042,1271012312492707,KTP,PERSONAL,luwar.sitompul155@hotmail.com,+62817821656,LOW,2015-06-19,2020-08-16
CIF00000630,Aditya Tarihoran,1949-01-19,married,M,Gg. Pasir Koja No. 080,Depok,Jawa Barat,ID,43381,3276011901495660,KTP,PERSONAL,aditya.tarihoran86@hotmail.com,+628244876494,LOW,2026-03-16,2026-05-31
CIF00000631,Mitra Pranowo,1945-10-24,married,M,Gang Jayawijaya No. 89,Jakarta Pusat,DKI Jakarta,ID,12754,3173012410459879,KTP,PERSONAL,mitra.pranowo516@mail.com,+628827962649,LOW,2011-05-25,2022-03-13
CIF00000632,PT Sinar Perkasa,2001-07-16,,,Jl. K.H. Wahid Hasyim No. 99,Tangerang,Banten,ID,93301,8634855388481,NIB,ORGANIZATION,pt.sinar50@mail.com,+628796511662,MEDIUM,2021-02-21,2024-07-22
CIF00000633,Endah Palastri,1977-01-08,married,F,Jalan Pasteur No. 7,Jakarta Pusat,DKI Jakarta,ID,26906,3174014801778030,KTP,PERSONAL,endah.palastri172@mail.com,+62857400885,LOW,2024-07-11,2024-12-06
CIF00000634,Nabila binti Yusof,2001-12-11,married,F,"No. 146, Jalan Kuching",George Town,Pulau Pinang,Malaysia,78743,011211-07-6412,MYKAD,PERSONAL,nabila.binti538@hotmail.com,+60159150617,LOW,2025-10-21,2026-06-18
CIF00000635,Bakiadi Ramadan,1968-09-30,married,M,Gg. Tubagus Ismail No. 7,Palembang,Sumatera Selatan,ID,48674,1671013009684469,KTP,PERSONAL,bakiadi.ramadan592@mail.com,+62817506810,LOW,2019-12-13,2026-06-14
CIF00000636,Bakianto Adriansyah,1979-07-08,single,M,Gg. Cihampelas No. 04,Makassar,Sulawesi Selatan,ID,68086,7371010807792895,KTP,PERSONAL,bakianto.adriansyah460@outlook.com,+62835506402,LOW,2009-03-22,2015-01-21
CIF00000637,Abyasa Saefullah,1955-07-09,single,M,Jalan Ir. H. Djuanda No. 6,Yogyakarta,DI Yogyakarta,ID,28155,3471010907552626,KTP,PERSONAL,abyasa.saefullah377@hotmail.com,+628795390949,LOW,2010-07-18,2016-02-03
CIF00000638,Sakura Palastri,1955-10-07,married,F,Jalan Astana Anyar No. 019,Balikpapan,Kalimantan Timur,ID,49356,6471014710556940,KTP,PERSONAL,sakura.palastri720@gmail.com,+6285643951087,HIGH,2024-11-14,2026-02-11
CIF00000639,Genta Kusmawati,1998-06-18,married,F,Jalan Tubagus Ismail No. 84,Tangerang,Banten,ID,12344,3671015806981595,KTP,PERSONAL,genta.kusmawati83@outlook.com,+6282727087903,LOW,2023-05-27,2025-04-06
CIF00000640,Tira Yulianti,2000-05-14,single,F,Gang Dipenogoro No. 9,Medan,Sumatera Utara,ID,73448,1271015405007493,KTP,PERSONAL,tira.yulianti330@outlook.com,+62879664992,LOW,2020-05-01,2023-04-12
CIF00000641,PT Harapan Perkasa,1992-08-03,,,Jalan Cihampelas No. 038,Bekasi,Jawa Barat,ID,20456,4801253283538,NIB,ORGANIZATION,pt.harapan70@outlook.com,+628168653430,LOW,2009-08-15,2017-03-24
CIF00000642,Drajat Gunawan,1975-09-12,single,M,Gang Dipatiukur No. 498,Malang,Jawa Timur,ID,57172,3578011209751103,KTP,PERSONAL,drajat.gunawan688@yahoo.com,+6289681973723,LOW,2016-06-19,2025-02-14
CIF00000643,Dimas Nugroho,2003-01-04,married,M,Jl. Setiabudhi No. 899,Balikpapan,Kalimantan Timur,ID,24406,64710104010394,KTP,PERSONAL,dimas.nugroho75@mail.com,+6282724868952,LOW,2024-11-08,2026-08-17
CIF00000644,Ir. Zahra Nasyiah,1952-07-30,single,F,Gang Dipenogoro No. 42,Jakarta Pusat,DKI Jakarta,ID,20628,3174017007529701,KTP,PERSONAL,zahra.nasyiah443@yahoo.com,+628533366385,LOW,2018-09-09,2023-11-18
CIF00000645,Chandra Suwarno,1943-04-19,married,M,Gang HOS. Cokroaminoto No. 43,Yogyakarta,DI Yogyakarta,ID,49388,3471011904437666,KTP,PERSONAL,chandra.suwarno723@hotmail.com,+62867747772,LOW,2012-09-20,2013-07-21
CIF00000646,Daniel Wong,1969-05-28,single,M,Blk 405 Clementi Ave 2 #04-728,Singapore,Singapore,SG,301009,S6963143F,NRIC,PERORANGAN,daniel.wong31@hotmail.com,+6587470114,LOW,2009-10-15,2010-11-25
CIF00000647,Abyasa Thamrin,1943-04-16,married,M,Jl. Soekarno Hatta No. 381,Jakarta Pusat,DKI Jakarta,ID,81106,3171011604433903,KTP ,PERSONAL,abyasa.thamrin799@hotmail.com,+62891956038,LOW,2024-12-09,2026-01-13
CIF00000648,PT Asia Sentosa,1988-12-21,,,Gg. Suryakencana No. 56,Jakarta Pusat,DKI Jakarta,ID,77926,3645513331315,NIB,ORGANIZATION,pt.asia283@yahoo.com,+6285925790320,LOW,2009-08-03,2025-11-09
CIF00000649,Jaeman Tarihoran,1975-11-24,married,M,Jl. Ronggowarsito No. 129,Medan,Sumatera Utara,ID,70760,1271012411754426,KTP,PERSONAL,jaeman.tarihoran615@mail.com,+628743010357,MEDIUM,2025-06-25,2026-03-06
CIF00000650,Lee Kavitha,1994-07-15,married,F,Blk 448 Woodlands Dr 14 #24-870,Singapore,Singapore,SG,335889,S9449267Z,NRIC,PERSONAL,lee.kavitha423@mail.com,+6589015025,MEDIUM,2018-12-24,2024-09-22
CIF00000651,Ana Permata,2007-09-25,single,F,Jalan Pelajar Pejuang No. 555,Makassar,Sulawesi Selatan,ID,67353,7371016509071663,KTP,PERSONAL,ana.permata294@mail.com,+6282294462670,LOW,2026-01-12,2026-05-09
CIF00000652,Belinda Palastri,1972-10-19,married,F,Gang Otto Iskandardinata No. 186,Jakarta Pusat,DKI Jakarta,ID,71420,3174015910724579,KTP,PERSONAL,belinda.palastri370@outlook.com,+6285659880257,LOW,2024-02-05,2024-06-03
CIF00000653,Muni Kuswoyo,1941-03-15,married,M,Jl. Erlangga No. 098,Jakarta Barat,DKI Jakarta,ID,20994,3174011503416680,KTP,PERSONAL,muni.kuswoyo662@outlook.com,+62812000000,LOW,2008-03-21,2012-04-03
CIF00000654,Latika Lailasari,1960-10-17,married,F,Gg. Cihampelas No. 850,Denpasar,Bali,ID,37437,5171015710603638,KTP,PERSONAL,latika.lailasari185@mail.com,+628793095044,MEDIUM,2010-08-02,2011-12-31
CIF00000655,PT Nusantara Jaya,1984-07-27,,,Gg. Jakarta No. 52,Bandung,Jawa Barat,ID,14465,3687680470755,NIB,ORGANIZATION,pt.nusantara933@gmail.com,+62895523308,MEDIUM,2026-06-22,2026-07-10
CIF00000656,Baktianto Hidayat,1900-01-01,single,M,Jl. Rawamangun No. 30,Bekasi,Jawa Barat,ID,71089,3273012701767677,KTP,PERSONAL,baktianto.hidayat44@yahoo.com,+6287889745879,MEDIUM,2013-11-12,2020-08-27
CIF00000657,Xanana Siregar,1985-09-12,single,M,Jalan Antapani Lama No. 217,Bogor,Jawa Barat,ID,48065,3271011209854189,KTP,PERSONAL,xanana.siregar27@gmail.com,+62816368624,LOW,2016-03-23,2023-02-26
CIF00000658,Cahaya Global Sdn. Bhd.,2004-12-23,single,,"No. 46, Jalan Ampang",Kuala Lumpur,Wilayah Persekutuan Kuala Lumpur,MY,45578,200401419554,SSM,ORGANIZATION,cahaya.global368@mail.com,+601941617465,HIGH,2014-09-02,2026-06-19
CIF00000659,Ajeng Mardhiyah,1992-08-21,single,F,Gang Kutisari Selatan No. 427,Balikpapan,Kalimantan Timur,ID,26648,6471016108927540,NIB,PERSONAL,ajeng.mardhiyah996@gmail.com,+62857853709,MEDIUM,2014-11-05,2017-09-06
CIF00000660,Daniswara Nugroho,1967-04-07,single,M,Gg. K.H. Wahid Hasyim No. 6,Semarang,Jawa Tengah,ID,12227,3374010704671729,KTP,PERSONAL,daniswara.nugroho744@hotmail.com,+6283216862038,LOW,2025-07-25,2025-09-28
CIF00000661,Hani binti Yusof,1986-06-26,married,F,"No. 50, Jalan Sultan Ismail",George Town,Pulau Pinang,MY,93190,860626-07-5552,MYKAD,PERSONAL,hani.binti337@hotmail.com,+601672387730,LOW,2018-01-12,2018-11-06
CIF00000662,PT Pacific Pacific,2019-09-29,,,Jalan Kapten Muslihat No. 0,Malang,Jawa Timur,ID,71688,4282023295263,NIB,ORGANIZATION,pt.pacific198@yahoo.com,+62861620341,LOW,2019-02-30,2022-01-23
CIF00000663,Salwa Nuraini,1981-11-05,single,F,Jl. Sukajadi No. 45,Jakarta Selatan,DKI Jakarta,ID,99116,3174014511815786,KTP,PERSONAL,salwa.nuraini625@yahoo.com,+62821842669,MEDIUM,2020-12-15,2026-05-23
CIF00000664,Daniel Lee,1940-11-01,married,M,Blk 299 Orchard Road #07-311,Singapore,Singapore,SG,474067,S4061898H,NRIC,PERSONAL,daniel.lee42@gmail.com,+6585506751,LOW,2014-12-14,2022-12-08
CIF00000665,CV Bintang Makmur,2019-05-20,married,,Jl. Waringin No. 198,Palembang,Sumatera Selatan,ID,53361,2738116409031,NIB,ORGANIZATION,cv.bintang338@mail.com,+6287272137322,MEDIUM,2020-02-26,2024-07-29
CIF00000666,Kavitha Lim,1937-09-15,married,F,Blk 970 Jurong West St 42 #18-615,Singapore,Singapore,SG,193878,S3731275D,NRIC,PERSONAL,kavitha.lim773@gmail.com,+6595955639,MEDIUM,2014-01-03,2017-02-19
CIF00000667,CV Cahaya Harapan,2002-12-12,,,Gg. Ahmad Dahlan No. 4,Denpasar,Bali,ID,67607,9479672792814,NIB,ORGANIZATION,cv.cahaya499@hotmail.com,+62826786403,MEDIUM,2015-11-08,2022-09-16
CIF00000668,PT Pacific Harapan,2006-08-26,,,Gg. R.E Martadinata No. 473,Jakarta Selatan,DKI Jakarta,ID,40994,3225284199435,NIB,ORGANIZATION,pt.pacific549@hotmail.com,+628654475289,LOW,2025-04-29,2026-02-05
CIF00000669,Nardi Prasetya,1963-03-20,married,M,Jalan Jakarta No. 20,Bekasi,Jawa Barat,ID,11653,3275012003635535,KTP,PERSONAL,nardi.prasetya238@mail.com,+628915154617,LOW,2016-10-13,2026-09-24
CIF00000670,Gabriella Hariyah,1950-09-25,married,F,Jl. Rajawali Barat No. 080,Bandung,Sumatera Selatan,ID,22026,3275016509502269,NIB,PERSONAL,gabriella.hariyah221@outlook.com,+62859140688,HIGH,2018-04-18,2026-05-24
CIF00000671,Anom Wahyudin,1985-12-20,married,M,Gang Rawamangun No. 9,Semarang,Jawa Tengah,ID,21128,3374012012856594,KTP,PERSONAL,anom.wahyudin236@mail.com,+62862185616,LOW,2026-04-18,2026-04-20
CIF00000672,Erik Zulkarnain,1997-01-02,single,M,Gg. Raya Ujungberung No. 47,Jakarta Barat,DKI Jakarta,ID,80104,3173010201978018,KTP,PERSONAL,erik.zulkarnain830@gmail.com,+628816365890,LOW,2018-04-02,2023-04-13
CIF00000673,Indah Mardhiyah,1951-06-23,married,F,Gg. Peta No. 13,Surabaya,Jawa Timur,ID,21754,3573016306510463,KTP,PERSONAL,indah.mardhiyah787@gmail.com,+6284595958469,LOW,2010-08-23,2019-04-20
CIF00000674,Silvia Melani,1945-11-15,married,F,Jl. Pelajar Pejuang No. 0,Bekasi,Jawa Barat,ID,31430,,KTP,PERSONAL,silvia.melani82@mail.com,+62865649267,LOW,2017-12-19,2021-05-13
CIF00000675,Wong Wei Liang,1954-11-29,single,M,"No. 127, Jalan Sultan Ismail",Kuala Lumpur,Wilayah Persekutuan Kuala Lumpur,MY,91213,541129-14-0685,MYKAD,PERSONAL,wong.wei28@hotmail.com,+601630792981,LOW,2014-03-16,2014-11-11
CIF00000676,Viman Napitupulu,1991-06-14,married,M,Jalan Cempaka No. 493,Medan,Sumatera Utara,ID,13330,1271011406913552,KTP,PERSONAL,viman.napitupulu214@mail.com,+6284670629375,LOW,2008-07-28,2016-03-03
CIF00000677,Dartono Pradipta,1900-01-01,married,M,Jl. Stasiun Wonokromo No. 94,Palembang,Sumatera Selatan,ID,20870,1671012809994762,KTP,PERSONAL,dartono.pradipta857@yahoo.com,+628689361252,HIGH,2018-04-19,2025-11-28
CIF00000678,Nurul Huda binti Yusof,1900-01-01,single,F,"No. 145, Jalan Tebrau",George Town,Pulau Pinang,MY,83107,970704-07-8946,MYKAD,PERSONAL,nurul.huda864@outlook.com,+601532669945,LOW,2023-07-12,2023-11-07
CIF00000679,Sadina Usada,1996-08-12,married,F,Jalan Ahmad Yani No. 1,Palembang,Sumatera Selatan,ID,85146,1671015208965805,KTP,PERSONAL,sadina.usada143@outlook.com,+6283761798378,HIGH,2024-12-02,2025-12-20
CIF00000680,Tan Li Ting,1967-12-18,divorced,F,"No. 12, Jalan Tun Razak",Kuala Lumpur,Wilayah Persekutuan Kuala Lumpur,MY,64275,671218-14-7698,MYKAD,PERSONAL,tan.li819@yahoo.com,+60154312126,LOW,2015-07-21,2025-09-13
CIF00000681,Yessi Nurdiyanti,2008-11-01,married,F,Jl. Peta No. 70,Yogyakarta,DI Yogyakarta,ID,79550,3471014111086147,KTP,PERSONAL,yessi.nurdiyanti188@hotmail.com,+62889836685,LOW,2026-03-23,2026-05-07
CIF00000644,Ir. Zahra Nasyiah,1952-07-30,single,F,Gang Dipenogoro No. 42,Jakarta Pusat,DKI Jakarta,ID,20628,3174017007529701,KTP,PERSONAL,zahra.nasyiah443@yahoo.com,+628533366385,LOW,2018-09-09,2023-11-18
CIF00000682,Ir. Mulya Sihombing,1966-04-17,married,M,Gang Soekarno Hatta No. 92,Bandung,Jawa Barat,ID,34945,3273011704668739,KTP,PERSONAL,mulya.sihombing190@yahoo.com,+6289321709630,LOW,2023-08-30,2024-01-19
CIF00000683,Lim Hui Wen,1984-12-13,married,F,"No. 68, Jalan Tebrau",Shah Alam,Selangor,MY,16157,,MYKAD,PERSONAL,lim.hui678@outlook.com,+601584928193,MEDIUM,2011-11-05,2020-03-09
CIF00000684,Gamblang Haryanto,2007-02-27,single,M,Gang Cihampelas No. 70,Makassar,Sulawesi Selatan,ID,23872,7371012702078811,KTP,PERSONAL,gamblang.haryanto242@,+6284779274055,MEDIUM,2026-06-09,2026-07-28
CIF00000685,PT Asia Cahaya,2003-06-18,,,Gang Cikapayang No. 82,Palembang,Sumatera Selatan,ID,71947,8398574189813,NIB,ORGANIZATION,pt.asia751@gmail.com,+62814491983,MEDIUM,2014-02-04,2019-10-22
CIF00000686,Banara Sihotang,1998-07-05,married,M,Gg. Kiaracondong No. 06,Denpasar,Bali,ID,81879,5171010507982929,KTP,PERSONAL,banara.sihotang311@gmail.com,+628972316039,HIGH,2020-07-17,2026-07-15
CIF00000687,Kawaca Hutasoit,1937-12-30,married,M,Gang Moch. Ramdan No. 098,Balikpapan,Kalimantan Timur,ID,99870,6471013012376427,KTP,PERSONAL,kawaca.hutasoit90@gmail.com,+62868187959,MEDIUM,2012-06-24,2017-12-02
CIF00000688,Tantri Rahimah,2007-07-12,married,F,Jl. Rajawali Timur No. 9,Denpasar,Bali,ID,93558,5171015207078538,KTP,PERSONAL,tantri.rahimah521@gmail.com,+6286528121729,LOW,2026-07-07,2026-09-27
CIF00000689,Garan Maulana,1955-07-02,married,M,Jl. Otto Iskandardinata No. 96,Surabaya,Jawa Timur,ID,43298,35730102075535,KTP,PERSONAL,garan.maulana155@gmail.com,+628241789103,MEDIUM,2017-02-28,2022-11-23
CIF00000690,Gangsa Nainggolan,1992-12-31,married,M,Jalan Ahmad Yani No. 81,Depok,Jawa Barat,ID,77552,3275013112920198,KTP,PERSONAL,gangsa.nainggolan620@mail.com,+62834776843,LOW,2012-05-14,2012-11-19
CIF00000691,Okta Latupono,1979-11-17,married,M,Gang Ciwastra No. 11,Bekasi,Jawa Barat,ID,98654,3276011711794741,KTP,PERSONAL,okta.latupono47@hotmail.com,+628165548787,LOW,2008-08-30,2021-08-08
CIF00000692,Ani Nurdiyanti,1990-02-15,married,F,Jl. Siliwangi No. 3,Bogor,Jawa Barat,ID,17915,3271015502901423,KTP,PERSONAL,ani.nurdiyanti498@hotmail.com,+62812699221,HIGH,2021-10-17,2026-02-04
CIF00000693,PT Maju Maju,1999-10-10,married,F,Jl. Cikutra Barat No. 8,Bekasi,Jawa Timur,ID,73824,9578064223015,NIB,ORGANIZATION,pt.maju875@mail.com,+62855164495,LOW,2014-07-07,2021-02-22
CIF00000694,Wong Hui Wen,1972-04-30,married,F,"No. 178, Jalan Ampang",Johor Bahru,Johor,MY,97299,720430-01-4382,MYKAD,PERSONAL,wong.hui955@hotmail.com,+601655695237,LOW,2024-07-01,2025-05-31
CIF00000695,Maria Handayani,1978-09-04,single,F,Jl. Peta No. 76,Jakarta Pusat,DKI Jakarta,ID,28155,3173014409784139,KTP,PERSONAL,maria.handayani582@mail.com,+62877626233,MEDIUM,2023-04-14,2025-12-03
CIF00000696,Surya Marpaung,1948-07-05,single,M,Gang Tebet Barat Dalam No. 740,Depok,Jawa Barat,ID,12468,32730O0507480451,KTP,PERSONAL,surya.marpaung82@gmail.com,+6282245486689,LOW,2018-10-18,2024-01-29
CIF00000697,Makuta Prasasta,1937-08-29,single,M,Jalan Ir. H. Djuanda No. 8,Bekasi,Jawa Barat,ID,60843,3271012908378350,KTP,PERSONAL,makuta.prasasta709@outlook.com,+6281718664021,MEDIUM,2015-05-11,2022-06-07
CIF00000698,Wulan Rahmawati,1937-08-08,married,F,Jalan Setiabudhi No. 342,Bandung,Jawa Barat,ID,30367,3273014808379414,KTP,PERSONAL,wulan.rahmawati204@gmail.com,+628251542376,HIGH,2008-07-09,2026-05-21
CIF00000699,Panji Rajasa,1978-02-26,single,M,Jalan Soekarno Hatta No. 9,Bekasi,Jawa Barat,ID,67874,3271012602787568,KTP,PERSONAL,panji.rajasa532@yahoo.com,+628160337185,LOW,2023-08-17,2023-11-02
CIF00000700,Dinda Laksita,1944-06-11,divorced,F,Jalan Merdeka No. 56,Bandung,Jawa Barat,ID,57750,3275015106448949,KTP,PERSONAL,dinda.laksita701@outlook.com,+62866634676,LOW,2018-11-01,2026-07-30
CIF00001003,Tari Yulianti,1959-07-12,single,F,Gg. Ciwastra No. 250,Palembang,Sumatera Selatan,ID,23131,1671015207597602,KTP,PERSONAL,tari.yulianti966@mail.com,+62842589521,LOW,2024-03-07,2024-03-07
CIF00000701,Daniel Tan,1969-12-18,married,M,Blk 396 Woodlands Dr 14 #23-404,Singapore,Singapore,SG,415922,S6990985Z,NRIC,PERSONAL,daniel.tan913@yahoo.com,+6591724922,LOW,2018-07-01,2025-04-20
CIF00000702,Farah binti Ahmad,1959-02-04,single,F,"No. 74, Jalan Tun Razak",Kuala Lumpur,Wilayah Persekutuan Kuala Lumpur,MY,96712,590204-14-1310,MYKAD,PERSONAL,farah.binti304@mail.com,+60127093738,LOW,2011-08-08,2020-11-03
CIF00000703,,1981-08-27,,,Jl. Rungkut Industri No. 279,Semarang,Jawa Tengah,ID,52366,7485892077745,NIB,ORGANIZATION,,,MEDIUM,2018-07-02,2020-08-13
CIF00000704,Kayun Manullang,1946-08-23,married,M,Jl. Ahmad Yani No. 2,Bogor,Jawa Barat,ID,91070,3273012308469996,KTP,PERSONAL,kayun.manullang344@mail.com,+628756122034,MEDIUM,2015-05-15,2020-04-07
CIF00000705,Kiandra Haryanti,1980-01-15,married,F,Gang Kutai No. 934,Bandung,Jawa Barat,ID,23206,3273015501807431,KTP,PERSONAL,kiandra.haryanti894@outlook.com,+628155506746,LOW,2020-07-01,2026-06-01
CIF00000706,Ryan Goh,1977-10-29,married,M,Blk 84 Pasir Ris Dr 6 #09-934,Singapore,Singapore,SG,454155,S7750757A,NRIC,PERSONAL,ryan.goh649@gmail.com,+6596222724,3,2011-10-28,2016-05-31
CIF00000707,Dimaz Halim,2002-05-06,married,M,Jl. Pasir Koja No. 91,Jakarta Barat,DKI Jakarta,ID,87982,3173010605027352,KTP,PERSONAL,dimaz.halim867@hotmail.com,+6284353887974,LOW,2022-02-18,2025-08-06
CIF00000708,CV Prima Maju,1984-06-07,,,Gang Monginsidi No. 351,Yogyakarta,DI Yogyakarta,ID,63802,9384626782100,NIB,ORGANIZATION,cv.prima138@gmail.com,+62887555348,MEDIUM,2010-10-01,2010-01-26
CIF00000709,H. Yance Susanti,2000-07-09,single,F,Gg. Pasir Koja No. 14,Makassar,Sulawesi Selatan,ID,7795,7371014907007289,KTP,PERSONAL,yance.susanti174@gmail.com,+62828969179,LOW,2017-11-04,2025-02-15
CIF00000710,Jane Mulyani,1885-01-18,married,F,Jalan Suryakencana No. 0,Jakarta Barat,DKI Jakarta,ID,39006,3173014403930333,KTP,PERSONAL,jane.mulyani180@mail.com,+62882463347,LOW,2013-10-03,2026-08-12
CIF00000711,Kuncara Prasasta,1964-12-06,married,M,Gang Cihampelas No. 126,Makassar,Sulawesi Selatan,ID,44162,7371010612643873,KTP,PERSONAL,kuncara.prasasta500@mail.com,+62884652501,MEDIUM,2008-01-25,2024-12-22
CIF00000712,CV Mega Mandiri,2009-10-15,,,Jl. Erlangga No. 70,Depok,Jawa Barat,ID,69187,5159578214972,NIB,ORGANIZATION,cv.mega708@yahoo.com,+6281392501056,LOW,2010-11-18,2017-02-18
CIF00000713,Zalindra Fujiati,1938-01-06,married,F,Jl. Pacuan Kuda No. 40,Makassar,Sulawesi Selatan,ID,20153,7371014601386610,KTP,PERSONAL,zalindra.fujiati825@yahoo.com,+628127189014,HIGH,2009-08-16,2026-07-03
CIF00000714,Harja Ramadan,1958-06-28,divorced,M,Gg. Gedebage Selatan No. 52,Tangerang,Banten,ID,25345,3671012806580384,KTP,PERSONAL,harja.ramadan142@mail.com,+62878510644,LOW,2015-04-29,2024-04-17
CIF00000715,PT Karya Trading,1990-02-19,,,Gg. Cempaka No. 666,Makassar,Sulawesi Selatan,ID,73389,1707151089798,NIB,ORGANIZATION,pt.karya755@outlook.com,+62874410788,LOW,2020-11-27,2023-03-11
CIF00000716,Sentosa Food Pte. Ltd.,2008-01-31,,,Blk 372 Woodlands Dr 14 #23-533,Singapore,Singapore,SG,272054,200801117N,UEN ,ORGANIZATION,sentosa.food218@mail.com,+6594655998,MEDIUM,2025-04-30,2025-07-27
CIF00000717,Ethan Pillai,1986-12-13,married,M,Blk 632 Tampines Ave 5 #16-100,Singapore,Singapore,SG,388337,S8679777A,NRIC,PERSONAL,ethan.pillai641@gmail.com,+6586920452,MEDIUM,2014-09-24,2022-10-04
CIF00000718,Ozy Dongoran,1974-04-20,married,M,Gg. Rajawali Barat No. 7,Medan,Sumatera Utara,ID,87033,1271012004749771,KTP,PERSONAL,ozy.dongoran41@hotmail.com,+6284806168409,LOW,2010-11-01,2012-01-04
CIF00000719,Garan Suwarno,1955-03-11,married,M,Gg. Antapani Lama No. 43,Jakarta Barat,DKI Jakarta,ID,82085,3173011103559739,KTP,PERSONAL,garan.suwarno38@gmail.com,+62837343916,HIGH,2019-07-02,2026-07-26
CIF00000720,Lalita Riyanti,1960-08-13,single,F,Gang Raya Ujungberung No. 8,Medan,Sumatera Utara,ID,40170,1271015308605433,KTP,PERSONAL,lalita.riyanti636@mail.com,+628843877577,LOW,2011-08-21,2017-04-30
CIF00000721,CV Harapan Prima,1981-03-22,,,Gang Rumah Sakit No. 437,Surabaya,Jawa Timur,ID,52929,2265839678067,NIB,ORGANIZATION,cv.harapan686@gmail.com,+628418708689,LOW,2017-11-04,2020-12-08
CIF00000722,Darijan Firgantoro,1965-08-02,married,M,Jl. Cikutra Timur No. 76,Depok,Jawa Barat,ID,41232,3271010208653914,KTP,PERSONAL,darijan.firgantoro925@yahoo.com,+62862505733,LOW,2025-12-16,2026-06-28
CIF00000723,Umar Suwarno,1977-11-06,divorced,M,Gg. Ahmad Yani No. 2,Surabaya,Jawa Timur,ID,96360,3573010611770150,KTP,PERSONAL,umar.suwarno176@outlook.com,+6288597752987,LOW,2014-09-02,2019-05-27
CIF00000724,Prabowo Utama,1983-05-12,divorced,M,Jl. Joyoboyo No. 0,Semarang,Jawa Tengah,ID,47097,3374011205833304,KTP,PERSONAL,prabowo.utama295@outlook.com,+6286585055396,MEDIUM,2023-10-14,2026-07-30
CIF00000725,Cemeti Salahudin,1998-02-21,married,M,Gg. S. Parman No. 784,Jakarta Pusat,DKI Jakarta,ID,17672,3174012102983515,KTP,PERSONAL,cemeti.salahudin585@mail.com,+62843646632,LOW,2015-04-05,2018-10-17
CIF00000726,Cornelia Pertiwi,1952-06-01,married,F,Gg. Asia Afrika No. 020,Denpasar,Bali,ID,49127,5171014107521159,KTP,PERSONAL,cornelia.pertiwi987@outlook.com,+6286283388282,LOW,2010-10-25,2018-12-01
CIF00000727,Queen Yuniar,1964-01-23,single,F,Jl. Kebonjati No. 765,Makassar,Sulawesi Selatan,ID,20062,7371016301645891,KTP,PERSONAL,queen.yuniar82@outlook.com,+62819555175,LOW,2020-10-10,2024-02-16
CIF00000728,Gaduh Habibi,1961-11-01,single,M,Gg. Setiabudhi No. 739,Jakarta Barat,DKI Jakarta,ID,46886,3171010111612476,NIB,PERSONAL,gaduh.habibi452@mail.com,+6285765289604,LOW,2019-06-24,2026-03-10
CIF00000729,dr. Elma Yulianti,1955-10-21,single,F,Gg. Indragiri No. 6,Palembang,Sumatera Selatan,ID,26887,1671016110553906,KTP,PERSONAL,elma.yulianti834@yahoo.com,+62848119519,MEDIUM,2022-03-14,2024-12-25
CIF00000730,PT Sejahtera Sinar,1990-01-02,married,,Jl. Raya Ujungberung No. 5,Yogyakarta,DI Yogyakarta,ID,67148,7194090677973,NIB,ORGANIZATION,pt.sejahtera266@hotmail.com,+628419721503,LOW,2010-12-12,2013-08-28
CIF00000731,PT Abadi Harapan,2019-05-30,,,Jl. Cempaka No. 338,Yogyakarta,DI Yogyakarta,ID,63716,5007253727528,NIB,ORGANIZATION,pt.abadi134@gmail.com,+628697967607,LOW,2023-02-20,2024-05-09
CIF00000732,Mustofa Latupono,2007-10-01,married,M,Jalan Peta No. 57,Tangerang,Banten,ID,67296,36710101100712,KTP,PERSONAL,mustofa.latupono57@mail.com,+62882031635,LOW,2026-03-24,2026-08-01
CIF00000733,Lasmono Dabukke,2001-06-09,married,M,Jalan Raya Ujungberung No. 1,Depok,Jawa Barat,ID,98838,3273010906016779,KTP,PERSONAL,lasmono.dabukke14@outlook.com,+628953101971,LOW,2026-05-13,2026-08-31
CIF00000734,Edward Prasetyo,2028-09-08,married,M,Gg. Laswi No. 41,Jakarta Selatan,DKI Jakarta,ID,66561,,KTP,PERSONAL,edward.prasetyo716@yahoo.com,+62862325604,MEDIUM,2025-01-29,2026-01-01
CIF00000735,Ghaliyati Suryatmi,1962-04-12,married,F,Jalan Surapati No. 4,Bogor,Jawa Barat,ID,13664,3273015204622745,KTP,PERSONAL,ghaliyati.suryatmi473@outlook.com,+62819989719,LOW,2010-10-19,2015-11-01
CIF00000736,Diana Laksita,1946-05-23,married,F,Gg. Dipenogoro No. 86,Yogyakarta,DI Yogyakarta,ID,47501,3471016305468224,KTP,PERSONAL,diana.laksita272@yahoo.com,+628698396630,MEDIUM,2017-06-17,2018-12-08
CIF00000737,Ahmad Faiz bin Abdullah,1951-11-17,single,M,"No. 52, Jalan Sultan Ismail",Shah Alam,Selangor,MY,47998,511117-10-2711,MYKAD,PERSONAL,ahmad.faiz5@yahoo.com,+601213588822,LOW,2013-06-21,2020-12-16
CIF00000738,Xin Yi Teo,1973-12-06,single,F,Blk 918 Clementi Ave 2 #14-603,Singapore,Singapore,SG,503990,S7360692A,NRIC,PERSONAL,xin.yi964@hotmail.com,+6595365694,LOW,2012-07-02,2013-02-11
CIF00000739,Wei Jie Teo,1983-07-29,married,M,Blk 373 Bedok North Rd #17-012,Singapore,Singapore,SG,354501,S8333480J,NRIC ,PERSONAL,wei.jie684@outlook.com,+6589979283,MEDIUM,2014-05-08,2026-06-12
CIF00000740,PT Asia Sentosa,1984-12-10,,,Gang Jakarta No. 7,Makassar,Sulawesi Selatan,ID,17636,8779568898190,NIB,ORGANIZATION,pt.asia775@mail.com,+62851309818,LOW,2015-03-06,2019-03-02
CIF00000741,Jun Hao Kumar,2004-08-24,married,M,Blk 681 Woodlands Dr 14 #25-309,Singapore,Singapore,SG,385550,T0418053J,NRIC,PERSONAL,jun.hao425@hotmail.com,+6597206210,HIGH,2022-06-07,2026-02-24
CIF00000742,Rachel Astuti,1987-08-15,married,F,Gang Soekarno Hatta No. 4,Jakarta Barat,DKI Jakarta,ID,91462,3174015508871107,KTP,PERSONAL,rachel.astuti202@yahoo.com,+6287271212502,LOW,2018-03-26,2026-08-26
CIF00000743,Chandra Maryadi,1954-08-05,married,M,Jl. Rawamangun No. 511,Jakarta Selatan,DKI Jakarta,ID,98805,3173010508548602,KTP,PERSONAL,chandra.maryadi693@gmail.com,+62832304477,LOW,2019-07-23,2023-01-09
CIF00000744,Heru Marpaung,1982-10-24,married,M,Jl. K.H. Wahid Hasyim No. 946,Malang,Jawa Timur,ID,76552,3573012410821829,KTP,PERSONAL,heru.marpaung462@hotmail.com,+628191753279,LOW,2020-07-08,2021-03-05
CIF00000745,Aiman bin Ismail,2001-12-22,married,M,"No. 154, Persiaran Kayangan",Johor Bahru,Johor,MY,20768,011222-01-0239,MYKAD,PERSONAL,aiman.bin382@hotmail.com,+601896529840,MEDIUM,2022-05-22,2026-09-08
CIF00000746,Ika Puspita,1956-06-29,married,F,Gang Laswi No. 2,Depok,Jawa Barat,ID,41140,3271016906564070,KTP,PERSONAL,ika.puspita500@mail.com,+62869115465,LOW,2021-02-18,2026-03-05
CIF00000747,Karta Pratama,1996-06-22,married,M,Gg. Merdeka No. 029,Depok,Jawa Barat,ID,90338,3273012206961209,KTP,PERSONAL,karta.pratama92@outlook.com,+628870761624,LOW,2019-01-17,2019-11-05
CIF00000748,Talia Maryati,1953-03-05,single,F,Jalan Stasiun Wonokromo No. 38,Bekasi,Jawa Barat,ID,80319,3276014503537216,KTP,PERSONAL,talia.maryati992@mail.com,+628470414163,LOW,2023-03-12,2024-10-15
CIF00000749,Banara Tampubolon,1951-01-02,married,M,Jl. Stasiun Wonokromo No. 73,Jakarta Selatan,DKI Jakarta,ID,69690,3171010201510571,KTP,PERSONAL,banara.tampubolon58@gmail.com,+6287261233065,LOW,2014-11-21,2026-02-06
CIF00000750,Harjaya Sihombing,1959-02-06,single,M,Gang Jend. A. Yani No. 59,Depok,Jawa Barat,ID,61907,3273010602599136,KTP,PERSONAL,harjaya.sihombing633@mail.com,+628317012312,LOW,2026-04-28,2026-05-04
CIF00000751,Jindra Waskita,1965-05-09,married,M,Jalan Laswi No. 4,Bandung,Jawa Barat,ID,39548,3276010905652939,KTP,PERSONAL,jindra.waskita553@gmail.com,+62841630500,LOW,2019-06-06,2019-08-17
CIF00000752,Hesti Susanti,1970-12-13,married,F,Gang Cihampelas No. 2,Depok,Jawa Barat,ID,81542,3275015312702621,KTP,PERSONAL,hesti.susanti415@mail.com,+6289938943605,LOW,2012-09-12,2022-03-07
CIF00000753,Hamima Pudjiastuti,1949-08-19,married,F,Gang Erlangga No. 4,Palembang,Sumatera Selatan,ID,25711,1671015908495803,KTP,PERSONAL,hamima.pudjiastuti446@outlook.com,+6282871010081,LOW,2022-06-27,2023-03-04
CIF00000754,"Upik Januar, M.M.",1951-12-25,married,M,Gang Kutisari Selatan No. 77,Bandung,Jawa Barat,ID,13305,3273012512514830,KTP,PERSONAL,upik.januar122@yahoo.com,+62848040244,LOW,2020-03-03,2025-03-11
CIF00000755,Global Pacific Sdn. Bhd.,1982-02-18,,,"No. 97, Jalan SS2/24",George Town,Pulau Pinang,MY,24208,198201852043,SSM,ORGANIZATION,global.pacific875@hotmail.com,+601611387548,LOW,2010-05-14,2021-06-02
CIF00000756,Rina Wastuti,1970-05-12,married,F,Jl. Cikutra Timur No. 797,Jakarta Pusat,DKI Jakarta,ID,31232,3171015205700469,KTP,PERSONAL,rina.wastuti683@hotmail.com,+62855799124,LOW,20201215,2024-04-13
CIF00000757,Upik Kusumo,1996-08-04,widowed,M,Jalan Ronggowarsito No. 29,Depok,Jawa Barat,ID,24991,3273010408968201,KTP,PERSONAL,upik.kusumo287@outlook.com,+6288406099635,MEDIUM,20131128,2024-08-09
CIF00000758,"Gamanto Mahendra, M.Pd",1937-02-19,single,M,Jl. PHH. Mustofa No. 723,Bekasi,Jawa Barat,ID,25300,3275011902374798,KTP,PERSONAL,gamanto.mahendra850@yahoo.com,+62879734383,LOW,2015-09-24,2025-08-19
CIF00000759,Febi Anggraini,1997-09-10,married,F,Gang Ir. H. Djuanda No. 344,Bandung,Jawa Barat,ID,45442,3273015009971399,KTP,PERSONAL,febi.anggraini289@gmail.com,+628257524195,LOW,2023-09-08,2025-09-09
CIF00000760,Qori Aryani,1946-02-11,married,F,Jl. Abdul Muis No. 524,Bogor,Jawa Barat,ID,47410,3275015102467065,KTP,PERSONAL,qori.aryani663@mail.com,0812-345,HIGH,2008-07-30,2026-05-25
CIF00000761,Siska Laksita,1946-02-06,married,F,Jl. Cikutra Barat No. 51,Denpasar,Bali,ID,36492,5171010602467089,KTP,PERSONAL,siska.laksita453@yahoo.com,+62819937107,LOW,2008-03-27,2025-08-19
CIF00000762,Rajesh Koh,1999-05-22,married,M,Blk 694 Ang Mo Kio Ave 3 #08-463,Singapore,Singapore,SG,256188,T9964107F,NRIC,PERSONAL,rajesh.koh484@hotmail.com,+6591473279,MEDIUM,2023-03-23,2025-01-31
CIF00000763,,1945-09-07,married,M,Blk 116 Bedok North Rd #08-975,Singapore,Singapore,SG,615839,S4587826J,NRIC,PERSONAL,rajesh.teo95@yahoo.com,+6588714264,LOW,2022-01-25,2025-08-02
CIF00000764,Pia Oktaviani,1971-10-03,single,F,Jalan Stasiun Wonokromo No. 40,Tangerang,Bali,ID,75796,3671014310714093,KTP,PERSONAL,pia.oktaviani798@hotmail.com,+6282465870178,MEDIUM,2017-12-10,2025-11-13
CIF00000765,Kayla Melani,1949-11-22,married,F,Jalan Rumah Sakit No. 711,Malang,Jawa Timur,ID,25706,3573016211496112,KTP,PERSONAL,kayla.melani101@hotmail.com,+62842223711,MEDIUM,2014-02-26,2017-05-10
CIF00000766,Chua Siti Aisyah,1965-08-16,married,F,Blk 921 Woodlands Dr 14 #11-337,Singapore,Singapore,SG,157553,S6568973A,NRIC,PERSONAL,chua.siti524@hotmail.com,+6594385143,MEDIUM,2021-03-27,2025-06-01
CIF00000767,Najwa Nuraini,2009-06-04,married,F,Jalan Kapten Muslihat No. 1,Palembang,Sumatera Selatan,INA,48921,1671014406098874,KTP,PERSONAL,najwa.nuraini739@outlook.com,+628979485497,MEDIUM,2026-07-07,2026-08-18
CIF00000768,Prima Wacana,2002-09-07,single,M,Jalan Erlangga No. 717,Makassar,Sulawesi Selatan,ID,84006,7371010709021855,KTP,PERSONAL,prima.wacana992@gmail.com,+628812902403,LOW,2024-11-19,2025-08-22
CIF00000769,CV Maju Food,1999-03-06,,,Jl. Sentot Alibasa No. 38,Tangerang,Banten,ID,17811,9084462093716,NIB,ORGANIZATION,cv.maju680@mail.com,+6284625633393,LOW,2023-07-03,2025-09-08
CIF00000770,PT Asia Prima,1988-02-12,,,Gang Raya Setiabudhi No. 8,Jakarta Barat,DKI Jakarta,ID,64010,9252420723576,NIB,ORGANIZATION,pt.asia361@mail.com,+628755214420,LOW,2011-03-28,2017-10-19
CIF00000771,Hakim bin Abdullah,1939-10-22,single,M,"No. 198, Jalan Ampang",George Town,Pulau Pinang,MY,61412,391022-07-7505,MYKAD,PERSONAL,hakim.bin156@gmail.com,+60129166832,LOW,2023-03-19,2024-07-02
CIF00000772,Pia Mandasari,1981-07-25,married,F,Jl. Raya Setiabudhi No. 46,Jakarta Pusat,DKI Jakarta,ID,91870,3174016507818423,KTP,PERSONAL,pia.mandasari698@yahoo.com,+62838537464,LOW,2016-08-29,2026-02-20
CIF00000773,Martana Pradana,1943-03-19,married,M,Gg. Ciwastra No. 305,Surabaya,Jawa Timur,ID,46735,3578011903436083,KTP,PERSONAL,martana.pradana964@yahoo.com,+6283103072224,LOW,2012-08-07,2015-07-01
CIF00000774,Nadia Padmasari,2001-06-26,single,F,Gang Sukabumi No. 45,Depok,Jawa Barat,ID,44905,3275016606018268,ktp,PERSONAL,nadia.padmasari372@outlook.com,+6287138792018,LOW,2020-04-29,2024-09-17
CIF00000775,PT Global Asia,2007-03-25,,,Jalan Surapati No. 3,Jakarta Selatan,DKI Jakarta,ID,18910,5752728566261,NIB,ORGANIZATION,pt.global759@gmail.com,+62862767651,MEDIUM,2020-06-25,2022-04-06
CIF00000776,Cawuk Siregar,1966-06-08,single,M,Gang Gardujati No. 325,Makassar,Sulawesi Selatan,ID,21652,7371010806663284,KTP,PERSONAL,cawuk.siregar291@hotmail.com,+62845106851,LOW,2010-06-28,2015-11-13
CIF00000777,Zalindra Purwanti,1938-10-07,married,F,Jalan Jend. A. Yani No. 6,Depok,Jawa Barat,ID,19624,3276014710387452,KTP,PERSONAL,zalindra.purwanti510@mail.com,+62854922202,LOW,2017-09-29,2019-11-04
CIF00000778,PT Abadi Global,2019-10-01,,,Gang Dr. Djunjunan No. 28,Medan,Sumatera Utara,ID,64964,5475255951733,NIB,ORGANIZATION,pt.abadi153@yahoo.com,+62814841672,LOW,2024-06-01,2026-08-30
CIF00000779,Kani Purwanti,1978-11-12,single,F,Jl. Dipatiukur No. 3,Malang,Jawa Timur,ID,57955,3573015211785765,KTP,PERSONAL,kani.purwanti389@yahoo.com,+6289764826654,LOW,2015-03-15,2019-03-07
CIF00000780,Qori Andriani,1953-10-26,married,F,Gang Suniaraja No. 324,Denpasar,Bali,ID,86226,5171016610533845,KTP,PERSONAL,qori.andriani174@yahoo.com,+6288300844041,LOW,2018-05-10,2020-08-27
CIF00000781,Ilyas Sihombing,1966-08-16,married,M,Jalan Sentot Alibasa No. 65,Tangerang,Banten,ID,30751,36710116086637,KTP,PERSONAL,ilyas.sihombing613.gmail.com,+628795684560,LOW,2022-06-22,2024-06-13
CIF00000782,Gasti Oktaviani,1949-03-27,married,F,Jl. Gegerkalong Hilir No. 81,Surabaya,Jawa Timur,ID,13413,3578016703490719,KTP,PERSONAL,gasti.oktaviani253@mail.com,+62877288666,LOW,2015-07-30,2017-08-22
CIF00000783,Hasta Wasita,1987-11-06,single,M,Jalan Suryakencana No. 7,Denpasar,Bali,ID,26862,5171010611876744,KTP,PERSONAL,hasta.wasita878@mail.com,+628642352719,LOW,2025-09-13,2026-09-13
CIF00000784,Jia Hui Ong,1954-09-17,married,F,Blk 216 Serangoon Central #02-271,Singapore,Singapore,SG,457420,S5438140I,NRIC,PERSONAL,jia.hui744@gmail.com,+6589424777,LOW,2022-10-30,2026-01-22
CIF00000785,Ellis Andriani,1937-02-01,divorced,F,Gg. Monginsidi No. 9,Tangerang,Banten,ID,11641,3671014102372738,KTP,PERSONAL,ellis.andriani92@mail.com,+62853325162,LOW,2023-12-30,2025-07-20
CIF00000786,Xin Yi Ong,1951-03-10,single,F,Blk 654 Pasir Ris Dr 6 #23-972,Singapore,Singapore,SG,264039,S5106185C,NRIC,PERSONAL,xin.yi515@yahoo.com,+6587793676,LOW,2012-01-20,2012-02-16
CIF00000787,Kala Wijaya,2002-03-18,married,M,Jalan Yos Sudarso No. 63,Jakarta Pusat,Jawa Tengah,ID,17866,3174011803024571,KTP,PERSONAL,kala.wijaya834@hotmail.com,+628211395860,LOW,2023-10-25,2026-05-21
CIF00000788,Kemba Firmansyah,1947-03-08,single,M,Gang Otto Iskandardinata No. 413,Jakarta Barat,DKI Jakarta,ID,33319,3173010803471625,KTP,PERSONAL,kemba.firmansyah232@hotmail.com,+62867999274,LOW,2009-04-28,2015-02-21
CIF00001010,Vicky Suartini,1954-04-27,married,F,Gg. HOS. Cokroaminoto No. 4,Denpasar,Bali,ID,56083,5171016704541469,KTP,PERSONAL,vicky.suartini537@hotmail.com,+62895324884,MEDIUM,2024-01-18,2024-01-18
CIF00000789,Koko Hutasoit,1983-10-22,married,M,Gg. Laswi No. 986,Palembang,Sumatera Selatan,ID,42513,1671012210838504,KTP,PERSONAL,koko.hutasoit581@hotmail.com,+6281577236921,LOW,2008-07-19,2010-08-11
CIF00000790,PT Prima Sentosa,2022-03-01,,,Jalan Jamika No. 469,Bogor,Jawa Barat,ID,28122,3665621837412,NIB,ORGANIZATION,pt.prima821@gmail.com,+628658703938,LOW,2023-01-21,2023-02-13
CIF00000791,Jarwa Pratama,1980-12-01,divorced,M,Jalan Abdul Muis No. 2,Medan,Sumatera Utara,ID,68111,1271010112804334,KTP,PERSONAL,jarwa.pratama851@mail.com,+6282114324342,MEDIUM,2020-02-26,2020-10-25
CIF00000792,Kani Puspasari,1939-07-19,married,F,Jalan Otto Iskandardinata No. 62,Medan,Sumatera Utara,ID,50732,1271015907392019,KTP,PERSONAL,kani.puspasari434@gmail,+62832758622,LOW,2022-07-23,2026-01-13
CIF00000793,"Karya Ramadan, S.Kom",2000-04-08,married,M,Jl. Kebonjati No. 360,Balikpapan,Kalimantan Timur,ID,13885,6471010804001000,KTP,PERSONAL,karya.ramadan280@yahoo.com,+62886980705,MEDIUM,2017-09-09,2026-03-31
CIF00000794,Okto Najmudin,1968-08-05,married,M,Jl. Ciumbuleuit No. 4,Malang,Jawa Timur,ID,49557,3578010508686709,KTP,PERSONAL,okto.najmudin421@outlook.com,+628339051099,MEDIUM,2010-07-04,2017-01-13
CIF00000795,Latika Mandasari,1999-10-27,married,F,Jalan S. Parman No. 5,Palembang,Sumatera Selatan,ID,15526,1671016710997870,KTP,PERSONAL,latika.mandasari268@yahoo.com,+62815464177,HIGH,2020-10-21,2026-02-26
CIF00000796,Lidya Andriani,1981-04-22,married,F,Gang Abdul Muis No. 1,Depok,Jawa Barat,ID,14258,3271016204813285,KTP,PERSONAL,lidya.andriani967@hotmail.com,+628710214012,LOW,2021-08-09,2025-07-12
CIF00000797,Victoria Sudiati,1988-08-19,married,F,Jalan Rawamangun No. 399,Makassar,Sulawesi Selatan,ID,88440,7371015908881680,KTP,PERSONAL,victoria.sudiati924@mail.com,+6283916488379,LOW,2020-02-16,2022-01-14
CIF00000798,Lutfan Budiyanto,1990-07-18,single,M,Jl. Sentot Alibasa No. 9,Balikpapan,Kalimantan Timur,ID,90463,6471011807904664,KTP,PERSONAL,lutfan.budiyanto572@mail.com,+628378552831,LOW,2010-06-30,2021-04-18
CIF00000799,Cemplunk Sihombing,1957-06-20,married,M,Gg. Sukajadi No. 907,Bekasi,Jawa Barat,ID,35713,3276012006579232,KTP,PERSONAL,cemplunk.sihombing145@outlook.com,+6287326205379,MEDIUM,2017-07-08,2018-08-08
CIF00000800,Hamima Palastri,1952-01-22,single,F,Jalan Ahmad Yani No. 28,Palembang,Sumatera Selatan,ID,46896,1671016201529808,KTP,PERSONAL,hamima.palastri432@gmail.com,+628449699848,LOW,2008-07-16,2025-02-21
CIF00000801,CV Harapan Makmur,2023-07-09,,,Gang Cempaka No. 67,Malang,Jawa Timur,ID,49239,1174306723528,NIB,ORGANIZATION,cv.harapan82@yahoo.com,+628938953549,LOW,2024-02-21,2025-12-04
CIF00000802,Jumari Winarno,1979-11-12,single,M,Jalan Yos Sudarso No. 68,Malang,Jawa Timur,ID,31599,3578011211790139,KTP,PERSONAL,jumari.winarno905@mail.com,+6289122878579,LOW,2018-06-21,2018-10-01
CIF00000803,Vicky Suartini,1954-04-27,married,F,Gg. HOS. Cokroaminoto No. 4,Denpasar,Bali,ID,56083,5171016704541469,KTP,PERSONAL,vicky.suartini537@hotmail.com,+6288822856720,MEDIUM,2022-08-15,2025-01-21
CIF00000804,Endra Jailani,1979-11-25,married,M,Jalan Gardujati No. 05,Bogor,Jawa Barat,ID,99626,3276012511798946,KTP,PERSONAL,endra.jailani54@gmail.com,+62817406467,LOW,2013-03-04,2026-01-23
CIF00000805,Lutfan Hidayanto,1937-11-13,married,M,Gang HOS. Cokroaminoto No. 4,Malang,Jawa Timur,ID,89801,3578011311377480,KTP,PERSONAL,lutfan.hidayanto881@gmail.com,+628444338008,LOW,2011-02-09,2022-05-29
CIF00000806,Rina Nasyiah,1957-01-22,married,F,Jl. Moch. Ramdan No. 2,Makassar,Sulawesi Selatan,ID,16913,7371016201571087,KTP,PERSONAL,rina.nasyiah536@yahoo.com,+628741351508,LOW,2024-04-27,2025-05-03
CIF00000807,Ahmad Faiz bin Hassan,1984-11-17,married,M,"No. 54, Jalan Tun Razak",Johor Bahru,Johor,MY,37751,841117-01-8697,MYKAD,PERSONAL,ahmad.faiz46@hotmail.com,+60177064904,LOW,2025-03-05,2026-06-15
CIF00000808,Mila Wulandari,1997-08-25,married,F,Jl. HOS. Cokroaminoto No. 9,Medan,Sumatera Utara,ID,54296,1271016508975700,KTP,PERSONAL,mila.wulandari743@yahoo.com,+62873641877,LOW,2014-10-27,2021-01-12
CIF00000809,Ikhsan Suryono,1948-02-25,single,M,Jalan Erlangga No. 742,Palembang,Sumatera Selatan,ID,53513,1671012502485065,KTP,PERSONAL,ikhsan.suryono816@mail.com,+628594011641,LOW,2012-09-14,2026-02-11
CIF00000810,Puspa Kuswandari,1953-08-06,single,F,Jl. Raya Setiabudhi No. 9,Makassar,Sulawesi Selatan,ID,28984,7371014608538101,KTP,PERSONAL,puspa.kuswandari327@outlook.com,+62888704521,LOW,2010-06-19,2014-05-09
CIF00000811,Aditya Hardiansyah,1985-11-15,single,M,Gg. Laswi No. 436,Jakarta Pusat,DKI Jakarta,ID,74705,3173011511859868,KTP,PERSONAL,aditya.hardiansyah640@mail.com,+62819308939,MEDIUM,2015-06-29,2025-07-02
CIF00000812,Arjun Lee,1996-11-11,married,M,Blk 725 Serangoon Central #04-703,Singapore,Singapore,SG,703818,S9654405B,NRIC,PERSONAL,arjun.lee713@outlook.com,+6594804669,LOW,2016-07-06,2017-10-06
CIF00000813,Kunthara Mansur,1957-04-13,married,M,Jalan Suryakencana No. 39,Malang,Jawa Timur,ID,42817,3573011304579958,KTP,PERSONAL,kunthara.mansur828@hotmail.com,+62844059121,LOW,2026-02-13,2026-06-14
CIF00000814,Hari Hidayat,1947-11-26,single,M,Jl. Rajawali Timur No. 5,Jakarta Barat,DKI Jakarta,ID,19436,3171012611471248,KTP,PERSONAL,hari.hidayat515@outlook.com,+62865457061,HIGH,2025-11-22,2023-01-21
CIF00000815,PT Sentosa Bintang,1993-05-01,,,Gg. Stasiun Wonokromo No. 837,Denpasar,Bali,ID,73933,1344242808122,NIB,ORGANIZATION,pt.sentosa75@yahoo.com,+628441336731123456,LOW,2020-05-18,2026-02-23
CIF00000816,CV Mandiri Jaya,1975-10-13,,,Gg. KH Amin Jasuta No. 00,Depok,Jawa Barat,ID,45909,8868593742558,NIB,ORGANIZATION,cv.mandiri128@gmail.com,+62841447814,LOW,2011-09-03,2016-08-06
CIF00000817,Eka Suartini,1938-02-14,married,F,Jl. HOS. Cokroaminoto No. 34,Medan,Sumatera Utara,ID,80426,1271015402382060,KTP,PERSONAL,eka.suartini276@gmail.com,+628955266303,LOW,2011-03-25,2021-06-07
CIF00000818,Kayla Astuti,1995-06-24,single,F,Jl. Ronggowarsito No. 064,Depok,Jawa Barat,ID,66512,3271016406954809,KTP,PERSONAL,kayla.astuti252@outlook.com,+62853481805,LOW,2021-04-06,2022-10-26
CIF00000819,Yulia Suryatmi,1978-02-07,married,F,Gg. Ciumbuleuit No. 933,Surabaya,Jawa Timur,ID,87683,3578014702787623,KTP,PERSONAL,yulia.suryatmi374@hotmail.com,+628627587452,LOW,2017-04-18,2024-03-06
CIF00000820,Yuliana Purwanti,1956-07-05,single,F,Jalan R.E Martadinata No. 3,Makassar,Sulawesi Selatan,ID,28459,7371014507562902,KTP,PERSONAL,yuliana.purwanti947@gmail.com,+628763177210,LOW,2008-09-09,2024-04-15
CIF00000821,Safina Utami,1951-03-03,divorced,F,Gang Ahmad Dahlan No. 3,Depok,Jawa Barat,ID,61102,3276014303511360,KTP,PERSONAL,safina.utami9@yahoo.com,+6285849131298,LOW,2021-04-02,2024-11-10
CIF00000822,Teddy Budiman,1964-05-06,married,M,Gang Wonoayu No. 90,Jakarta Barat,DKI Jakarta,ID,59464,3173010605646954,KTP,PERSONAL,teddy.budiman72@yahoo.com,+628862395801,MEDIUM,2014-11-16,2015-04-09
CIF00000823,Jamalia Farida,2000-11-22,married,F,Gg. Rawamangun No. 393,Malang,Jawa Timur,ID,95891,3573016211000541,KTP,PERSONAL,jamalia.farida760@mail.com,+6284817917993,MEDIUM,2020-12-16,2021-04-09
CIF00000824,Aurora Usamah,1959-03-09,divorced,F,Jalan Rawamangun No. 236,Palembang,Sumatera Selatan,ID,50962,1671014903597637,KTP,PERSONAL,aurora.usamah623@gmail.com,+62886696221,MEDIUM,2025-11-20,2026-05-03
CIF00000825,Dimas Pradipta,1957-09-23,married,M,Jalan Raya Ujungberung No. 056,Bandung,Jawa Barat,ID,33719,3271012309573268,KTP,PERSONAL,dimas.pradipta385@mail.com,+628569694913,MEDIUM,2015-08-18,2021-08-06
CIF00000826,Fitria Pertiwi,1967-10-31,single,F,Jl. Gardujati No. 933,Jakarta Barat,DKI Jakarta,ID,85073,3171017110679730,KTP,PERSONAL,fitria.pertiwi266@outlook.com,+628442342567,LOW,2016-08-15,2025-03-04
CIF00000827,Cinta Hartati,1997-03-02,single,F,Gang Rumah Sakit No. 8,Jakarta Pusat,DKI Jakarta,ID,88037,3174010203977443,KTP,PERSONAL,cinta.hartati789@gmail.com,+6286298107192,LOW,2026-05-21,2026-08-10
CIF00000828,Fitriani Yuliarti,1999-03-06,married,F,Jalan S. Parman No. 1,Bekasi,Jawa Barat,ID,80788,3276014603997854,KTP,PERSONAL,fitriani.yuliarti229@yahoo.com,+62875200718,HIGH,2021-10-22,2026-07-14
CIF00000829,PT Maju Bintang,1987-06-14,,,Jl. Pasteur No. 92,Semarang,Jawa Tengah,ID,17066,7403169752379,NIB,ORGANIZATION,pt.maju913@gmail.com,+6282417298623,LOW,2015-07-16,2024-12-09
CIF00000830,Ratih Usamah,1985-01-13,married,F,Jalan Pasteur No. 1,Yogyakarta,DI Yogyakarta,ID,63408,3471015301850201,KTP,PERSONAL,ratih.usamah18@hotmail.com,+6286659731586,LOW,2017-05-24,2024-05-06
CIF00000831,Wong Kah Meng,2008-05-27,single,M,"No. 177, Jalan Kuching",Petaling Jaya,Selangor,MY,46245,080527-10-4959,MYKAD,PERSONAL,wong.kah666@hotmail.com,+601842762085,LOW,2025-07-05,2025-09-18
CIF00000832,Muni Nainggolan,1985-06-04,married,M,Jl. W.R. Supratman No. 4,Jakarta Pusat,DKI Jakarta,ID,14400,3174010406853834,KTP,PERSONAL,muni.nainggolan610@yahoo.com,+628656907051,MEDIUM,2020-11-01,2025-12-18
CIF00000833,Yosef Utama,1949-03-15,single,M,Jl. Gardujati No. 127,Yogyakarta,DI Yogyakarta,ID,59963,3471011503499161,KTP,PERSONAL,yosef.utama374@yahoo.com,+62821837859,MEDIUM,2018-03-05,2022-07-03
CIF00000834,CV Makmur Pacific,2001-01-02,,,Jl. Gedebage Selatan No. 5,Surabaya,Jawa Timur,ID,86864,7928231027462,NIB,ORGANIZATION,cv.makmur18@gmail.com,+628215479019,LOW,2013-02-07,2015-04-08
CIF00000835,Daniel Lee,1949-04-12,married,M,Blk 719 Tampines Ave 5 #09-564,Singapore,Singapore,SG,566427,S4981048B,NRIC,PERSONAL,,,LOW,2017-07-11,2025-11-24
CIF00000836,Oskar Wibisono,1993-04-02,married,M,Gg. Jakarta No. 83,Makassar,Sulawesi Selatan,ID,79102,7371010204933437,KTP,PERSONAL,oskar.wibisono347@outlook.com,+62825810245123456,MEDIUM,2017-12-27,2024-03-22
CIF00000837,Tari Wastuti,1972-02-14,married,F,Jl. Rajawali Timur No. 44,Tangerang,Banten,ID,34984,3671015402726393,KTP,PERSONAL,tari.wastuti216@hotmail.com,+628747368074,MEDIUM,2016-09-04,2018-02-26
CIF00000838,PT Maju Harapan,1991-01-15,,,Jl. Rumah Sakit No. 985,Depok,Jawa Barat,ID,35089,1769978288864,NIB,ORGANIZATION,pt.maju364@outlook.com,+6282686493254,LOW,2012-01-21,2018-08-12
CIF00000839,Kunthara Natsir,1990-11-09,single,M,Jalan Jend. A. Yani No. 89,Surabaya,Jawa Timur,ID,53575,3578010911902105,KTP,PERSONAL,kunthara.natsir808@yahoo.com,+62845667007,LOW,2008-05-07,2017-08-04
CIF00000840,PT Jaya Trading,2005-04-29,,,Gang Pasirkoja No. 2,Jakarta Barat,DKI Jakarta,ID,59241,1918354402581,NIB,ORGANIZATION,pt.jaya826@outlook.com,+62818961520,LOW,2016-02-03,2017-11-10
CIF00000841,Qori Usamah,1943-06-08,married,F,Jl. Pasteur No. 933,Medan,Sumatera Utara,ID,85982,1271014806433487,KTP,PERSONAL,qori.usamah94@yahoo.com,+628338146793,LOW,2024-12-21,2025-08-31
CIF00000842,Sentosa Abadi Sdn. Bhd.,2009-07-24,,,"No. 176, Jalan Bukit Bintang",Petaling Jaya,Selangor,MY,54200,200901598315,SSM,ORGANIZATION,sentosa.abadi988@hotmail.com,+601450282977,LOW,2013-01-17,2022-04-02
CIF00000843,Alika Hastuti,2004-06-17,single,F,Jl. Lembong No. 77,Semarang,Jawa Tengah,ID,71374,3374015706040039,KTP,PERSONAL,alika.hastuti306@gmail.com,+62823158495,LOW,2025-03-23,2025-07-12
CIF00000844,Ulva Susanti,1988-03-30,married,F,Gang Setiabudhi No. 353,Makassar,Sulawesi Selatan,ID,81388,7371017003883947,KTP ,PERSONAL,ulva.susanti212@mail.com,+62829608698,LOW,2025-11-03,2026-06-01
CIF00000845,Hendra Prabowo,1967-03-07,widowed,M,Gg. Otto Iskandardinata No. 23,Depok,Jawa Barat,ID,33782,3271010703672089,KTP,PERSONAL,hendra.prabowo997@mail.com,+62812486231,LOW,2012-04-05,2012-11-10
CIF00000846,Calista Rahmawati,1941-04-25,married,F,Jalan Kutai No. 1,Balikpapan,Kalimantan Timur,ID,56787,6471016504412097,KTP,PERSONAL,calista.rahmawati66@gmail.com,+6282928244800,LOW,2011-05-27,2012-05-14
CIF00000847,CV Asia Perkasa,1976-10-06,married,,Jalan BKR No. 894,Denpasar,Bali,ID,14893,2601017470249,NIB,ORGANIZATION,,,MEDIUM,2011-09-20,2016-09-13
CIF00000848,   ,2005-03-26,married,F,Jl. Gardujati No. 401,Jakarta Selatan,DKI Jakarta,ID,20185,3171016603056716,KTP,PERSONAL,shania.rahimah61@mail.com,+6281402004215,LOW,2022-10-06,2023-02-22
CIF00000849,Vicky Lestari,2007-09-03,married,F,Jalan Indragiri No. 51,Makassar,Sulawesi Selatan,ID,40236,7371014309079348,KTP,PERSONAL,vicky.lestari191@outlook.com,+6287413619426,LOW,2026-04-26,2026-05-16
CIF00000850,Kala Saragih,1977-07-15,single,M,Gang Rajawali Barat No. 483,Jakarta Pusat,DKI Jakarta,ID,43259,3174011507776338,KTP,PERSONAL,kala.saragih252@outlook.com,+6281172773880,LOW,2020-03-26,2021-06-07
CIF00000851,Clara Palastri,1984-04-22,married,F,Jalan M.T Haryono No. 24,Bogor,Jawa Barat,ID,61248,3276016204844986,KTP,PERSONAL,clara.palastri530@hotmail.com,+6281730990588,LOW,2019-01-15,2022-06-28
CIF00000852,Darijan Anggriawan,1961-03-18,married,M,Jalan Ronggowarsito No. 6,Medan,Sumatera Utara,ID,97507,1271011803615055,KTP,PERSONAL,darijan.anggriawan103@outlook.com,+62841896364,LOW,2021-04-29,2021-10-24
CIF00000853,Ghaliyati Zulaika,1941-03-27,single,F,Gang Jend. A. Yani No. 23,Semarang,Jawa Tengah,ID,54217,3374016703410050,KTP,PERSONAL,ghaliyati.zulaika114@gmail.com,+628515842421,LOW,2023-06-21,2026-01-07
CIF00000854,Global Cahaya Pte. Ltd.,1994-11-29,,,Blk 859 Serangoon Central #22-124,Singapore,Singapore,SG,808091,199495753M,UEN,ORGANIZATION,global.cahaya844@yahoo.com,+6597078010,LOW,2011-04-15,2015-03-02
CIF00000855,Elvin Hidayat,1989-08-01,married,M,Gg. Dr. Djunjunan No. 85,Balikpapan,Kalimantan Timur,ID,12272,6471010108893752,KTP,PERSONAL,elvin.hidayat480@outlook.com,+6285368954490,LOW,2018-06-30,2021-11-26
CIF00000856,Ajeng Yulianti,1959-11-24,single,F,Gg. Cihampelas No. 72,Tangerang,Banten,ID,30211,3671016411592390,KTP,PERSONAL,,,LOW,2025-04-13,2025-08-20
CIF00000857,Gamblang Tamba,2000-12-17,married,M,Jl. W.R. Supratman No. 8,Bogor,Jawa Barat,ID,94092,3275011712003490,KTP,PERSONAL,gamblang.tamba469@hotmail.com,+6284567300955,HIGH,2021-01-30,2026-01-21
CIF00000858,dr. Harsanto Siregar,10/07/2006,married,M,Jalan PHH. Mustofa No. 01,Medan,Sumatera Utara,ID,76189,1271011007062436,KTP,PERSONAL,harsanto.siregar651@yahoo.com,+628313923982,LOW,2025-05-13,2026-08-18
CIF00000859,Jindra Hutagalung,1950-11-21,married,M,Gang Moch. Toha No. 000,Semarang,Jawa Tengah,ID,20590,3374012111500893,KTP,PERSONAL,jindra.hutagalung960@mail.com,+628778472088,LOW,2017-12-18,2024-01-24
CIF00000860,Ilyas Manullang,2007-01-24,divorced,M,Gg. Cikutra Barat No. 205,Semarang,Jawa Tengah,ID,62722,3374012401073901,KTP,PERSONAL,ilyas.manullang889@gmail.com,+628121341133,LOW,2024-11-26,2025-04-21
CIF00000861,Jabal Marpaung,1954-12-13,married,M,Jalan Erlangga No. 306,Jakarta Barat,DKI Jakarta,ID,65183,3173011312549096,KTP,PERSONAL,jabal.marpaung287@gmail.com,+62832934873,LOW,2010-11-20,2025-12-08
CIF00000862,Yuliana Usada,1992-05-02,married,F,Gang Yos Sudarso No. 54,Depok,Jawa Barat,ID,58861,3275014205920812,KTP,PERSONAL,yuliana.usada234@gmail.com,+628229886178,LOW,2020-12-24,2023-06-14
CIF00000863,Ryan Kumar,1985-12-19,single,M,Blk 518 Woodlands Dr 14 #14-694,Singapore,Singapore,SG,281733,S8599158B,NRIC,PERSONAL,ryan.kumar73@gmail.com,+6581608321,MEDIUM,2009-05-21,2025-11-01
CIF00000864,Chloe Teo,2004-06-14,married,F,Blk 842 Clementi Ave 2 #18-803,Singapore,Singapore,SG,522033,T0460690B,NRIC,PERSONAL,chloe.teo232@hotmail.com,+6595999599,LOW,2022-09-20,2025-04-20
CIF00000865,CV Bintang Trading,1986-06-15,,,Gang Indragiri No. 3,Palembang,Sumatera Selatan,ID,18310,4959495638966,NIB,ORGANIZATION,cv.bintang703@hotmail.com,+628823383567,LOW,2023-09-30,2024-04-17
CIF00000866,Galuh Firgantoro,2003-04-18,widowed,M,Gg. Soekarno Hatta No. 0,Surabaya,Jawa Timur,ID,14925,3573011804036818,KTP,PERSONAL,galuh.firgantoro388@mail.com,+62845423986,LOW,2025-05-07,2026-05-26
CIF00000867,PT Cahaya Abadi,2015-07-14,,,Gang BKR No. 5,Balikpapan,Kalimantan Timur,ID,22171,6577915451654,NIB,ORGANIZATION,pt.cahaya686@outlook.com,+62844906391,LOW,2024-01-12,2024-03-03
CIF00000868,Cengkir Manullang,1969-12-23,single,M,Gg. Setiabudhi No. 7,Jakarta Pusat,DKI Jakarta,ID,31954,3174012312698920,KTP,PERSONAL,cengkir.manullang851@hotmail.com,+62894990734123456,MEDIUM,2014-02-10,2025-01-26
CIF00000869,Gandewa Sihombing,,married,M,Jalan Dipenogoro No. 072,Balikpapan,Kalimantan Timur,ID,26090,6471012708612555,KTP,PERSONAL,gandewa.sihombing4@hotmail.com,+628431524145,MEDIUM,2012-10-20,2020-12-25
CIF00000870,Wahyu Lazuardi,1982-01-20,married,M,Jalan Kutisari Selatan No. 5,Bogor,Jawa Barat,ID,90724,3276012001829211,KTP,PERSONAL,wahyu.lazuardi813@@gmail.com,+6286872802373,LOW,2023-03-29,2026-08-20
CIF00000871,Zahra Permata,1958-10-06,married,F,Gang Astana Anyar No. 117,Malang,Jawa Timur,ID,71217,3578014610587763,KTP,PERSONAL,zahra.permata680@gmail.com,+6287406487416,HIGH,2024-10-07,2020-06-17
CIF00000872,Pia Wahyuni,1965-03-17,single,F,Jalan S. Parman No. 9,Surabaya,Jawa Timur,ID,63843,3573015703652702,KTP,PERSONAL,pia.wahyuni45@mail.com,+6287118106846,LOW,2009-03-23,2018-02-13
CIF00000873,Adika Simanjuntak,1960-05-02,single,M,Gg. Otto Iskandardinata No. 688,Makassar,Sulawesi Selatan,ID,68090,7371010205608941,KTP,PERSONAL,adika.simanjuntak794@outlook.com,+6289992013102,LOW,2021-09-28,2020-09-12
CIF00000874,PT Jaya Global,1989-04-19,,,Gang H.J Maemunah No. 52,Jakarta Pusat,DKI Jakarta,ID,87933,2242091519740,NIB,ORGANIZATION,pt.jaya329@outlook.com,+62889042621,LOW,2011-01-23,2021-02-14
CIF00000875,Cecep Rajasa,2002-05-20,single,M,Jl. HOS. Cokroaminoto No. 019,Surabaya,Jawa Timur,ID,39037,3573012005024531,KTP,PERSONAL,cecep.rajasa70@outlook.com,+628782776263,LOW,2019-09-21,2026-04-14
CIF00000876,Tami Permata,1981-05-04,married,F,Gg. Kendalsari No. 242,Bandung,Jawa Barat,ID,86442,3271014405811135,KTP,PERSONAL,tami.permata227@gmail.com,+6283493900526,MEDIUM,2025-06-09,2026-05-23
CIF00000877,Kiandra Puspita,2005-06-27,single,F,Jl. Raya Setiabudhi No. 98,Bekasi,Jawa Barat,ID,63664,3271016706052163,KTP,PERSONAL,kiandra.puspita692@mail.com,+628842446364,MEDIUM,2025-08-23,2025-12-09
CIF00000878,Arjun Pillai,1962-04-24,married,M,Blk 310 Woodlands Dr 14 #22-760,Singapore,Singapore,SG,220805,S6250760H,NRIC,PERSONAL,arjun.pillai806@mail.com,+6599421441,LOW,2008-07-05,2019-11-24
CIF00000879,Tomi Waluyo,1971-05-24,married,M,Jl. Pasteur No. 17,Jakarta Pusat,DKI Jakarta,ID,98658,3171012405717806,KTP,PERSONAL,tomi.waluyo426@mail.com,+62889342363,MEDIUM,2010-08-29,2018-05-22
CIF00000880,Bakidin Dabukke,1938-03-10,single,M,Gang Dipenogoro No. 301,Makassar,Sulawesi Selatan,ID,7320,7371011003382852,KTP,PERSONAL,bakidin.dabukke623@gmail.com,+6286abc74351,HIGH,2023-06-17,2019-08-13
CIF00000881,PT Bintang Logistik,1990-06-11,,,Gg. Joyoboyo No. 10,Jakarta Barat,DKI Jakarta,ID,44427,5893916442622,NIB,ORGANIZATION,pt.bintang22@gmail.com,+62831263517,LOW,2022-03-20,2024-12-13
CIF00000882,Jarwadi Anggriawan,1972-07-31,married,M,Jalan Cihampelas No. 94,Bogor,Jawa Barat,ID,80687,3275013107723461,KTP,PERSONAL,jarwadi.anggriawan99@gmail.com,+6281453200196,MEDIUM,2012-09-23,2018-03-23
CIF00000883,Bahuwirya Sihombing,1974-10-11,single,M,Gg. Suniaraja No. 93,Balikpapan,Kalimantan Timur,ID,80591,6471011110743259,KTP,PERSONAL,bahuwirya.sihombing411@yahoo.com,+6289966213345,MEDIUM,2010-01-30,2023-03-08
CIF00000884,Danang Iswahyudi,2008-12-03,single,M,Gang Rajawali Barat No. 24,Bandung,Jawa Barat,ID,32503,3271010312082392,KTP,PERSONAL,danang.iswahyudi842@yahoo.com,+628810763962,LOW,2026-05-03,2026-09-16
CIF00000885,Ibrahim Adriansyah,1993-05-29,married,M,Jl. Rajiman No. 5,Makassar,Sulawesi Selatan,ID,85464,7371012905931461,KTP,PERSONAL,ibrahim.adriansyah779@outlook.com,+6282306336907,LOW,2017-05-31,2020-02-04
CIF00000886,Upik Hardiansyah,1959-11-12,married,M,Jalan Ahmad Dahlan No. 84,Balikpapan,Kalimantan Timur,ID,39478,6471011211590234,KTP,PERSONAL,upik.hardiansyah666@gmail.com,+628796394696,LOW,2022-08-30,2024-01-08
CIF00000887,Bella Mardhiyah,2007-12-21,single,F,Jl. H.J Maemunah No. 7,Makassar,Sulawesi Selatan,ID,96982,7371016112079040,KTP,PERSONAL,bella.mardhiyah117@hotmail.com,+6289403102152,MEDIUM,2025-09-17,2025-10-13
CIF00000888,PT Asia Maju,2023-09-23,,,Jalan Astana Anyar No. 19,Bekasi,Jawa Barat,Indonesia,90341,8269333145777,NIB,ORGANIZATION,pt.asia126@yahoo.com,+6286581367031,LOW,2026-03-16,2026-06-15
CIF00000889,Daruna Latupono,1997-01-11,married,M,Jl. Pasteur No. 472,Surabaya,Jawa Timur,ID,38029,3573011101971116,KTP,PERSONAL,daruna.latupono12@yahoo.com,+628291604836,LOW,2021-08-04,2025-05-11
CIF00000890,Cagak Salahudin,1978-08-28,married,M,Jalan Cihampelas No. 3,Surabaya,Jawa Timur,ID,97121,3573012808784775,KTP,PERSONAL,cagak.salahudin256@gmail.com,+62849748494,LOW,2014-10-10,2022-02-20
CIF00000891,PT Nusantara Perkasa,2003-01-28,,,Gang R.E Martadinata No. 999,Jakarta Selatan,DKI Jakarta,ID,89099,4256191496212,NIB,ORGANIZATION,pt.nusantara825@hotmail.com,+6286134268616,MEDIUM,2023-04-03,2025-10-27
CIF00000892,Faizah Sudiati,1957-08-02,married,F,Gg. Indragiri No. 98,Jakarta Selatan,DKI Jakarta,ID,97857,3171014208576214,KTP,PERSONAL,faizah.sudiati118@yahoo.com,+628932324300,LOW,2021-05-06,2025-03-05
CIF00000893,Ethan Teo,1965-02-20,married,M,Blk 245 Pasir Ris Dr 6 #10-831,Singapore,Singapore,SG,601957,S6552852E,NRIC,PERSONAL,ethan.teo241@outlook.com,+6595756917,LOW,2015-12-28,2021-11-07
CIF00000894,Patricia Lailasari,1938-02-18,married,F,Gang Cempaka No. 34,Jakarta Pusat,DKI Jakarta,ID,66056,3173015802383455,KTP,PERSONAL,patricia.lailasari504@hotmail.com,+6282941663464,LOW,2024-01-08,2025-02-12
CIF00000895,Rahmat Halim,1975-01-22,married,M,Jalan Pelajar Pejuang No. 14,Malang,Jawa Timur,ID,42251,3573012201756436,KTP,PERSONAL,rahmat.halim697@mail.com,+62881439042,LOW,2019-07-31,2022-08-17
CIF00000896,Mulyono Thamrin,1969-02-01,married,M,Gg. Dipenogoro No. 624,Yogyakarta,DI Yogyakarta,ID,61079,3471010102697054,KTP,PERSONAL,mulyono.thamrin496@outlook.com,+62878952734,MEDIUM,2017-10-03,2023-10-15
CIF00000897,   ,1997-06-18,married,M,Gang Suniaraja No. 15,Jakarta Selatan,DKI Jakarta,ID,17025,3174011806973825,KTP,PERSONAL,malik.santoso531@mail.com,+628845906555,LOW,2024-06-03,2024-09-07
CIF00000898,CV Mandiri Food,1975-10-01,,,Gg. Siliwangi No. 7,Jakarta Selatan,DKI Jakarta,ID,69311,3200565426109,NIB,ORGANIZATION,cv.mandiri456@outlook.com,+628290170004,LOW,2014-06-23,2020-05-02
CIF00000899,PT Mitra Food,2017-04-25,,,Gang Cikutra Timur No. 266,Palembang,Sumatera Selatan,ID,70232,3428371919370,NIB,ORGANIZATION,pt.mitra314@outlook.com,+62899023803,LOW,2023-07-25,2024-10-26
CIF00000900,Jumari Mangunsong,2005-10-10,married,M,Gg. Dr. Djunjunan No. 632,Jakarta Selatan,DKI Jakarta,ID,86020,3171011010055999,KTP,PERSONAL,jumari.mangunsong343@gmail.com,+628121418985,LOW,2023-06-06,2026-06-27
CIF00000901,Purwadi Nababan,2007-10-23,single,M,Gang Pacuan Kuda No. 39,Denpasar,Bali,ID,84403,5171012310075599,KTP,PERSONAL,purwadi.nababan868@mail.com,+628260403186,MEDIUM,2025-09-15,2025-10-01
CIF00000902,Kasiyah Farida,1959-05-16,married,F,Jalan M.T Haryono No. 7,Bandung,Jawa Barat,ID,17288,3276015605593388,KTP,PERSONAL,kasiyah.farida630@outlook.com,+6281206435309,LOW,2019-01-25,2023-09-21
CIF00000903,Xin Yi Goh,1979-09-14,married,F,Blk 667 Pasir Ris Dr 6 #12-414,Singapore,Singapore,SG,437600,S7992727I,NRIC,PERSONAL,xin.yi971@outlook.com,+6594922828,LOW,2011-05-08,2012-04-22
CIF00000904,Calista Melani,1938-08-10,single,F,Jl. Sentot Alibasa No. 893,Palembang,Sumatera Selatan,ID,34674,1671015008381538,KTP,PERSONAL,calista.melani109@outlook.com,+62819272210,MEDIUM,2010-01-12,2025-12-11
CIF00000905,PT Nusantara Sentosa,2018-08-27,,,Jalan Laswi No. 900,Semarang,Jawa Tengah,ID,53971,7841541402891,NIB,ORGANIZATION,pt.nusantara417@yahoo.com,+628774817083,HIGH,2019-05-05,2026-06-05
CIF00000906,Bambang Maulana,1991-04-26,married,M,Gg. Soekarno Hatta No. 2,Yogyakarta,DI Yogyakarta,ID,20903,3471012604917224,KTP,PERSONAL,bambang.maulana780@gmail.com,+62874755058,LOW,2013-09-30,2022-06-05
CIF00000907,Anggabaya Waskita,1986-12-05,married,M,Jalan Jend. A. Yani No. 2,Jakarta Pusat,DKI Jakarta,ID,50489,3171010512862492,KTP,PERSONAL,anggabaya.waskita629@gmail.com,+6286403469329,LOW,2024-10-09,2026-08-01
CIF00000908,Ghani Tampubolon,1974-02-05,married,M,Jalan Raya Ujungberung No. 635,Surabaya,Jawa Timur,ID,35985,3578010502740892,KTP,PERSONAL,ghani.tampubolon319@gmail.com,+62852029079,LOW,2019-09-24,2021-02-17
CIF00000909,PT Mega Makmur,2000-11-23,,,Jl. Gardujati No. 86,Tangerang,Banten,ID,50594,7792245359187,NIB,ORGANIZATION,pt.mega648@gmail.com,+6288896460303,LOW,2021-11-18,2023-09-05
CIF00000910,Rina Mardhiyah,1958-08-15,single,F,Jalan Joyoboyo No. 9,Bekasi,Jawa Barat,ID,83589,3276015508580219,KTP,PERSONAL,rina.mardhiyah495@hotmail.com,+6285933183672,MEDIUM,2017-08-18,2018-02-19
CIF00000911,Jatmiko Kurniawan,1938-02-03,married,M,Jl. Veteran No. 8,Palembang,Sumatera Selatan,ID,73729,1671010302382968,KTP,PERSONAL,jatmiko.kurniawan839@gmail.com,+628850079687,LOW,2020-01-01,2020-06-26
CIF00000912,Wei Jie Teo,1864-08-11,married,M,Blk 538 Tampines Ave 5 #08-871,Singapore,Singapore,SG,648664,S8276528Z,NRIC,PERSONAL,wei.jie58@hotmail.com,+6585755936,LOW,2008-09-10,2021-02-07
CIF00000913,PT Karya Sentosa,2017-03-02,,,Gg. M.T Haryono No. 13,Bekasi,Jawa Barat,ID,63056,9028304151020,NIB,ORGANIZATION,pt.karya831@mail.com,+62859627393,LOW,2018-02-15,2024-12-13
CIF00000914,Purwadi Mahendra,1984-08-04,divorced,M,Jl. Jend. Sudirman No. 19,Balikpapan,Kalimantan Timur,ID,16966,6471010408843660,KTP,PERSONAL,purwadi.mahendra993@mail.com,+6283308499627,MEDIUM,2018-03-03,2022-12-20
CIF00000915,Farah Rahmawati,1968-01-18,single,F,Gang Jend. Sudirman No. 0,Palembang,Sumatera Selatan,ID,94638,1671015801687529,KTP,PERSONAL,farah.rahmawati575@hotmail.com,+628118837138,LOW,2022-05-23,2022-12-07
CIF00000916,Indra Mustofa,1981-04-29,married,M,Gg. K.H. Wahid Hasyim No. 388,Palembang,Sumatera Selatan,ID,60245,1671012904817610,KTP,PERSONAL,indra.mustofa866@outlook.com,+6288455669438,LOW,2025-11-02,2026-08-31
CIF00000917,Darman Siregar,1994-05-07,divorced,M,Jalan Rajawali Barat No. 692,Jakarta Pusat,DKI Jakarta,ID,69134,3173010705943620,KTP,PERSONAL,darman.siregar231@hotmail.com,+62867679661,LOW,2025-10-23,2026-08-15
CIF00000918,PT Global Asia,2010-10-07,,,Jalan Raya Setiabudhi No. 9,Depok,Jawa Barat,ID,72929,6284171208159,NIB,ORGANIZATION,pt.global222@outlook.com,+628854769874,LOW,2024-03-08,2026-01-23
CIF00000919,Aslijan Pranowo,1999-04-14,single,M,Jl. Ahmad Yani No. 9,Semarang,Jawa Tengah,ID,86575,3374011404990345,KTP,PERSONAL,aslijan.pranowo672@hotmail.com,+6284963527582,LOW,2019-09-18,2026-06-22
CIF00000920,Pia Puspita,1989-02-25,single,F,Jalan Pacuan Kuda No. 1,Medan,Sumatera Utara,ID,61565,1271016502891648,KTP,PERSONAL,pia.puspita151@mail.com,+628253586761,LOW,2011-04-26,2015-10-05
CIF00000921,Patricia Aryani,2028-05-09,married,F,Gang Rawamangun No. 4,Makassar,Sulawesi Selatan,ID,38768,7371014607068216,KTP,PERSONAL,patricia.aryani657@gmail.com,+628591331411,LOW,2025-11-22,2026-08-08
CIF00000922,Ade Rahayu,1951-04-12,single,F,Gang Bangka Raya No. 67,Depok,Jawa Barat,ID,82026,3275015204516208,KTP,PERSONAL,ade.rahayu93@yahoo.com,+62881842847,LOW,2026-01-18,2026-09-15
CIF00000923,Caket Sirait,1979-12-31,married,M,Gang KH Amin Jasuta No. 7,Medan,Sumatera Utara,ID,15407,1271013112798939,KTP,PERSONAL,caket.sirait350@mail.com,+628457623479,LOW,2010-05-06,2025-11-22
CIF00000924,Mala Prastuti,2004-03-27,married,F,Jalan Kebonjati No. 5,Bandung,Jawa Barat,ID,60728,3273016703047357,KTP,PERSONAL,mala.prastuti264@gmail.com,+6286172769970,HIGH,2024-02-12,2026-06-27
CIF00000925,Indah Lestari,2000-11-09,single,F,Jl. Kutai No. 392,Jakarta Selatan,DKI Jakarta,ID,99670,3173014911009185,KTP,PERSONAL,indah.lestari720@outlook.com,+628586100345,LOW,2024-01-03,2025-11-20
CIF00000926,"Lasmono Thamrin, S.T.",1979-05-14,single,M,Jl. Pasteur No. 539,Jakarta Barat,DKI Jakarta,ID,22081,31740114057950,KTP,PERSONAL,lasmono.thamrin378@mail.com,+628377622054,LOW,2021-04-29,2024-07-21
CIF00000927,Nabila Kuswandari,1959-04-04,married,F,Jl. Rungkut Industri No. 16,Semarang,Jawa Tengah,ID,10411,3374014404591242,KTP,PERSONAL,nabila.kuswandari490@hotmail.com,+6288736242535,MEDIUM,2013-11-22,2026-03-26
CIF00000928,Salimah Wulandari,1958-04-30,single,F,Gang Rajawali Timur No. 1,Palembang,Sumatera Selatan,ID,15627,1671017004585259,KTP,PERSONAL,salimah.wulandari237@outlook.com,+6284351910942,LOW,2026-05-12,2026-07-01
CIF00000929,CV Abadi Digital,2020-09-07,,,Gang Medokan Ayu No. 7,Depok,Jawa Barat,ID,78386,1202229094315,NIB,ORGANIZATION,cv.abadi669@gmail.com,+628820325518,LOW,2025-05-27,2026-01-27
CIF00000930,Chelsea Halimah,1985-05-19,single,F,Jl. Setiabudhi No. 016,Medan,Sumatera Utara,ID,14287,1271015905858762,KTP,PERSONAL,chelsea.halimah991@mail.com,+6283950053168,MEDIUM,2025-10-23,2025-11-04
CIF00000931,Prayogo Iswahyudi,1951-05-28,married,M,Gg. Pacuan Kuda No. 058,Yogyakarta,DI Yogyakarta,ID,20650,3471012805517472,KTP,PERSONAL,prayogo.iswahyudi908@outlook.com,+628750527252,LOW,2021-12-08,2022-11-02
CIF00000932,Samiah Rahmawati,1991-10-18,divorced,F,Gang M.H Thamrin No. 973,Balikpapan,Kalimantan Timur,ID,95054,6471015810916318,KTP,PERSONAL,samiah.rahmawati635@gmail.com,+628760786100,LOW,2023-08-23,2025-05-23
CIF00000933,PT Mandiri Prima,2017-06-19,,,Jalan Kapten Muslihat No. 98,Makassar,Sulawesi Selatan,ID,99681,3852441028215,NIB,ORGANIZATION,pt.mandiri958@hotmail.com,+628640778342,HIGH,2019-04-29,2025-11-27
CIF00000934,Jinawi Januar,2009-08-24,married,M,Jalan Pacuan Kuda No. 540,Tangerang,Banten,ID,82739,3671012408096645,KTP,PERSONAL,jinawi.januar715@hotmail.com,+628733710324,LOW,2026-08-24,2026-09-12
CIF00000935,Diah Yolanda,1940-11-01,single,F,Jl. Peta No. 7,Makassar,Sulawesi Selatan,ID,37721,7371014111406906,KTP,PERSONAL,diah.yolanda367@hotmail.com,+62876434416,LOW,2012-04-21,2026-08-05
CIF00000936,Paiman Setiawan,2003-02-03,married,M,Jl. Pasirkoja No. 536,Malang,Jawa Timur,ID,82157,3578010302039952,KTP,PERSONAL,paiman.setiawan31@outlook.com,+62895686624,HIGH,2025-06-14,2025-04-09
CIF00000937,Enteng Nashiruddin,1984-12-26,married,M,Jalan Jamika No. 974,Jakarta Barat,DKI Jakarta,ID,59396,3171012612840162,KTP,PERSONAL,enteng.nashiruddin562@outlook.com,+62854439348,LOW,2022-12-10,2022-05-31
CIF00000938,Mila Pudjiastuti,1958-09-04,single,F,Jalan W.R. Supratman No. 046,Depok,Jawa Barat,ID,14082,3273014409580861,KTP,corporate,mila.pudjiastuti379@outlook.com,+6281496082008,LOW,2020-01-15,2024-02-17
CIF00000939,Radit Wasita,1988-05-27,single,M,Gg. M.T Haryono No. 48,Semarang,Jawa Tengah,ID,25306,3374012705882377,KTP,PERSONAL,radit.wasita177@mail.com,+628446287937,MEDIUM,2024-02-20,2026-04-11
CIF00000940,"Darimin Pranowo, M.M.",1991-04-23,widowed,M,Jl. Gedebage Selatan No. 972,Surabaya,Jawa Timur,ID,98930,3573012304917055,KTP,PERSONAL,darimin.pranowo863@yahoo.com,+62885297567,LOW,2026-04-22,2026-08-23
CIF00000941,PT Cahaya Trading,2022-01-07,,,Gang Suniaraja No. 160,Jakarta Barat,DKI Jakarta,ID,79505,2051485052303,NIB,ORGANIZATION,pt.cahaya894@mail.com,+6289118532248,LOW,2026-05-11,2026-05-12
CIF00000942,Salsabila Suartini,1990-03-05,married,F,Gang Sukajadi No. 3,Balikpapan,Kalimantan Timur,ID,75964,6471014503907597,KTP,PERSONAL,salsabila.suartini18@mail.com,+62871831459,LOW,2010-09-30,2015-07-25
CIF00000943,Lim Pei Shan,2009-02-01,single,F,"No. 150, Lebuh Chulia",Petaling Jaya,Selangor,MY,89940,090201-10-4418,MYKAD,PERSONAL,lim.pei981@yahoo.com,+60191177417,LOW,2026-05-25,2026-06-19
CIF00000944,CV Nusantara Global,1993-05-04,,,Jalan Tebet Barat Dalam No. 6,Bogor,Jawa Barat,ID,44644,5690295971048,NIB,ORGANIZATION,cv.nusantara189@outlook.com,+6287657522859,LOW,2009-04-13,2019-04-21
CIF00000945,Hana Susanti,1996-07-18,married,F,Gg. Gardujati No. 344,Tangerang,Banten,ID,92250,3671015807966965,KTP,PERSONAL,hana.susanti763@mail.com,+62896686573,LOW,2015-02-05,2020-04-28
CIF00000946,Tantri Puspasari,1945-12-27,married,F,Gg. Jayawijaya No. 056,Balikpapan,Kalimantan Timur,ID,82645,6471016712453156,KTP,PERSONAL,tantri.puspasari583@hotmail.com,+628974013154,LOW,2018-03-08,2024-11-06
CIF00000947,Irnanto Uwais,1957-02-23,single,M,Jl. Dipenogoro No. 006,Tangerang,Banten,ID,68891,3671012302570186,KTP,PERSONAL,irnanto.uwais96@gmail.com,+628268852904,LOW,2018-04-22,2020-05-05
CIF00000948,Hardi Prasetya,2002-02-07,single,M,Gg. Ciwastra No. 35,Semarang,Jawa Tengah,ID,65670,3374010702026039,KTP,PERSONAL,hardi.prasetya662@hotmail.com,+6286173216286,LOW,2019-10-10,2020-04-12
CIF00000655,PT Nusantara Jaya,1984-07-27,,,Gg. Jakarta No. 52,Bandung,Jawa Barat,ID,14465,3687680470755,NIB,ORGANIZATION,pt.nusantara933@gmail.com,+62895523308,MEDIUM,2026-06-22,2026-07-10
CIF00000949,Praba Salahudin,1946-02-13,married,M,Gang Ahmad Yani No. 613,Jakarta Selatan,DKI Jakarta,ID,93751,3174011302464974,KTP,PERSONAL,praba.salahudin85@outlook.com,+6282759513774,LOW,2008-07-20,2023-09-04
CIF00000950,Betania Purwanti,2001-10-17,married,F,Jalan W.R. Supratman No. 49,Bogor,Jawa Barat,ID,36433,3275015710019998,KTP,PERSONAL,betania.purwanti611@gmail.com,+6289834315807,LOW,2023-11-02,2024-04-07
CIF00000951,Nusantara Digital Pte. Ltd.,2018-09-18,,,Blk 782 Ang Mo Kio Ave 3 #05-947,Singapore,Singapore,SG,772915,201854588Z,UEN,ORGANIZATION,nusantara.digital535@mail.com,+6595296813,LOW,2019-02-24,2024-12-27
CIF00000952,CV Mandiri Karya,2008-08-30,,,Gang Cihampelas No. 758,Surabaya,Jawa Timur,ID,13486,8847699835905,NIB,ORGANIZATION,cv.mandiri564@mail.com,892273458,MEDIUM,2011-06-25,2018-09-14
CIF00000953,CV Harapan Trading,2003-09-11,,,Jl. H.J Maemunah No. 3,Depok,Jawa Barat,ID,62756,1119958992867,NIB,ORGANIZATION,cv.harapan106@mail.com,+62843638709,LOW,2024-08-01,2025-10-16
CIF00000954,Ryan Lee,1993-02-01,single,M,Blk 106 Pasir Ris Dr 6 #24-877,Singapore,Singapore,SG,127567,S9361214J,NRIC,PERSONAL,ryan.lee664@hotmail.com,+6581330712,LOW,2025-09-11,2026-07-05
CIF00000955,Jais Kusumo,1946-03-01,married,M,Jl. M.T Haryono No. 2,Yogyakarta,DI Yogyakarta,ID,81269,3471010103465006,KTP,PERSONAL,jais.kusumo678@yahoo.com,+62817924641,LOW,2010-09-17,2024-03-24
CIF00000956,Ooi Kah Meng,1938-12-10,widowed,M,"No. 47, Jalan Klang Lama",Kuala Lumpur,Wilayah Persekutuan Kuala Lumpur,MY,40800,381210-14-9139,MYKAD,PERSONAL,ooi.kah711@outlook.com,+601948820332,LOW,2011-09-05,2023-02-02
CIF00000091,Ika Hasanah,1972-10-25,single,F,Jalan Dipenogoro No. 1,Denpasar,Bali,ID,99870,5171016510720135,KTP,PERSONAL,ika.hasanah342@yahoo.com,+62872333435,LOW,2025-04-24,2026-07-10
CIF00000957,Chong Jun Kit,1969-10-15,married,M,"No. 11, Persiaran Kayangan",George Town,Pulau Pinang,MY,18509,691015-07-8459,MYKAD,PERSONAL,chong.jun731@yahoo.com,+601278237208,LOW,2015-04-12,2017-01-30
CIF00000958,Ida Laksita,1950-01-01,married,F,Jalan Moch. Ramdan No. 359,Medan,Sumatera Utara,ID,86175,1271014101504099,KTP,PERSONAL,ida.laksita64@hotmail.com,+628210183696,LOW,2008-06-03,2009-06-27
CIF00000959,Azalea Haryanti,1966-05-20,married,F,Jl. Ronggowarsito No. 4,Surabaya,Jawa Timur,ID,72070,3573016005663148,KTP,PERSONAL,azalea.haryanti887@mail.com,+628540029425,HIGH,2010-04-05,2026-05-13
CIF00000960,"Bahuwirya Irawan, S.T.",1981-05-01,married,M,Jalan Ahmad Yani No. 533,Jakarta Pusat,DKI Jakarta,ID,51230,3173010105816574,KTP,PERSONAL,bahuwirya.irawan345@yahoo.com,+628926264981,MEDIUM,2010-12-17,2011-03-23
CIF00000961,PT Prima Prima,2020-06-20,,,Gang Ahmad Dahlan No. 596,Bekasi,Jawa Barat,ID,49000,6987587392612,NIB,ORGANIZATION,pt.prima600@yahoo.com,+62868543629,LOW,2025-11-11,2026-03-17
CIF00000962,Radika Sinaga,1976-09-29,single,M,Gg. Merdeka No. 1,Depok,Jawa Barat,ID,41162,3271012909766339,KTP,PERSONAL,radika.sinaga451@hotmail.com,+62836178102,LOW,2020-04-02,2022-03-29
CIF00000963,PT Cahaya Karya,2013-09-21,,,Jalan Stasiun Wonokromo No. 7,Denpasar,Bali,ID,62707,4393868585573,NIB,ORGANIZATION,pt.cahaya997@mail.com,+62829548986,HIGH,2019-02-19,2026-06-16
CIF00000964,Ulva Yulianti,1936-12-01,married,F,Gang Sukajadi No. 7,Palembang,Sumatera Selatan,ID,24701,1671014112365215,KTP,PERSONAL,ulva.yulianti741@gmail.com,+6281848781121,HIGH,2017-10-29,2026-07-10
CIF00000965,Novi Hastuti,1985-03-09,single,F,Gg. Gedebage Selatan No. 1,Palembang,Sumatera Selatan,ID,63150,1671014903856361,KTP,PERSONAL,novi.hastuti162@mail.com,+628296282931,MEDIUM,2017-03-20,2018-12-01
CIF00000966,Amirul bin Hassan,2002-03-27,married,M,"No. 98, Jalan Bukit Bintang",Petaling Jaya,Selangor,MY,28622,020327-10-7445,MYKAD,PERSONAL,amirul.bin312@outlook.com,+601333059427,HIGH,2019-10-18,2026-03-25
CIF00000967,Tari Yulianti,1959-07-12,single,F,Gg. Ciwastra No. 250,Palembang,Sumatera Selatan,ID,23131,1671015207597602,KTP,PERSONAL,tari.yulianti966@mail.com,+6284876958341,LOW,2024-02-17,2025-08-20
CIF00001002,Dr. Cakrajiya Nugroho,1976-11-07,single,M,Jalan Kendalsari No. 5,Bekasi City,Jawa Barat,ID,63568,3275010711765956,KTP,PERSONAL,cakrajiya.nugroho457@outlook.com,+628841075353,MEDIUM,2025-05-16,2025-05-16
CIF00000968,Harja Haryanto,1966-09-23,single,M,Gg. Soekarno Hatta No. 63,Makassar,Sulawesi Selatan,ID,17719,7371012309667876,KTP,PERSONAL,harja.haryanto66@gmail.com,+62864147852,LOW,2026-04-06,2026-09-09
CIF00000969,Najam Siregar,1958-07-25,single,M,Jl. Monginsidi No. 472,Surabaya,Jawa Timur,ID,44288,3573012507587529,KTP,PERSONAL,najam.siregar722@outlook.com,+628586011481,LOW,2008-05-14,2026-09-01
CIF00000970,Mahmud Suwarno,1952-12-19,married,M,Gg. Dr. Djunjunan No. 945,Bekasi,Jawa Barat,ID,55218,3275011912523020,KTP,PERSONAL,mahmud.suwarno679@mail.com,+6283232827416,LOW,2020-11-23,2023-06-05
CIF00000971,"Marwata Prakasa, S.H.",1989-11-14,married,M,Gang Jayawijaya No. 5,Jakarta Barat,DKI Jakarta,ID,31792,3174011411897100,KTP,PERSONAL,marwata.prakasa339@yahoo.com,+62896664677,LOW,2025-09-25,2026-07-08
CIF00000972,"Rusman Kurniawan, S.H.",1970-02-10,married,M,Jl. Wonoayu No. 4,Depok,Jawa Barat,ID,22445,3275011002706824,KTP,PERSONAL,rusman.kurniawan533@mail.com,+62855066686,LOW,2022-10-12,2023-09-04
CIF00000973,Eva Usada,1957-05-02,married,F,Jl. Tubagus Ismail No. 33,Jakarta Barat,DKI Jakarta,ID,32972,3171014205573690,KTP,PERSONAL,eva.usada710@gmail.com,+62869210294,LOW,2019-03-28,2025-02-22
CIF00000974,Estiono Gunawan,1952-08-25,married,M,Jl. Medokan Ayu No. 18,Surabaya,Jawa Timur,ID,57914,3573012508523116,KTP,PERSONAL,estiono.gunawan892@mail.com,+628341399037,LOW,2022-06-28,2025-02-03
CIF00000975,"Jail Suwarno, M.Pd",1967-11-17,single,M,Jl. KH Amin Jasuta No. 530,Denpasar,Bali,ID,72742,5171011711675551,KTP,PERSONAL,jail.suwarno225@yahoo.com,+62878092629,HIGH,2019-07-17,2026-06-09
CIF00000976,PT Makmur Global,2016-11-30,,,Gg. Ciumbuleuit No. 168,Palembang,Sumatera Selatan,ID,29467,7426368244496,NIB,ORGANIZATION,pt.makmur892@yahoo.com,+628151636182,LOW,2021-02-20,2025-06-10
CIF00000977,PT Makmur Industri,2004-09-15,,,Gang Ahmad Yani No. 64,Makassar,Sulawesi Selatan,ID,60674,6057864817362,NIB,ORGANIZATION,pt.makmur234@outlook.com,+628826829072,MEDIUM,2010-03-31,2020-01-08
CIF00000978,Unggul Budiyanto,1965-12-03,single,M,Gang Jayawijaya No. 2,Medan,Sumatera Utara,ID,25692,1271010312658593,KTP,PERSONAL,unggul.budiyanto868@mail.com,+628260579441,MEDIUM,2009-04-09,2020-04-02
CIF00000979,Kartika Nasyiah,1964-07-21,single,F,Gg. Jayawijaya No. 047,Semarang,Jawa Tengah,ID,80130,3374016108644229,KTP,PERSONAL,kartika.nasyiah523@outlook.com,+62894261973,HIGH,2017-04-20,2026-07-27
CIF00000980,Galih Haryanto,1950-03-08,married,M,Gang Cikutra Timur No. 535,Surabaya,Jawa Timur,ID,37053,3573010803509247,KTP,PERSONAL,galih.haryanto130@outlook.com,+62852114203,MEDIUM,2015-05-06,2019-04-27
CIF00000981,Ibrahim Samosir,1955-11-16,married,M,Jalan Wonoayu No. 357,Jakarta Pusat,DKI Jakarta,ID,91584,3171011611554636,KTP,PERSONAL,ibrahim.samosir718@yahoo.com,+628146495396,HIGH,2024-12-30,2026-08-01
CIF00000982,Sari Laksmiwati,1989-06-17,married,F,Jl. Pasirkoja No. 5,Palembang,Sumatera Selatan,ID,30135,1671015706893540,KTP,PERSONAL,sari.laksmiwati311@outlook.com,+628536939667,LOW,2024-09-09,2026-04-03
CIF00000983,Hairyanto Simanjuntak,1966-01-29,single,M,Gang Surapati No. 320,Jakarta Pusat,DKI Jakarta,ID,40103,3171012901662646,KTP,PERSONAL,hairyanto.simanjuntak88@outlook.com,+628691276512,LOW,2021-05-08,2022-08-18
CIF00000984,Karen Hariyah,1980-05-21,widowed,F,Gang Indragiri No. 44,Surabaya,Jawa Timur,ID,59691,3578016105804979,KTP,PERSONAL,karen.hariyah443@yahoo.com,+62819228976,LOW,2023-11-01,2023-11-26
CIF00000261,Keisha Puspita,1951-03-12,single,F,Gg. Pacuan Kuda No. 606,Depok,Jawa Barat,ID,72941,3275015203510463,KTP,PERSONAL,keisha.puspita936@mail.com,+6287146177616,MEDIUM,2023-01-17,2024-11-08
CIF00000985,Jayadi Budiyanto,1984-07-19,married,M,Jl. Moch. Toha No. 310,Jakarta Barat,DKI Jakarta,ID,41772,3173011907846257,KTP,PERSONAL,jayadi.budiyanto167@mail.com,+6286362613157,HIGH,2008-09-07,2026-04-05
CIF00000986,Gilda Yolanda,1984-05-29,married,F,Gg. Kapten Muslihat No. 3,Balikpapan,Kalimantan Timur,ID,23742,6471016905844400,KTP,PERSONAL,gilda.yolanda779@outlook.com,+62815863637,MEDIUM,2011-03-16,2010-05-31
CIF00000987,Cindy Widiastuti,1982-06-29,married,F,Gang Setiabudhi No. 7,Jakarta Barat,DKI Jakarta,ID,34389,3173016906828334,KTP,PERSONAL,cindy.widiastuti868@gmail.com,+6287175078394,LOW,2019-11-11,2023-07-30
CIF00000988,Mahesa Nashiruddin,1986-04-03,married,M,Jl. Ir. H. Djuanda No. 9,Makassar,Sulawesi Selatan,ID,19794,7371010304860415,KTP,PERSONAL,mahesa.nashiruddin401@yahoo.com,+6284425938732,LOW,2019-09-10,2020-01-04
CIF00000989,Sari Laksita,1952-12-03,single,F,Gg. Dipatiukur No. 0,Makassar,Sulawesi Selatan,ID,41828,7371014312522192,KTP,PERSONAL,sari.laksita768@outlook.com,+6285477979743,LOW,2024-10-25,2025-08-31
CIF00000990,Latika Handayani,1980-11-06,single,F,Gang HOS. Cokroaminoto No. 5,Balikpapan,Kalimantan Timur,ID,83146,6471014611804696,KTP,PERSONAL,latika.handayani102@outlook.com,+628867962736,LOW,2012-03-18,2014-10-10
CIF00000991,Asman Pradipta,1964-02-29,married,M,Jl. BKR No. 03,Depok,Jawa Barat,ID,76983,3276012902646649,KTP,PERSONAL,asman.pradipta356@yahoo.com,+6287379836557,LOW,2025-04-19,2025-10-31
CIF00000992,Bakda Nashiruddin,2007-05-24,married,M,Gang HOS. Cokroaminoto No. 06,Surabaya,Jawa Timur,ID,40597,3578012405078027,KTP,PERSONAL,bakda.nashiruddin484@yahoo.com,+62826954236,MEDIUM,2024-12-28,2026-08-16
CIF00000993,Laswi Halim,1947-06-26,married,M,Gg. Jend. Sudirman No. 482,Palembang,Sumatera Selatan,ID,31902,1671012606472782,KTP,PERSONAL,laswi.halim766@mail.com,+6284407283281,LOW,2008-03-19,2016-06-22
CIF00000994,Atmaja Nainggolan,1961-02-01,single,M,Jl. Kebonjati No. 846,Bandung,Jawa Barat,ID,51353,,KTP,PERSONAL,atmaja.nainggolan929@mail.com,+6288539714934,LOW,2013-07-08,2021-10-10
CIF00000995,Bancar Suryono,1981-10-28,single,M,Jalan Indragiri No. 271,Denpasar,Bali,ID,17556,5171012810815427,KTP,PERSONAL,bancar.suryono408@hotmail.com,+6282878447390,MEDIUM,2008-12-18,2023-10-02
CIF00000996,Lintang Widiastuti,1978-12-24,married,F,Gang Suryakencana No. 645,Jakarta Barat,DKI Jakarta,ID,69259,31710O6412782006,KTP,PERSONAL,lintang.widiastuti98@hotmail.com,+6287557978042,LOW,2022-12-21,2026-06-13
CIF00000997,PT Sejahtera Konstruksi,2019-11-17,,,Jl. Cikapayang No. 82,Balikpapan,Kalimantan Timur,ID,57188,1117475984461,NIB,ORGANIZATION,pt.sejahtera667@gmail.com,+628478103827,MEDIUM,2023-07-03,2023-08-30
CIF00000998,Setya Prayoga,1960-07-20,married,M,Jl. Lembong No. 91,Surabaya,Jawa Timur,ID,90184,3578012007601330,KTP,PERSONAL,setya.prayoga262@mail.com,+6283555673677,MEDIUM,2014-06-11,2016-02-13
CIF00000999,"Dagel Halim, S.Kom",1993-03-15,married,M,Gang M.T Haryono No. 13,Jakarta Barat,DKI Jakarta,ID,12314,3173011503937038,KTP,PERSONAL,dagel.halim4@mail.com,+6285855881585,MEDIUM,2019-06-27,2020-10-09
CIF00001000,Sabar Tamba,1990-07-11,single,M,Jl. Cihampelas No. 86,Bekasi,Jawa Barat,ID,22785,3271011107900347,KTP,PERSONAL,sabar.tamba92@hotmail.com,+6286335540637,LOW,2015-12-09,2023-10-06
